req_id,compute_sat_id,t_first_arrival_ns,t_last_arrival_ns,D_gather_ns,total_pkts_expected,total_pkts_received,src_node_id,L_in,L_out_expected,t_emit_ns
0,0,227081955,227451554,369599,2,2,101,441,0,11957295
0,0,260793280,269809273,9015993,2,2,106,2000,0,24770408
0,0,264278077,273092470,8814393,2,2,102,2000,0,21880772
1,0,274282869,279814065,5531196,2,2,102,2000,0,25850311
0,0,278974351,281647969,2673618,2,2,103,1134,0,135636531
1,0,288651623,290533221,1881598,2,2,106,900,0,52630826
2,0,294989786,295074586,84800,2,2,106,352,0,58969455
0,0,331867582,337398778,5531196,2,2,109,2000,0,125782444
3,0,364415197,365519196,1103999,2,2,106,657,0,128400012
2,0,366712794,372243990,5531196,2,2,102,2000,0,124045270
3,0,405636283,407165882,1529599,2,2,102,790,0,163811757
1,0,409867594,414630790,4763196,2,2,109,1760,0,203375077
2,0,419872270,424817865,4945595,2,2,109,1817,0,213008709
3,0,436780150,440940147,4159997,2,2,109,895,0,230619672
0,0,435632951,443135346,7502395,2,2,100,1688,0,219023575
1,0,453278407,453278407,0,2,2,103,312,0,310291332
4,0,455081065,455940264,859199,2,2,106,594,0,215154243
2,0,470354222,472610235,2256013,2,2,103,1017,0,327022054
5,0,474626330,480157526,5531196,2,2,106,2000,0,238619342
3,0,477798507,480488126,2689619,2,2,103,1139,0,334466559
4,0,493589408,493589408,0,2,2,103,161,0,352536392
4,0,505576381,507707581,2131200,2,2,109,978,0,298460723
1,0,522363795,527472590,5108795,2,2,101,1868,0,307274852
4,0,536121703,541652899,5531196,2,2,102,2000,0,283532123
5,0,589890872,592580470,2689598,2,2,102,1139,0,348079517
2,0,606249643,608939241,2689598,2,2,101,1139,0,391170823
0,0,625541756,631119351,5577595,2,2,107,2000,0,411513366
5,0,628827985,632952812,4124827,2,2,103,1574,0,485500498
6,0,644030098,649561294,5531196,2,2,102,2000,0,395843947
7,0,656601123,656601123,0,2,2,102,124,0,419610816
3,0,673152181,678729776,5577595,2,2,101,2000,0,447509019
8,0,705522531,711096927,5574396,2,2,102,2000,0,453024395
4,0,713899861,719431057,5531196,2,2,101,2000,0,498834013
6,0,754802673,754802673,0,2,2,106,283,0,520070905
6,0,761033012,766564248,5531236,2,2,103,2000,0,617709435
9,0,762284982,767859378,5574396,2,2,102,2000,0,520485945
5,0,770144683,772010282,1865599,2,2,109,895,0,563138746
6,0,778937589,778937589,0,2,2,109,251,0,574831478
7,0,783379660,788910896,5531236,2,2,103,2000,0,640056740
1,0,794675022,800206218,5531196,2,2,100,2000,0,579821153
7,0,814139057,817151855,3012798,2,2,109,895,0,606446103
7,0,809550261,818094255,8543994,2,2,106,2000,0,567791551
8,0,822696755,828227951,5531196,2,2,106,2000,0,586715567
8,0,842097598,847628794,5531196,2,2,109,2000,0,636021378
8,0,886025353,889396568,3371215,2,2,103,1352,0,733071965
9,0,932020289,932020289,0,2,2,103,339,0,788701757
10,0,935155210,937020818,1865608,2,2,103,895,0,791836768
11,0,957012409,961666845,4654436,2,2,103,1726,0,813694615
1,0,980065385,982873383,2807998,2,2,107,1176,0,766072207
12,0,986509070,988777877,2268807,2,2,103,1021,0,838555261
5,0,1010411439,1015942635,5531196,2,2,101,2000,0,795381423
2,0,1025093851,1030625047,5531196,2,2,107,2000,0,811105137
9,0,1037115462,1042693057,5577595,2,2,106,2000,0,801150099
9,0,1053070522,1053070522,0,2,2,109,260,0,848767549
2,0,1070278039,1072967637,2689598,2,2,100,1139,0,856159492
10,0,1076066649,1079994645,3927996,2,2,106,1154,0,840104168
3,0,1079551446,1080988245,1436799,2,2,100,636,0,864502188
11,0,1091048523,1091856523,808000,2,2,106,578,0,855087152
10,0,1094947946,1095007146,59200,2,2,109,344,0,888876080
13,0,1097138182,1097923782,785600,2,2,103,571,0,953824515
11,0,1133062317,1135899114,2836797,2,2,109,1185,0,926991115
12,0,1150423080,1153461477,3038397,2,2,106,1248,0,914466094
12,0,1177124919,1180150516,3025597,2,2,109,1244,0,970827563
13,0,1193119798,1197116595,3996797,2,2,109,1534,0,981775751
14,0,1198306994,1203838190,5531196,2,2,109,2000,0,987624891
15,0,1254545617,1260028812,5483195,2,2,109,1985,0,1048476513
4,0,1273256942,1273256942,0,2,2,100,283,0,1060238455
14,0,1346160574,1346354173,193599,2,2,103,386,0,1202854243
16,0,1370006237,1371147036,1140799,2,2,109,682,0,1163939078
17,0,1383970252,1385346251,1375999,2,2,109,742,0,1177903330
10,0,1386493450,1392024646,5531196,2,2,102,2000,0,1144237637
15,0,1437784199,1443315434,5531235,2,2,103,2000,0,1294480564
3,0,1453487910,1458638305,5150395,2,2,107,1881,0,1239541653
11,0,1466739147,1472270343,5531196,2,2,102,2000,0,1224990412
5,0,1501486757,1503949155,2462398,2,2,100,1068,0,1287420753
13,0,1513472644,1519003840,5531196,2,2,106,2000,0,1277542428
6,0,1542779169,1548310365,5531196,2,2,100,2000,0,1328718209
4,0,1553152470,1553152470,0,2,2,107,125,0,1343325247
18,0,1579759276,1585290480,5531204,2,2,109,2000,0,1373695689
12,0,1599891057,1602628654,2737597,2,2,102,1154,0,1358151806
14,0,1618905858,1623784253,4878395,2,2,106,1796,0,1381932836
13,0,1636095707,1638175706,2079999,2,2,102,962,0,1391767951
15,0,1653331946,1656021544,2689598,2,2,106,1139,0,1417412024
16,0,1662816611,1662816611,0,2,2,103,250,0,1520658835
7,0,1664000526,1667272523,3271997,2,2,100,1321,0,1445035065
8,0,1701081928,1705657925,4575997,2,2,100,1715,0,1487040245
17,0,1726815197,1728664804,1849607,2,2,103,890,0,1583520062
9,0,1729079806,1729079806,0,2,2,100,166,0,1518363489
6,0,1739443765,1742181362,2737597,2,2,101,1154,0,1524501690
5,0,1749728853,1755260049,5531196,2,2,107,2000,0,1535811933
16,0,1762570776,1768101972,5531196,2,2,106,2000,0,1520484221
18,0,1787948268,1788013868,65600,2,2,103,346,0,1644654939
19,0,1854670727,1854670727,0,2,2,109,148,0,1652890186
19,0,1886233887,1888821108,2587221,2,2,103,1107,0,1742943424
6,0,1914100594,1918607790,4507196,2,2,107,1679,0,1700199933
20,0,1932580577,1933969376,1388799,2,2,109,746,0,1726522926
20,0,2025491825,2025491825,0,2,2,103,250,0,1883344685
10,0,2032694421,2038225617,5531196,2,2,100,2000,0,1818693097
7,0,2049973673,2050141673,168000,2,2,107,378,0,1836086445
7,0,2060775799,2066306995,5531196,2,2,101,2000,0,1845187820
8,0,2070130848,2072079646,1948798,2,2,101,921,0,1855228644
14,0,2098670909,2101099706,2428797,2,2,102,1043,0,1856967211
21,0,2115233443,2117403049,2169606,2,2,103,990,0,1971949699
17,0,2117114351,2122645547,5531196,2,2,106,2000,0,1881228470
15,0,2158494792,2164072387,5577595,2,2,102,2000,0,1916795347
16,0,2178821719,2180127318,1305599,2,2,102,720,0,1937123713
17,0,2238239941,2242185537,3945596,2,2,102,1518,0,1996546146
22,0,2237099364,2242630601,5531237,2,2,103,2000,0,2093819211
23,0,2243821017,2245769825,1948808,2,2,103,921,0,2099616929
11,0,2243580585,2248908581,5327996,2,2,100,1578,0,2024224619
18,0,2248212581,2254439777,6227196,2,2,102,2000,0,2005675825
12,0,2268136824,2268136824,0,2,2,100,263,0,2053461929
19,0,2264895227,2271373622,6478395,2,2,102,2000,0,2021717079
24,0,2288168635,2289634241,1465606,2,2,103,770,0,2144889972
25,0,2290824654,2291018253,193599,2,2,103,386,0,2147118011
9,0,2302682333,2308986328,6303995,2,2,101,1193,0,2087808117
21,0,2304976731,2317959121,12982390,2,2,109,2000,0,2097854103
13,0,2306123930,2318901521,12777591,2,2,100,2000,0,2085744471
26,0,2317256426,2322198862,4942436,2,2,103,1816,0,2173978607
22,0,2362684785,2365374391,2689606,2,2,109,1139,0,2156634258
27,0,2391762631,2397293864,5531233,2,2,103,2000,0,2248487009
8,0,2428884529,2429711729,827200,2,2,107,584,0,2215034727
28,0,2433719113,2438450346,4731233,2,2,103,1750,0,2290444721
9,0,2479051144,2482647942,3596798,2,2,107,1409,0,2265206286
29,0,2482301950,2483946757,1644807,2,2,103,826,0,2339028983
10,0,2517204543,2517204543,0,2,2,107,260,0,2304880370
20,0,2545738448,2545820048,81600,2,2,102,351,0,2304066531
18,0,2553164424,2554630022,1465598,2,2,106,770,0,2317310451
30,0,2561136020,2561739220,603200,2,2,103,514,0,2417865359
31,0,2570724269,2576255503,5531234,2,2,103,2000,0,2427453888
23,0,2598289104,2599482702,1193598,2,2,109,685,0,2392242428
10,0,2600629901,2606161097,5531196,2,2,101,2000,0,2385129997
19,0,2623426167,2626202164,2775997,2,2,106,1166,0,2387577333
11,0,2632813865,2638345061,5531196,2,2,107,2000,0,2418984177
11,0,2671088367,2671088367,0,2,2,101,138,0,2460118158
20,0,2687157321,2692512516,5355195,2,2,106,1945,0,2451313134
14,0,2704799940,2707535937,2735997,2,2,100,1139,0,2490880369
21,0,2734646568,2734646568,0,2,2,102,220,0,2495653827
22,0,2742392634,2742442234,49600,2,2,102,341,0,2500392538
15,0,2737714239,2744531833,6817594,2,2,100,2000,0,2523798671
32,0,2744587117,2744726317,139200,2,2,103,369,0,2601321811
21,0,2754430444,2759961640,5531196,2,2,106,2000,0,2518591173
22,0,2812137118,2812137118,0,2,2,106,297,0,2577242909
23,0,2824620093,2824620093,0,2,2,102,145,0,2587313815
24,0,2837273825,2848584216,11310391,2,2,102,2000,0,2595622614
16,0,2838421024,2849526616,11105592,2,2,100,2000,0,2622489668
33,0,2862636984,2862830583,193599,2,2,103,386,0,2719369000
25,0,2870821151,2879880345,9059194,2,2,102,2000,0,2623687535
26,0,2881859543,2881859543,0,2,2,102,227,0,2625452875
12,0,2882952343,2882952343,0,2,2,101,322,0,2668365146
23,0,2873158749,2885041942,11883193,2,2,106,2000,0,2637175837
34,0,2953966928,2953966928,0,2,2,103,248,0,2811872593
24,0,2966320672,2968186271,1865599,2,2,109,895,0,2760279962
24,0,3039523247,3039523247,0,2,2,106,98,0,2804046974
25,0,3041267221,3044286419,3019198,2,2,109,1242,0,2835227709
35,0,3070439885,3072004699,1564814,2,2,103,801,0,2927184113
12,0,3091255528,3096786724,5531196,2,2,107,2000,0,2877470997
36,0,3118931802,3118931802,0,2,2,103,112,0,2978583152
25,0,3167746874,3167746874,0,2,2,106,283,0,2931816365
17,0,3165631675,3169314872,3683197,2,2,100,1147,0,2951768085
37,0,3228770941,3233604575,4833634,2,2,103,1782,0,3085519790
27,0,3234209160,3235953158,1743998,2,2,102,857,0,2992586109
18,0,3258512696,3258512696,0,2,2,100,226,0,3046830233
28,0,3267069105,3268285103,1215998,2,2,102,347,0,3025403956
19,0,3264731507,3271521901,6790394,2,2,100,2000,0,3050879955
26,0,3304523920,3309026316,4502396,2,2,106,1692,0,3068724703
13,0,3314123208,3316736005,2612797,2,2,107,770,0,3094847765
13,0,3315270407,3322356800,7086393,2,2,101,2000,0,3098949598
20,0,3323503999,3328667194,5163195,2,2,100,1885,0,3107487999
29,0,3375325853,3380268248,4942395,2,2,102,1816,0,3133712827
27,0,3395815773,3397217372,1401599,2,2,106,750,0,3158310402
14,0,3416323544,3420022740,3699196,2,2,107,1096,0,3199565856
26,0,3419765141,3422307538,2542397,2,2,109,1026,0,3212723658
27,0,3441286852,3441986051,699199,2,2,109,544,0,3235253728
28,0,3443176450,3443370049,193599,2,2,109,386,0,3236120650
29,0,3452594071,3454504470,1910399,2,2,109,909,0,3246561136
28,0,3468885403,3469962202,1076799,2,2,106,662,0,3227455915
38,0,3468240867,3473772103,5531236,2,2,103,2000,0,3324996687
30,0,3476307644,3476307644,0,2,2,102,153,0,3233429703
39,0,3474962520,3480493759,5531239,2,2,103,2000,0,3330421047
30,0,3490366418,3494203215,3836797,2,2,109,1139,0,3284334080
15,0,3492660816,3497544013,4883197,2,2,107,984,0,3278435568
31,0,3496540813,3503075209,6534396,2,2,109,2000,0,3285742390
21,0,3506061339,3506456539,395200,2,2,100,449,0,3292239088
22,0,3510593094,3516124290,5531196,2,2,100,2000,0,3296771382
40,0,3597452909,3599744122,2291213,2,2,103,1028,0,3454212504
29,0,3629813509,3635344705,5531196,2,2,106,2000,0,3389048181
41,0,3674865434,3680396668,5531234,2,2,103,2000,0,3531627298
16,0,3689186726,3692975521,3788795,2,2,107,1440,0,3475460989
42,0,3697177214,3699414022,2236808,2,2,103,1011,0,3553939703
31,0,3720625983,3720950782,324799,2,2,102,427,0,3479037422
30,0,3742971256,3745766454,2795198,2,2,106,1172,0,3507203826
17,0,3755428737,3757719936,2291199,2,2,107,1028,0,3541709506
32,0,3780662188,3783492586,2830398,2,2,102,1183,0,3539077865
14,0,3822331391,3822331391,0,2,2,101,193,0,3610443528
32,0,3829167277,3830460076,1292799,2,2,109,716,0,3622762531
43,0,3834400966,3836949787,2548821,2,2,103,1095,0,3691167461
18,0,3837749560,3843370355,5620795,2,2,107,2000,0,3623335016
33,0,3844079154,3844079154,0,2,2,109,202,0,3640579552
33,0,3854060678,3855257477,1196799,2,2,102,686,0,3607632440
44,0,3864016344,3864016344,0,2,2,103,248,0,3721948525
45,0,3908526179,3910994994,2468815,2,2,103,1070,0,3765294819
15,0,3967746448,3970708045,2961597,2,2,101,1224,0,3750255673
16,0,3983123373,3988654569,5531196,2,2,101,2000,0,3767918090
46,0,4008048507,4011096521,3048014,2,2,103,1251,0,3859467884
47,0,4060203008,4060396607,193599,2,2,103,386,0,3916976055
23,0,4056977486,4063791879,6814393,2,2,100,2000,0,3843222072
34,0,4062849479,4066481477,3631998,2,2,102,1139,0,3820004211
24,0,4069221429,4069331830,110401,2,2,100,360,0,3855467493
25,0,4079940986,4082883384,2942398,2,2,100,1218,0,3866188360
35,0,4169300500,4174831696,5531196,2,2,102,2000,0,3927743688
31,0,4187936106,4188657705,721599,2,2,106,551,0,3952200838
34,0,4197498236,4197498236,0,2,2,109,310,0,3991488155
48,0,4197787582,4203318816,5531234,2,2,103,2000,0,4054564633
36,0,4221787686,4224410084,2622398,2,2,102,1118,0,3975485831
26,0,4232694243,4232694243,0,2,2,100,151,0,4022570123
32,0,4242705171,4248236367,5531196,2,2,106,2000,0,4006157614
49,0,4269278058,4269278058,0,2,2,103,298,0,4126582017
27,0,4271476132,4274396130,2919998,2,2,100,1211,0,4057746708
50,0,4274522026,4274522026,0,2,2,103,312,0,4131646931
51,0,4285208287,4287897907,2689620,2,2,103,1139,0,4141987866
35,0,4299244576,4302078173,2833597,2,2,109,1184,0,4093201967
19,0,4303926039,4305401238,1475199,2,2,107,773,0,4090260613
20,0,4349953391,4349953391,0,2,2,107,115,0,4140593645
28,0,4403145204,4403145204,0,2,2,100,179,0,4192504074
36,0,4419500863,4425032063,5531200,2,2,109,2000,0,4213482982
17,0,4434460503,4435762902,1302399,2,2,101,719,0,4219842625
29,0,4447647678,4447647678,0,2,2,100,99,0,4238548117
18,0,4450777635,4456308831,5531196,2,2,101,2000,0,4235826897
21,0,4498935757,4501625355,2689598,2,2,107,1139,0,4285289429
33,0,4528965716,4530042515,1076799,2,2,106,662,0,4293255034
37,0,4543158432,4543662431,503999,2,2,109,483,0,4336602209
52,0,4543790758,4543984357,193599,2,2,103,386,0,4400577865
19,0,4546730912,4549535710,2804798,2,2,101,1175,0,4332126517
38,0,4565045067,4570622662,5577595,2,2,109,2000,0,4356905686
37,0,4612288060,4617819256,5531196,2,2,102,2000,0,4370762552
22,0,4646346579,4646469779,123200,2,2,107,364,0,4426934770
53,0,4649179021,4649179021,0,2,2,103,71,0,4509399668
23,0,4679309114,4684840310,5531196,2,2,107,2000,0,4465680443
38,0,4693723298,4696707295,2983997,2,2,102,1231,0,4448077536
24,0,4712016411,4713606809,1590398,2,2,107,809,0,4497857261
25,0,4716173053,4716173053,0,2,2,107,142,0,4506330708
34,0,4785449835,4787117033,1667198,2,2,106,833,0,4545468655
35,0,4817786184,4820475782,2689598,2,2,106,1139,0,4582096288
54,0,4837243025,4838455833,1212808,2,2,103,691,0,4694038621
26,0,4933646141,4936740537,3094396,2,2,107,1251,0,4720042336
27,0,4944758089,4951020484,6262395,2,2,107,1525,0,4731155369
20,0,4947052487,4952790082,5737595,2,2,101,1210,0,4732293783
28,0,4965736518,4968381316,2644798,2,2,107,1125,0,4752135851
36,0,4980262202,4981484600,1222398,2,2,106,694,0,4741747790
21,0,4984977707,4990508903,5531196,2,2,101,2000,0,4770425900
55,0,5001994109,5006722148,4728039,2,2,103,1749,0,4858794475
22,0,5043257257,5043735656,478399,2,2,101,475,0,4828196936
39,0,5037478062,5045825255,8347193,2,2,102,2000,0,4795982568
30,0,5044882855,5051399651,6516796,2,2,100,2000,0,4828629853
23,0,5052546850,5055169248,2622398,2,2,101,1118,0,4835533439
31,0,5079473640,5085051235,5577595,2,2,100,2000,0,4861367310
40,0,5100402187,5103277384,2875197,2,2,102,1170,0,4854642642
24,0,5106765380,5111410176,4644796,2,2,101,1033,0,4891569090
32,0,5104424583,5113499775,9075192,2,2,100,2000,0,4889630355
37,0,5159915773,5165446969,5531196,2,2,106,2000,0,4924250411
56,0,5170771600,5170837200,65600,2,2,103,346,0,5027576850
38,0,5214944465,5220518861,5574396,2,2,106,2000,0,4976834928
39,0,5225458171,5230989367,5531196,2,2,109,2000,0,5019452414
57,0,5238200407,5240149214,1948807,2,2,103,921,0,5095007599
41,0,5243088596,5248619792,5531196,2,2,102,2000,0,4996474170
40,0,5262561636,5262905636,344000,2,2,109,433,0,5056513747
25,0,5269670316,5269670316,0,2,2,101,132,0,5058513937
42,0,5269185516,5274782312,5596796,2,2,102,1869,0,5021009709
43,0,5275898753,5275898753,0,2,2,102,283,0,5026455985
58,0,5292145751,5294540966,2395215,2,2,103,1047,0,5148954482
44,0,5334174505,5337216102,3041597,2,2,102,1249,0,5092699913
39,0,5338406501,5343937697,5531196,2,2,106,2000,0,5102719182
41,0,5371373854,5373239453,1865599,2,2,109,895,0,5165370257
40,0,5380286184,5380409384,123200,2,2,106,364,0,5140842963
45,0,5384256964,5389788160,5531196,2,2,102,2000,0,5142785909
59,0,5391567788,5393516595,1948807,2,2,103,921,0,5242697243
60,0,5418865428,5418865428,0,2,2,103,247,0,5276855466
46,0,5439544478,5442051676,2507198,2,2,102,1082,0,5192665705
61,0,5450496165,5456027398,5531233,2,2,103,2000,0,5307309469
42,0,5517477597,5517477597,0,2,2,109,316,0,5311991338
26,0,5522801163,5522853962,52799,2,2,101,342,0,5308313796
41,0,5556786185,5560341381,3555196,2,2,106,1396,0,5321149231
33,0,5563991991,5573007984,9015993,2,2,100,2000,0,5350419025
42,0,5567476788,5573567983,6091195,2,2,106,1177,0,5331424387
34,0,5574715182,5574841582,126400,2,2,100,365,0,5356846812
27,0,5581769950,5586920345,5150395,2,2,101,1881,0,5367289649
43,0,5603742711,5605473920,1731209,2,2,109,853,0,5397742512
35,0,5658928125,5661660923,2732798,2,2,100,1139,0,5445366649
29,0,5662851322,5662904122,52800,2,2,107,342,0,5447791550
36,0,5664051321,5664875320,823999,2,2,100,583,0,5449542806
43,0,5684102408,5684102408,0,2,2,106,215,0,5451252312
44,0,5697289553,5697854352,564799,2,2,106,502,0,5461662630
30,0,5719320177,5719320177,0,2,2,107,330,0,5505914124
37,0,5768821189,5774398784,5577595,2,2,100,2000,0,5555273006
44,0,5784101781,5789632977,5531196,2,2,109,2000,0,5578104195
62,0,5877835008,5879774215,1939207,2,2,103,918,0,5734660647
45,0,5879063769,5882876564,3812795,2,2,106,1462,0,5638537405
28,0,5901113558,5906687954,5574396,2,2,101,2000,0,5686671509
45,0,5908780924,5910224131,1443207,2,2,109,763,0,5702012908
38,0,5919051398,5921195396,2143998,2,2,100,982,0,5704792948
46,0,5961850538,5963716137,1865599,2,2,109,895,0,5755855519
63,0,6003068869,6006344083,3275214,2,2,103,1322,0,5859898103
64,0,6007534505,6009400113,1865608,2,2,103,895,0,5864310775
65,0,6015754065,6018334883,2580818,2,2,103,1105,0,5872583675
29,0,6025056761,6025056761,0,2,2,101,320,0,5809903007
46,0,6050249193,6055823589,5574396,2,2,106,2000,0,5814647436
30,0,6059776354,6059776354,0,2,2,101,314,0,5845833338
47,0,6147437288,6149979686,2542398,2,2,106,1093,0,5911842461
66,0,6176975313,6181375337,4400024,2,2,103,1660,0,6033809551
31,0,6213700257,6222673050,8972793,2,2,101,2000,0,5999295607
48,0,6217141854,6224247448,7105594,2,2,106,1494,0,5981272583
49,0,6230757244,6233042042,2284798,2,2,106,1026,0,5995168332
67,0,6233633097,6233826696,193599,2,2,103,386,0,6090468941
50,0,6248227544,6253758740,5531196,2,2,106,2000,0,6012639868
51,0,6254949139,6260480335,5531196,2,2,106,2000,0,6014414656
68,0,6266291504,6271822740,5531236,2,2,103,2000,0,6123128304
47,0,6277347129,6279199928,1852799,2,2,102,891,0,6035938907
48,0,6313584421,6315693219,2108798,2,2,102,971,0,6070503003
31,0,6330842628,6333746625,2903997,2,2,107,1206,0,6117375011
69,0,6330835468,6336366702,5531234,2,2,103,2000,0,6184797107
52,0,6338348496,6338348496,0,2,2,106,244,0,6103064798
32,0,6336314897,6339990094,3675197,2,2,107,1170,0,6122847806
47,0,6346676336,6346676336,0,2,2,109,245,0,6142792448
53,0,6361810357,6363319155,1508798,2,2,106,769,0,6126230764
49,0,6387848725,6388487125,638400,2,2,102,525,0,6143594492
54,0,6392761255,6395543652,2782397,2,2,106,1168,0,6153785479
48,0,6410601761,6410601761,0,2,2,109,250,0,6206606789
39,0,6413081530,6413585529,503999,2,2,100,483,0,6199611155
33,0,6426378938,6429727736,3348798,2,2,107,1345,0,6212920602
49,0,6431390578,6431584177,193599,2,2,109,386,0,6225402290
32,0,6433313795,6433313795,0,2,2,101,185,0,6221892532
70,0,6446358791,6448307603,1948812,2,2,103,921,0,6303200759
71,0,6449498019,6451363627,1865608,2,2,103,895,0,6303931554
72,0,6488408498,6493286933,4878435,2,2,103,1796,0,6345251673
50,0,6494266481,6499765677,5499196,2,2,109,1645,0,6288279063
34,0,6498855277,6502189675,3334398,2,2,107,1056,0,6284951434
50,0,6503244075,6503244075,0,2,2,102,283,0,6257940750
33,0,6506982533,6509672131,2689598,2,2,101,1139,0,6292078696
40,0,6540402078,6541618076,1215998,2,2,100,692,0,6326947047
34,0,6556768430,6559419627,2651197,2,2,101,1127,0,6342404812
51,0,6560566826,6566098022,5531196,2,2,109,2000,0,6353879414
73,0,6575889993,6576493193,603200,2,2,103,514,0,6432735687
55,0,6592233141,6592349941,116800,2,2,106,362,0,6356669897
35,0,6593497140,6593674740,177600,2,2,101,381,0,6378619250
41,0,6630017446,6636188640,6171194,2,2,100,1483,0,6416573242
35,0,6633502243,6640619036,7116793,2,2,107,2000,0,6419197132
74,0,6659608892,6661839300,2230408,2,2,103,1009,0,6516456960
56,0,6676345748,6679980944,3635196,2,2,106,1421,0,6440788474
36,0,6681575893,6681575893,0,2,2,107,44,0,6470872560
36,0,6681372693,6684031891,2659198,2,2,101,1066,0,6467023977
51,0,6712401022,6712873021,471999,2,2,102,473,0,6471023346
75,0,6759924149,6761789760,1865611,2,2,103,895,0,6616775115
57,0,6777930403,6780620001,2689598,2,2,106,1139,0,6542380306
37,0,6784440437,6784440437,0,2,2,107,64,0,6566636665
42,0,6784173238,6787466034,3292796,2,2,100,1244,0,6563603741
52,0,6789507088,6794495882,4988794,2,2,109,1816,0,6583523840
76,0,6793091647,6794586053,1494406,2,2,103,779,0,6649943556
43,0,6847997460,6848200660,203200,2,2,100,389,0,6634579550
58,0,6854689039,6857877836,3188797,2,2,106,1295,0,6619144390
52,0,6861787119,6866790315,5003196,2,2,102,1835,0,6617356310
59,0,6872569562,6872727962,158400,2,2,106,375,0,6631535015
60,0,6873918361,6879449557,5531196,2,2,106,2000,0,6635682424
53,0,6892762809,6896737206,3974397,2,2,102,1527,0,6651397773
44,0,6912986026,6912986026,0,2,2,100,149,0,6703224369
77,0,6916358456,6916552055,193599,2,2,103,386,0,6773213894
54,0,6953041918,6954392317,1350399,2,2,102,734,0,6710809248
45,0,6967575117,6967575117,0,2,2,100,84,0,6759068161
38,0,6978435891,6979658289,1222398,2,2,107,694,0,6765031137
39,0,7011361211,7016892407,5531196,2,2,107,2000,0,6795921697
55,0,7067060004,7072634400,5574396,2,2,102,2000,0,6825707197
53,0,7075132640,7075707039,574399,2,2,109,505,0,6869153322
40,0,7135268979,7135395379,126400,2,2,107,365,0,6921879426
54,0,7148010313,7149555911,1545598,2,2,109,795,0,6942031997
78,0,7159467243,7164998483,5531240,2,2,103,2000,0,7016329633
61,0,7161014682,7166545878,5531196,2,2,106,2000,0,6925491677
46,0,7167190677,7167190677,0,2,2,100,154,0,6956615797
37,0,7181724335,7184468332,2743997,2,2,101,1156,0,6967435404
79,0,7206848488,7209538106,2689618,2,2,103,1139,0,7063712244
55,0,7228799992,7231700789,2900797,2,2,109,1205,0,7022822785
56,0,7262389202,7267030798,4641596,2,2,102,1722,0,7021050085
56,0,7289542715,7291454713,1911998,2,2,109,895,0,7079189731
80,0,7291002372,7296533610,5531238,2,2,103,2000,0,7147852629
62,0,7295573971,7301151566,5577595,2,2,106,2000,0,7060060487
57,0,7330103100,7332891897,2788797,2,2,102,1170,0,7085399944
58,0,7336729877,7336729877,0,2,2,102,329,0,7095619956
59,0,7349185295,7352297293,3111998,2,2,102,1271,0,7107852255
60,0,7363775905,7365939103,2163198,2,2,102,988,0,7122443879
63,0,7376153237,7381684433,5531196,2,2,106,2000,0,7140645432
81,0,7383411866,7385277479,1865613,2,2,103,895,0,7240280654
61,0,7387361364,7387361364,0,2,2,102,315,0,7146568609
62,0,7398055690,7403586886,5531196,2,2,102,2000,0,7156726074
63,0,7430583321,7437848914,7265593,2,2,102,1797,0,7185233591
41,0,7435261716,7439314512,4052796,2,2,107,1115,0,7220149713
42,0,7444662487,7450240082,5577595,2,2,107,2000,0,7226453133
64,0,7460820425,7463510023,2689598,2,2,106,1139,0,7213832286
65,0,7477792939,7477842539,49600,2,2,106,341,0,7242292305
43,0,7481313636,7483028835,1715199,2,2,107,848,0,7267603546
64,0,7500279151,7503011949,2732798,2,2,102,1139,0,7255281384
38,0,7505579844,7513451837,7871993,2,2,101,2000,0,7291329595
57,0,7510215039,7517835834,7620795,2,2,109,2000,0,7303492004
65,0,7529487011,7531199010,1711999,2,2,102,847,0,7286715770
82,0,7530874678,7533673096,2798418,2,2,103,1173,0,7387747685
47,0,7543846162,7543846162,0,2,2,100,117,0,7334025091
58,0,7560684048,7561906456,1222408,2,2,109,694,0,7354711373
44,0,7576221756,7581752952,5531196,2,2,107,2000,0,7357599457
48,0,7588242999,7588242999,0,2,2,100,113,0,7374415063
66,0,7602859011,7605425409,2566398,2,2,102,1087,0,7353705588
67,0,7606615808,7614508599,7892791,2,2,102,1992,0,7354281681
59,0,7611297402,7615270199,3972797,2,2,109,895,0,7404801815
68,0,7616417398,7621994993,5577595,2,2,102,2000,0,7356629038
45,0,7652360573,7654498172,2137599,2,2,107,980,0,7438847602
69,0,7696432790,7696629590,196800,2,2,102,387,0,7445266701
60,0,7691843994,7698143189,6299195,2,2,109,1475,0,7485873079
66,0,7694138392,7703717585,9579193,2,2,106,2000,0,7458341089
61,0,7704864784,7710395980,5531196,2,2,109,2000,0,7491272202
62,0,7729464422,7731205221,1740799,2,2,109,856,0,7523494039
39,0,7732352420,7735179618,2827198,2,2,101,1182,0,7517393669
46,0,7752879283,7752948082,68799,2,2,107,347,0,7534405098
40,0,7751688884,7758479278,6790394,2,2,101,2000,0,7536388935
63,0,7759626477,7765157673,5531196,2,2,109,2000,0,7548795969
41,0,7779377699,7784908895,5531196,2,2,101,2000,0,7565160125
42,0,7786099294,7789904090,3804796,2,2,101,1474,0,7569770401
43,0,7795613875,7795613875,0,2,2,101,131,0,7584804870
70,0,7809977257,7815508453,5531196,2,2,102,2000,0,7568676459
47,0,7859289623,7859289623,0,2,2,107,321,0,7645055640
49,0,7858200023,7860892822,2692799,2,2,100,813,0,7644903815
48,0,7885197708,7885260107,62399,2,2,107,345,0,7671880707
67,0,7924804774,7930335970,5531196,2,2,106,2000,0,7687613912
50,0,7937802779,7938300378,497599,2,2,100,481,0,7723184795
71,0,7956123619,7958861216,2737597,2,2,102,1154,0,7711665543
72,0,8024641140,8025724340,1083200,2,2,102,664,0,7783355358
68,0,8044901605,8050432801,5531196,2,2,106,2000,0,7806616734
49,0,8054761512,8056334311,1572799,2,2,107,790,0,7841460891
44,0,8061572978,8067104175,5531197,2,2,101,2000,0,7847389060
45,0,8079561326,8080212525,651199,2,2,101,529,0,7865379554
69,0,8157810121,8162605317,4795196,2,2,106,1770,0,7922357291
83,0,8163146782,8168678017,5531235,2,2,103,2000,0,8020037791
73,0,8165619578,8168678775,3059197,2,2,102,1240,0,7924343648
84,0,8171626459,8175876086,4249627,2,2,103,1613,0,8028517705
85,0,8204177183,8206001189,1824006,2,2,103,882,0,8061069355
70,0,8232871735,8234762933,1891198,2,2,106,903,0,7997424149
64,0,8237318184,8242849380,5531196,2,2,109,2000,0,8031354522
65,0,8244039779,8245338978,1299199,2,2,109,718,0,8037762552
50,0,8255549753,8257786552,2236799,2,2,107,1011,0,8042268515
66,0,8269475544,8272213141,2737597,2,2,109,1154,0,8063512334
51,0,8311187198,8316764793,5577595,2,2,100,2000,0,8093413445
86,0,8312279726,8317126160,4846434,2,2,103,1786,0,8169174967
74,0,8356394989,8361100585,4705596,2,2,102,1742,0,8115132384
87,0,8372960803,8378492042,5531239,2,2,103,2000,0,8229857772
67,0,8428918538,8429366537,447999,2,2,109,451,0,8222957386
75,0,8474651073,8480228668,5577595,2,2,102,2000,0,8228443212
68,0,8523995097,8524140697,145600,2,2,109,371,0,8318035176
76,0,8525287896,8528326293,3038397,2,2,102,1248,0,8271461175
77,0,8547700755,8548463955,763200,2,2,102,564,0,8306451496
71,0,8562572192,8562572192,0,2,2,106,283,0,8328402165
52,0,8573317955,8578892351,5574396,2,2,100,2000,0,8359155991
69,0,8582317835,8587892231,5574396,2,2,109,2000,0,8376358676
78,0,8588541791,8588541791,0,2,2,102,146,0,8351150451
79,0,8593437707,8594309707,872000,2,2,102,598,0,8351245139
80,0,8618959495,8626567489,7607994,2,2,102,897,0,8377715213
46,0,8621253893,8629740286,8486393,2,2,101,1635,0,8405788100
72,0,8620106694,8632977084,12870390,2,2,106,2000,0,8383618538
73,0,8652931450,8653534650,603200,2,2,106,514,0,8417513262
81,0,8663087009,8666677406,3590397,2,2,102,1407,0,8421845817
82,0,8667867805,8668061404,193599,2,2,102,386,0,8423179777
88,0,8689911147,8689911147,0,2,2,103,227,0,8548250745
53,0,8700231226,8705762422,5531196,2,2,100,2000,0,8487036287
70,0,8737893065,8737893065,0,2,2,109,151,0,8536147123
83,0,8763856027,8764056027,200000,2,2,102,388,0,8522621831
74,0,8792583684,8796332479,3748795,2,2,106,1442,0,8548245338
71,0,8812445701,8813314500,868799,2,2,109,597,0,8606489534
84,0,8827539145,8827539145,0,2,2,102,160,0,8587777711
51,0,8835250210,8835437409,187199,2,2,107,384,0,8622024809
54,0,8922531194,8925891191,3359997,2,2,100,1335,0,8709362967
85,0,8927538845,8931158042,3619197,2,2,102,1416,0,8681523471
72,0,8948851538,8948851538,0,2,2,109,141,0,8740643037
86,0,8956025184,8961556380,5531196,2,2,102,2000,0,8708777094
87,0,8962746779,8962882778,135999,2,2,102,368,0,8715129341
88,0,8963436378,8963436378,0,2,2,102,140,0,8717377933
55,0,8987451721,8991675718,4223997,2,2,100,1605,0,8774291293
89,0,9002254821,9004120429,1865608,2,2,103,895,0,8859169620
90,0,9009098643,9011980257,2881614,2,2,103,1199,0,8866013639
75,0,9014944847,9017496844,2551997,2,2,106,1096,0,8779551925
56,0,9049098799,9054506794,5407995,2,2,100,1948,0,8835945760
52,0,9088466154,9089678953,1212799,2,2,107,691,0,8875265118
47,0,9117924739,9123455935,5531196,2,2,101,2000,0,8903866669
76,0,9124603134,9125289533,686399,2,2,106,540,0,8888551370
91,0,9130213941,9135745178,5531237,2,2,103,2000,0,8987132359
77,0,9175517615,9175517615,0,2,2,106,269,0,8936235771
57,0,9198896119,9204427315,5531196,2,2,100,2000,0,8975596899
58,0,9206089713,9206089713,0,2,2,100,128,0,8976337490
73,0,9205617714,9207355311,1737597,2,2,109,694,0,8998739018
53,0,9208233710,9208233710,0,2,2,107,255,0,8995245600
74,0,9213509574,9213509574,0,2,2,109,170,0,9010672114
59,0,9212903175,9219040770,6137595,2,2,100,2000,0,8999769809
78,0,9233892777,9236675174,2782397,2,2,106,1168,0,8998515110
79,0,9250371190,9250785589,414399,2,2,106,455,0,9014994695
92,0,9248330928,9253862164,5531236,2,2,103,2000,0,9105252679
89,0,9259127929,9264659125,5531196,2,2,102,2000,0,9017928277
90,0,9288755590,9289489989,734399,2,2,102,555,0,9041028772
75,0,9298150654,9303725050,5574396,2,2,109,2000,0,9092200620
60,0,9305588883,9311120079,5531196,2,2,100,2000,0,9092466633
93,0,9350813618,9351704817,891199,2,2,103,604,0,9204868855
48,0,9386070999,9386070999,0,2,2,101,123,0,9176192479
76,0,9388096441,9391170038,3073597,2,2,109,1259,0,9182147536
77,0,9418569413,9420300611,1731198,2,2,109,853,0,9212620918
54,0,9432135551,9432135551,0,2,2,107,247,0,9215577538
61,0,9433708311,9433708311,0,2,2,100,292,0,9221125223
91,0,9437494725,9443025921,5531196,2,2,102,2000,0,9196307500
78,0,9454928109,9455121708,193599,2,2,109,386,0,9248980054
62,0,9457256916,9462834511,5577595,2,2,100,2000,0,9244152864
94,0,9468710206,9471588621,2878415,2,2,103,1198,0,9325638192
92,0,9474577503,9480155098,5577595,2,2,102,2000,0,9229319369
63,0,9516142841,9516142841,0,2,2,100,324,0,9303333894
79,0,9535659104,9536735903,1076799,2,2,109,662,0,9329712056
93,0,9566676224,9576796216,10119992,2,2,102,2000,0,9325497966
80,0,9568970622,9578975414,10004792,2,2,109,2000,0,9362466788
80,0,9580122613,9581844211,1721598,2,2,106,850,0,9338972712
94,0,9606477222,9606728421,251199,2,2,102,404,0,9362546205
81,0,9615150566,9615150566,0,2,2,109,163,0,9412318822
95,0,9622961858,9625529855,2567997,2,2,102,1101,0,9377377047
95,0,9626051865,9631583101,5531236,2,2,103,2000,0,9482984267
55,0,9642979974,9645066372,2086398,2,2,107,619,0,9429832182
96,0,9644127173,9650299967,6172794,2,2,102,1907,0,9393786733
97,0,9651490366,9657021562,5531196,2,2,102,2000,0,9403095015
64,0,9727967600,9727967600,0,2,2,100,148,0,9518563596
98,0,9740241317,9741658916,1417599,2,2,102,755,0,9484971041
96,0,9753344153,9753344153,0,2,2,103,265,0,9611227375
49,0,9765195647,9770726843,5531196,2,2,101,2000,0,9551214577
81,0,9789945883,9792683480,2737597,2,2,106,1154,0,9554606848
82,0,9811756826,9811756826,0,2,2,109,106,0,9611032391
97,0,9819636730,9825167964,5531234,2,2,103,2000,0,9676574591
65,0,9849780897,9849780897,0,2,2,100,323,0,9637031156
56,0,9861966906,9866429302,4462396,2,2,107,1665,0,9648840105
66,0,9872303097,9872378296,75199,2,2,100,349,0,9658870336
99,0,9879939484,9880117084,177600,2,2,102,381,0,9638783011
100,0,9901251585,9901251585,0,2,2,102,157,0,9664173622
98,0,9971460624,9972689438,1228814,2,2,103,696,0,9828402752
57,0,10010853960,10013042758,2188798,2,2,107,996,0,9797586524
82,0,10023770867,10027023664,3252797,2,2,106,1315,0,9783838012
83,0,10028214063,10033791658,5577595,2,2,106,2000,0,9786479725
101,0,10046229959,10046279559,49600,2,2,102,341,0,9805085050
67,0,10056443573,10057171573,728000,2,2,100,553,0,9843411363
50,0,10061385827,10062582626,1196799,2,2,101,686,0,9847439940
84,0,10067613870,10072636266,5022396,2,2,106,1841,0,9832294085
51,0,10103146372,10108152768,5006396,2,2,101,1836,0,9889205454
85,0,10162608153,10168228948,5620795,2,2,106,2000,0,9927294937
83,0,10172724975,10178299371,5574396,2,2,109,2000,0,9966437612
58,0,10179446570,10180516969,1070399,2,2,107,660,0,9965947762
99,0,10180545994,10180649993,103999,2,2,103,358,0,10037493987
84,0,10189523331,10191670530,2147199,2,2,109,983,0,9983584308
68,0,10228830708,10238993900,10163192,2,2,100,2000,0,10015819149
59,0,10231168306,10240267499,9099193,2,2,107,1745,0,10017807476
86,0,10241504297,10244533094,3028797,2,2,106,1245,0,10005560775
85,0,10263070229,10267516624,4446395,2,2,109,1660,0,10057132059
86,0,10317229919,10317229919,0,2,2,109,194,0,10113773398
102,0,10327133283,10335837276,8703993,2,2,102,1571,0,10079970897
87,0,10328280482,10336712476,8431994,2,2,106,1634,0,10083347870
88,0,10341926515,10347500912,5574397,2,2,106,2000,0,10106625673
52,0,10352950828,10352950828,0,2,2,101,146,0,10141852367
87,0,10348936432,10355040427,6103995,2,2,109,2000,0,10142999310
89,0,10399799742,10400297341,497599,2,2,106,481,0,10154710755
90,0,10406342381,10406342381,0,2,2,106,305,0,10171807640
88,0,10407579179,10408041579,462400,2,2,109,470,0,10190494124
91,0,10411440521,10411771720,331199,2,2,106,429,0,10176144493
92,0,10418619085,10418619085,0,2,2,106,163,0,10186902330
100,0,10442781396,10442781396,0,2,2,103,247,0,10300914401
69,0,10451852464,10451852464,0,2,2,100,268,0,10240230949
93,0,10466493508,10469547906,3054398,2,2,106,1253,0,10231201288
101,0,10466338158,10471869394,5531236,2,2,103,2000,0,10323294187
102,0,10475024234,10475024234,0,2,2,103,270,0,10332863739
94,0,10515491295,10517222493,1731198,2,2,106,853,0,10280202455
103,0,10539106706,10543631503,4524797,2,2,102,1699,0,10297996014
95,0,10565867001,10567076599,1209598,2,2,106,690,0,10324005542
103,0,10662382979,10667655015,5272036,2,2,103,1919,0,10519344501
104,0,10669264688,10671130296,1865608,2,2,103,895,0,10526226407
89,0,10675002586,10680580181,5577595,2,2,109,2000,0,10469069330
105,0,10688810627,10688810627,0,2,2,103,232,0,10547142532
90,0,10710537037,10715578641,5041604,2,2,109,1847,0,10504604230
96,0,10726449485,10726449485,0,2,2,106,217,0,10493435742
91,0,10724545487,10730879881,6334394,2,2,109,2000,0,10518612845
106,0,10733949461,10739480699,5531238,2,2,103,2000,0,10590912994
60,0,10746455275,10751986472,5531197,2,2,107,2000,0,10533413067
97,0,10762543239,10773378430,10835191,2,2,106,1865,0,10527271433
61,0,10763690438,10774320830,10630392,2,2,107,2000,0,10549749263
98,0,10788047304,10789714502,1667198,2,2,106,833,0,10552777254
107,0,10822990152,10825538971,2548819,2,2,103,1095,0,10679956178
99,0,10839063449,10844594645,5531196,2,2,106,2000,0,10603044214
108,0,10858088991,10859532198,1443207,2,2,103,763,0,10715055998
100,0,10861050889,10866582085,5531196,2,2,106,2000,0,10625785863
101,0,10867818883,10873217278,5398395,2,2,106,1600,0,10629099529
70,0,10872450879,10875852475,3401596,2,2,100,1122,0,10657610945
71,0,10916883244,10916883244,0,2,2,100,251,0,10703294257
109,0,10922805297,10924670905,1865608,2,2,103,895,0,10779774120
110,0,10936254370,10936399970,145600,2,2,103,371,0,10793223559
104,0,10953103497,10955690695,2587198,2,2,102,1107,0,10707474186
62,0,10968911239,10969415238,503999,2,2,107,483,0,10755890263
92,0,10974456396,10976062794,1606398,2,2,109,814,0,10768526683
53,0,11011439868,11017014264,5574396,2,2,101,2000,0,10797134205
63,0,11020163251,11020251251,88000,2,2,107,353,0,10805732231
111,0,11033678411,11033678411,0,2,2,103,113,0,10893543191
54,0,11041353502,11046884698,5531196,2,2,101,2000,0,10827523927
105,0,11083632967,11089210562,5577595,2,2,102,2000,0,10842560008
64,0,11114659167,11116326365,1667198,2,2,107,833,0,10901652078
102,0,11128914027,11131603625,2689598,2,2,106,1139,0,10891875195
103,0,11145060376,11150637971,5577595,2,2,106,2000,0,10909814875
104,0,11151828370,11154074769,2246399,2,2,106,1014,0,10912158486
105,0,11216297583,11220756778,4459195,2,2,106,1664,0,10981056972
93,0,11225682428,11225682428,0,2,2,109,155,0,11023877209
65,0,11230184789,11232247188,2062399,2,2,107,943,0,11012059008
106,0,11233394387,11236939983,3545596,2,2,102,1393,0,10992190919
107,0,11275265163,11275265163,0,2,2,102,141,0,11037030292
66,0,11283093569,11286872766,3779197,2,2,107,1466,0,11070102538
72,0,11289242831,11291673229,2430398,2,2,100,1058,0,11071944562
108,0,11318553352,11318778952,225600,2,2,102,396,0,11077496662
106,0,11331130583,11334556180,3425597,2,2,106,1369,0,11095897856
94,0,11357357618,11360447216,3089598,2,2,109,1264,0,11150934528
112,0,11355537596,11360540828,5003232,2,2,103,1835,0,11212518476
107,0,11363906066,11368274062,4367996,2,2,106,1650,0,11128675569
55,0,11369421261,11373600458,4179197,2,2,101,1591,0,11154967269
108,0,11396426525,11402004120,5577595,2,2,106,2000,0,11155143412
109,0,11403194519,11404178519,984000,2,2,106,633,0,11162448683
113,0,11433475373,11439006613,5531240,2,2,103,2000,0,11290458436
110,0,11435705773,11441283368,5577595,2,2,106,2000,0,11200480202
95,0,11462409586,11462603185,193599,2,2,109,386,0,11256485489
114,0,11459584705,11464491938,4907233,2,2,103,1805,0,11316568485
109,0,11483172765,11483340765,168000,2,2,102,378,0,11236154719
111,0,11482025566,11486351962,4326396,2,2,106,1225,0,11246803187
112,0,11494038271,11499569467,5531196,2,2,106,2000,0,11257424220
56,0,11521115469,11526646665,5531196,2,2,101,2000,0,11307342762
73,0,11535252461,11537647659,2395198,2,2,100,1047,0,11321351787
115,0,11535917226,11541448459,5531233,2,2,103,2000,0,11384895083
74,0,11544030276,11549561472,5531196,2,2,100,2000,0,11326721816
75,0,11590453598,11591472798,1019200,2,2,100,644,0,11377604884
67,0,11596952452,11605256444,8303992,2,2,107,1791,0,11383991301
110,0,11599246850,11608493242,9246392,2,2,102,2000,0,11351700715
96,0,11622754012,11622754012,0,2,2,109,315,0,11416591915
111,0,11628847429,11628847429,0,2,2,102,283,0,11389066667
97,0,11640725985,11642591595,1865610,2,2,109,895,0,11434803900
112,0,11660932155,11660932155,0,2,2,102,250,0,11418365484
68,0,11696976536,11698333334,1356798,2,2,107,736,0,11484024900
69,0,11764817579,11770348775,5531196,2,2,107,2000,0,11551872392
98,0,11807500875,11808716873,1215998,2,2,109,692,0,11601580674
70,0,11839539163,11839539163,0,2,2,107,180,0,11626826625
71,0,11860170021,11865747616,5577595,2,2,107,2000,0,11647233891
116,0,11866519218,11869151239,2632021,2,2,103,1121,0,11723514332
76,0,11871666931,11877244526,5577595,2,2,100,2000,0,11658851782
113,0,11882696036,11888273631,5577595,2,2,106,2000,0,11647501058
114,0,11888848030,11888848030,0,2,2,106,132,0,11655689329
117,0,11887962301,11893493540,5531239,2,2,103,2000,0,11744958023
118,0,11894683956,11896107963,1424007,2,2,103,757,0,11747705943
113,0,11918087600,11920535598,2447998,2,2,102,705,0,11675954763
72,0,11914602803,11922671596,8068793,2,2,107,2000,0,11695286194
119,0,11919548574,11925079807,5531233,2,2,103,2000,0,11776545154
99,0,11926293069,11927312269,1019200,2,2,109,644,0,11720374166
114,0,11948514630,11949737028,1222398,2,2,102,694,0,11707501503
120,0,11952237070,11952936269,699199,2,2,103,544,0,11809234575
77,0,11983706319,11988530315,4823996,2,2,100,1779,0,11767877416
57,0,12006053255,12006515655,462400,2,2,101,470,0,11792177107
121,0,12007410673,12007479472,68799,2,2,103,347,0,11864409705
122,0,12032025591,12032219190,193599,2,2,103,386,0,11889025325
58,0,12032018814,12038298809,6279995,2,2,101,1172,0,11817937099
78,0,12033166013,12039841208,6675195,2,2,100,1139,0,11814226122
79,0,12043326005,12043519604,193599,2,2,100,386,0,11824961534
115,0,12039446008,12044975603,5529595,2,2,102,1457,0,11789079115
100,0,12052085943,12052085943,0,2,2,109,331,0,11846347639
101,0,12068141019,12068328218,187199,2,2,109,384,0,11854893686
80,0,12065803421,12069736216,3932795,2,2,100,752,0,11845106143
73,0,12069475417,12072755414,3279997,2,2,107,1242,0,11853571680
115,0,12081230903,12081230903,0,2,2,106,299,0,11839900265
81,0,12093314872,12093314872,0,2,2,100,146,0,11877469875
116,0,12091594874,12097698869,6103995,2,2,102,2000,0,11850591627
117,0,12101911580,12107442776,5531196,2,2,102,2000,0,11860909056
118,0,12124060833,12124232032,171199,2,2,102,379,0,11883059826
123,0,12121230411,12126761647,5531236,2,2,103,2000,0,11978232609
116,0,12132786671,12132786671,0,2,2,106,171,0,11901372183
59,0,12142709174,12144486772,1777598,2,2,101,854,0,11929010079
117,0,12150479437,12156010633,5531196,2,2,106,2000,0,11915302763
118,0,12157201032,12162732228,5531196,2,2,106,2000,0,11918175082
82,0,12169410583,12169780182,369599,2,2,100,441,0,11956630962
124,0,12191987293,12193936102,1948809,2,2,103,921,0,12048991451
125,0,12223659515,12229190748,5531233,2,2,103,2000,0,12078362339
119,0,12240678984,12244595781,3916797,2,2,106,1509,0,12003869774
120,0,12286240008,12288929606,2689598,2,2,106,1139,0,12051072586
121,0,12322176594,12322891794,715200,2,2,106,549,0,12073743484
122,0,12324082193,12327094991,3012798,2,2,106,1240,0,12078923253
123,0,12382508131,12385292127,2783996,2,2,106,1154,0,12147347269
74,0,12403850735,12404082735,232000,2,2,107,398,0,12190966213
60,0,12424866793,12424866793,0,2,2,101,239,0,12213121266
124,0,12430542592,12431132992,590400,2,2,106,510,0,12195384999
119,0,12438887234,12441868031,2980797,2,2,102,1230,0,12197907968
83,0,12444334332,12446969529,2635197,2,2,100,777,0,12230707549
102,0,12443187133,12451353526,8166393,2,2,109,2000,0,12237273913
84,0,12488665110,12488893910,228800,2,2,100,397,0,12275923549
125,0,12491575728,12491575728,0,2,2,106,92,0,12261039873
126,0,12497937536,12498761535,823999,2,2,103,583,0,12354950181
85,0,12518389933,12519105133,715200,2,2,100,549,0,12305651920
127,0,12523795538,12527067555,3272017,2,2,103,1321,0,12380808902
86,0,12526592146,12533147340,6555194,2,2,100,1603,0,12309432309
120,0,12530076943,12537577736,7500793,2,2,102,2000,0,12288110587
126,0,12544726401,12550257597,5531196,2,2,106,2000,0,12307242031
121,0,12555166533,12557574530,2407997,2,2,102,1051,0,12314195285
128,0,12579398893,12579790892,391999,2,2,103,448,0,12436413781
129,0,12599338063,12601366869,2028806,2,2,103,946,0,12456353505
130,0,12623958039,12625423649,1465610,2,2,103,770,0,12479852992
122,0,12654886324,12657796722,2910398,2,2,102,1208,0,12412565413
103,0,12660091120,12662321519,2230399,2,2,109,664,0,12453207783
61,0,12658943921,12666751915,7807994,2,2,101,2000,0,12444887982
127,0,12679553788,12682259386,2705598,2,2,106,799,0,12440428290
87,0,12677259390,12682862586,5603196,2,2,100,1204,0,12452449233
123,0,12740735846,12746356641,5620795,2,2,102,2000,0,12499777385
75,0,12747503840,12747905440,401600,2,2,107,451,0,12533909697
131,0,12755772678,12755772678,0,2,2,103,239,0,12614072488
88,0,12753558900,12756834097,3275197,2,2,100,1322,0,12540848913
104,0,12771312988,12771506587,193599,2,2,109,386,0,12565403306
124,0,12784984291,12786225890,1241599,2,2,102,700,0,12544028884
132,0,12783160042,12787384070,4224028,2,2,103,1605,0,12640180571
128,0,12798782208,12806607802,7825594,2,2,106,2000,0,12563649653
105,0,12803371004,12808246201,4875197,2,2,109,1169,0,12585571836
106,0,12840254793,12843533191,3278398,2,2,109,1323,0,12634345837
76,0,12863568372,12868005167,4436795,2,2,107,1657,0,12650727386
133,0,12873760957,12879292190,5531233,2,2,103,2000,0,12730783995
107,0,12879071638,12881761236,2689598,2,2,109,1139,0,12673163089
108,0,12898405363,12900424562,2019199,2,2,109,943,0,12692497051
129,0,12901571761,12905203758,3631997,2,2,106,1420,0,12659821693
130,0,12963494998,12963494998,0,2,2,106,153,0,12729125960
131,0,12978976617,12981416615,2439998,2,2,106,1061,0,12743856302
134,0,12979641447,12981817455,2176008,2,2,103,992,0,12836667412
109,0,12983474122,12983936522,462400,2,2,109,470,0,12768128090
132,0,12989869787,12995400983,5531196,2,2,106,2000,0,12754750207
89,0,12997505742,13003080138,5574396,2,2,100,2000,0,12784824814
110,0,13005763578,13007672377,1908799,2,2,109,895,0,12799846854
77,0,13012189851,13013215450,1025599,2,2,107,646,0,12789172025
111,0,13021701916,13024692325,2990409,2,2,109,1233,0,12812513149
135,0,13046448644,13046448644,0,2,2,103,280,0,12904231664
78,0,13053292350,13053361149,68799,2,2,107,347,0,12840469314
112,0,13071894319,13072087918,193599,2,2,109,386,0,12865987818
113,0,13079150932,13079150932,0,2,2,109,311,0,12873871708
114,0,13123876506,13125121304,1244798,2,2,109,701,0,12910116936
133,0,13129099985,13129099985,0,2,2,106,283,0,12895244311
62,0,13154417464,13157574262,3156798,2,2,101,1285,0,12940837946
134,0,13172621320,13178152516,5531196,2,2,106,2000,0,12933684893
63,0,13245515437,13246621036,1105599,2,2,101,671,0,13031946675
125,0,13267451169,13267451169,0,2,2,102,261,0,13028276281
64,0,13291807870,13297339066,5531196,2,2,101,2000,0,13078244578
136,0,13300980381,13301173980,193599,2,2,103,386,0,13158015207
135,0,13341890819,13341890819,0,2,2,106,297,0,13107735943
115,0,13354413612,13356914410,2500798,2,2,109,1080,0,13148510076
126,0,13359982429,13361448027,1465598,2,2,102,770,0,13119066614
116,0,13362595226,13366908823,4313597,2,2,109,1633,0,13155728986
136,0,13398099818,13400552616,2452798,2,2,106,1065,0,13163007883
137,0,13433271816,13435137424,1865608,2,2,103,895,0,13290310265
90,0,13451405345,13451486945,81600,2,2,100,351,0,13238778424
65,0,13477956818,13477956818,0,2,2,101,294,0,13265279584
91,0,13557583762,13562350157,4766395,2,2,100,1044,0,13344969460
79,0,13559964560,13572470149,12505589,2,2,107,2000,0,13346779637
137,0,13562258958,13573412549,11153591,2,2,106,2000,0,13317038804
138,0,13574602948,13579871744,5268796,2,2,106,1918,0,13328973276
139,0,13580356543,13580356543,0,2,2,106,105,0,13347979476
140,0,13583545342,13583545342,0,2,2,106,169,0,13349324713
127,0,13582898942,13587062138,4163196,2,2,102,1384,0,13341998479
128,0,13588252537,13593783734,5531197,2,2,102,2000,0,13343450033
129,0,13594314933,13594314933,0,2,2,102,133,0,13354567124
117,0,13616794425,13621645619,4851194,2,2,109,1773,0,13410893563
118,0,13622836018,13628413613,5577595,2,2,109,2000,0,13415696946
92,0,13647685819,13649193018,1507199,2,2,100,783,0,13435082253
119,0,13681075355,13686606551,5531196,2,2,109,2000,0,13475175142
138,0,13698140076,13699733683,1593607,2,2,103,810,0,13555185810
141,0,13696113880,13701645076,5531196,2,2,106,2000,0,13461042093
93,0,13763074741,13768605937,5531196,2,2,100,2000,0,13549851818
142,0,13785615861,13786606261,990400,2,2,106,635,0,13549650675
80,0,13802862207,13803113406,251199,2,2,107,404,0,13589053580
94,0,13800524609,13807497403,6972794,2,2,100,2000,0,13587939192
95,0,13808031803,13808031803,0,2,2,100,134,0,13598181086
143,0,13845982079,13846073278,91199,2,2,106,354,0,13610146926
120,0,13855272663,13857183062,1910399,2,2,109,909,0,13649374222
66,0,13863896988,13864304987,407999,2,2,101,453,0,13650401207
144,0,13877456546,13886475738,9019192,2,2,106,2000,0,13642397007
67,0,13879797343,13888586137,8788794,2,2,101,1648,0,13666238907
145,0,13889733336,13890294935,561599,2,2,106,501,0,13644804508
96,0,13908184845,13908184845,0,2,2,100,108,0,13691655378
68,0,13920338253,13924115848,3777595,2,2,101,1451,0,13706849107
81,0,14021537752,14021769752,232000,2,2,107,398,0,13804375790
121,0,14026918794,14026918794,0,2,2,109,70,0,13827047678
97,0,14034299366,14039876961,5577595,2,2,100,2000,0,13817194092
130,0,14060415326,14060487326,72000,2,2,102,348,0,13819547663
122,0,14061634525,14064285722,2651197,2,2,109,1127,0,13855090900
98,0,14088059551,14093590747,5531196,2,2,100,2000,0,13875508297
131,0,14098121709,14098121709,0,2,2,102,320,0,13857682250
139,0,14126227740,14126344540,116800,2,2,103,362,0,13983285212
132,0,14123024961,14128556157,5531196,2,2,102,2000,0,13882161593
69,0,14145003594,14149045190,4041596,2,2,101,1548,0,13931540938
123,0,14150845971,14152695570,1849599,2,2,109,890,0,13944950498
146,0,14164516917,14169680112,5163195,2,2,106,1885,0,13929476701
140,0,14188163974,14193695209,5531235,2,2,103,2000,0,14045223145
133,0,14202087803,14207618999,5531196,2,2,102,2000,0,13956563692
141,0,14220991309,14220991309,0,2,2,103,166,0,14078377891
147,0,14287911867,14290601465,2689598,2,2,106,1139,0,14050591088
142,0,14306679467,14312210700,5531233,2,2,103,2000,0,14163741889
143,0,14322139566,14324829181,2689615,2,2,103,1139,0,14179202404
82,0,14337726384,14338492783,766399,2,2,107,565,0,14125024465
124,0,14361950571,14364812969,2862398,2,2,109,1193,0,14156057170
148,0,14390618646,14393548244,2929598,2,2,106,1214,0,14155593635
99,0,14436676700,14442207896,5531196,2,2,100,2000,0,14224166849
100,0,14446795245,14446795245,0,2,2,100,164,0,14237646938
70,0,14463881721,14469412917,5531196,2,2,101,2000,0,14250456646
125,0,14537937970,14538208370,270400,2,2,109,410,0,14328039468
149,0,14548506523,14548506523,0,2,2,106,113,0,14316618035
83,0,14554711038,14560242234,5531196,2,2,107,2000,0,14342029512
101,0,14568816680,14569336679,519999,2,2,100,488,0,14356322503
150,0,14584394975,14592220569,7825594,2,2,106,2000,0,14349382993
71,0,14588983771,14594695767,5711996,2,2,101,1417,0,14374996600
126,0,14600992843,14604580040,3587197,2,2,109,1406,0,14395096715
84,0,14605770439,14605938439,168000,2,2,107,378,0,14392424196
127,0,14611720833,14614733631,3012798,2,2,109,895,0,14404068569
134,0,14607085638,14615676031,8590393,2,2,102,2000,0,14362931235
128,0,14650433449,14655964649,5531200,2,2,109,2000,0,14444542889
102,0,14679696277,14681184275,1487998,2,2,100,777,0,14467215266
135,0,14723458044,14727906040,4447996,2,2,102,1675,0,14481123213
151,0,14735620286,14739834683,4214397,2,2,106,1602,0,14500618434
85,0,14751912938,14751912938,0,2,2,107,201,0,14535332847
136,0,14778889303,14782855698,3966395,2,2,102,1510,0,14532237541
144,0,14822451041,14823265440,814399,2,2,103,580,0,14679527524
152,0,14822263365,14826349761,4086396,2,2,106,1562,0,14586612235
137,0,14834363796,14834451796,88000,2,2,102,353,0,14593549222
129,0,14860300458,14860300458,0,2,2,109,260,0,14656181487
103,0,14900261597,14904248794,3987197,2,2,100,1531,0,14687806719
145,0,14900498361,14906029600,5531239,2,2,103,2000,0,14757576970
146,0,14930691419,14933774633,3083214,2,2,103,1262,0,14787770872
153,0,14940470209,14941011008,540799,2,2,106,481,0,14699739321
130,0,14947550654,14954229058,6678404,2,2,109,2000,0,14741662940
138,0,14952139459,14956395457,4255998,2,2,102,989,0,14711319619
147,0,14976979924,14980765549,3785625,2,2,103,1468,0,14834060642
154,0,15038562005,15039890004,1327999,2,2,106,727,0,14803580450
148,0,15050763105,15056294337,5531232,2,2,103,2000,0,14907845825
149,0,15101456520,15103299734,1843214,2,2,103,888,0,14958540602
131,0,15103540001,15103647201,107200,2,2,109,359,0,14897653762
155,0,15115714154,15121245350,5531196,2,2,106,2000,0,14875512696
86,0,15130553952,15131477151,923199,2,2,107,614,0,14917926434
139,0,15143954118,15150675713,6721595,2,2,102,2000,0,14903160741
72,0,15149733313,15154512510,4779197,2,2,101,1139,0,14935297006
104,0,15152970111,15156920507,3950396,2,2,100,1051,0,14937475821
132,0,15164004696,15169535892,5531196,2,2,109,2000,0,14958118996
140,0,15180670754,15180670754,0,2,2,102,222,0,14941800000
133,0,15176456349,15182472352,6016003,2,2,109,1910,0,14970570798
73,0,15193793355,15198799751,5006396,2,2,101,1836,0,14978186237
87,0,15220068016,15221472815,1404799,2,2,107,751,0,15007448888
88,0,15247691650,15248907648,1215998,2,2,107,692,0,15034840303
134,0,15265201866,15270733062,5531196,2,2,109,2000,0,15059317122
135,0,15370142006,15372007605,1865599,2,2,109,895,0,15164258229
141,0,15373154804,15378686000,5531196,2,2,102,2000,0,15131745330
142,0,15417613272,15423187668,5574396,2,2,102,2000,0,15176838628
74,0,15424334867,15429866063,5531196,2,2,101,2000,0,15210369687
89,0,15439244569,15439244569,0,2,2,107,325,0,15226914787
143,0,15445099180,15445099180,0,2,2,102,160,0,15208336234
150,0,15456585075,15458703482,2118407,2,2,103,974,0,15313678829
90,0,15469299308,15471024107,1724799,2,2,107,851,0,15256703509
156,0,15482476204,15482541804,65600,2,2,106,346,0,15247524313
136,0,15493290674,15501162667,7871993,2,2,109,2000,0,15287408062
151,0,15499373283,15504904520,5531237,2,2,103,2000,0,15356468177
144,0,15497879470,15505546664,7667194,2,2,102,2000,0,15256702647
145,0,15506737063,15508343461,1606398,2,2,102,814,0,15260400642
137,0,15527117200,15531513997,4396797,2,2,109,1659,0,15321234872
152,0,15555540453,15555734052,193599,2,2,103,386,0,15409227739
157,0,15562363120,15565462318,3099198,2,2,106,1267,0,15327416567
153,0,15580732078,15585511311,4779233,2,2,103,1765,0,15437829192
154,0,15622407122,15622407122,0,2,2,103,97,0,15482603050
75,0,15622710023,15625134021,2423998,2,2,101,1056,0,15409421255
146,0,15634198360,15636887958,2689598,2,2,102,1139,0,15392565863
105,0,15644011076,15645710274,1699198,2,2,100,843,0,15425668848
147,0,15651131028,15654676624,3545596,2,2,102,1393,0,15410372354
155,0,15652569258,15655146872,2577614,2,2,103,1104,0,15509298381
106,0,15664893033,15669480229,4587196,2,2,100,1705,0,15452528728
148,0,15672921826,15677941021,5019195,2,2,102,1150,0,15420625902
76,0,15670627428,15679299420,8671992,2,2,101,1758,0,15456578221
77,0,15691016866,15691016866,0,2,2,101,74,0,15482824644
158,0,15708612296,15714189891,5577595,2,2,106,2000,0,15473675477
78,0,15721085107,15723777904,2692797,2,2,101,1140,0,15507807881
79,0,15728862701,15728862701,0,2,2,101,313,0,15516085654
91,0,15738276967,15738371367,94400,2,2,107,355,0,15525706321
92,0,15743306153,15743306153,0,2,2,107,252,0,15532406522
159,0,15759872364,15761597163,1724799,2,2,106,851,0,15524938975
160,0,15776681746,15784550540,7868794,2,2,106,2000,0,15541749485
107,0,15781313742,15786521738,5207996,2,2,100,1273,0,15565770659
156,0,15845256142,15850787377,5531235,2,2,103,2000,0,15702360407
161,0,15847494196,15853025392,5531196,2,2,106,2000,0,15612566635
157,0,15856773049,15856934649,161600,2,2,103,376,0,15713877638
138,0,15854172591,15857500589,3327998,2,2,109,1325,0,15646784818
149,0,15860186695,15865717891,5531196,2,2,102,2000,0,15619442308
162,0,15873474892,15879006088,5531196,2,2,106,2000,0,15630690539
150,0,15888584196,15891724993,3140797,2,2,102,1280,0,15647841747
139,0,15893514565,15893514565,0,2,2,109,311,0,15688262778
80,0,15902093397,15903482197,1388800,2,2,101,746,0,15688837428
140,0,15904792543,15905027743,235200,2,2,109,399,0,15698913659
158,0,15909881668,15909881668,0,2,2,103,249,0,15768139724
159,0,15922374318,15927556755,5182437,2,2,103,1891,0,15779480669
81,0,15970677543,15970677543,0,2,2,101,131,0,15761423679
141,0,15978480621,15980397419,1916798,2,2,109,911,0,15772602424
151,0,16000458695,16005989891,5531196,2,2,102,2000,0,15759723881
163,0,16046346183,16046346183,0,2,2,106,131,0,15814866411
108,0,16054400273,16056541072,2140799,2,2,100,981,0,15842082046
93,0,16086091314,16086870513,779199,2,2,107,569,0,15873553140
94,0,16108776063,16114307259,5531196,2,2,107,2000,0,15896240017
109,0,16115318459,16115318459,0,2,2,100,283,0,15903317302
164,0,16136129992,16143006786,6876794,2,2,106,1372,0,15901221636
95,0,16137277191,16146286784,9009593,2,2,107,2000,0,15924671905
152,0,16147477183,16149000381,1523198,2,2,102,788,0,15903922650
82,0,16152151872,16153441470,1289598,2,2,101,715,0,15938925273
165,0,16166317745,16166492145,174400,2,2,106,380,0,15928251846
110,0,16165170546,16168599343,3428797,2,2,100,957,0,15952865406
166,0,16169746542,16170813741,1067199,2,2,106,659,0,15933398822
160,0,16187580478,16188526077,945599,2,2,103,621,0,16044694014
153,0,16219688683,16225219879,5531196,2,2,102,2000,0,15973725957
154,0,16240240010,16244438406,4198396,2,2,102,1597,0,15999521567
83,0,16260199810,16260735810,536000,2,2,101,493,0,16046985889
167,0,16325688181,16325688181,0,2,2,106,143,0,16085169057
161,0,16323400869,16328823303,5422434,2,2,103,1966,0,16180518047
155,0,16334202416,16339733612,5531196,2,2,102,2000,0,16093490388
168,0,16340632811,16340632811,0,2,2,106,248,0,16107480926
111,0,16344786645,16348167442,3380797,2,2,100,1355,0,16132502739
156,0,16367144478,16372266074,5121596,2,2,102,1872,0,16126434700
142,0,16386932738,16387951938,1019200,2,2,109,644,0,16181058123
96,0,16389852565,16392634962,2782397,2,2,107,1168,0,16177342733
162,0,16391277534,16396808769,5531235,2,2,103,2000,0,16248396545
143,0,16455099833,16456594231,1494398,2,2,109,779,0,16249225810
84,0,16457569433,16457569433,0,2,2,101,283,0,16245453985
144,0,16470554747,16470748346,193599,2,2,109,386,0,16264680892
85,0,16502075387,16507606583,5531196,2,2,101,2000,0,16288889834
145,0,16544251817,16544314216,62399,2,2,109,345,0,16338378578
97,0,16552301119,16552661119,360000,2,2,107,438,0,16339806402
98,0,16663484460,16663484460,0,2,2,107,235,0,16452997062
157,0,16696220624,16696220624,0,2,2,102,117,0,16460506342
99,0,16707688008,16715089602,7401594,2,2,107,1854,0,16495207772
112,0,16711172805,16718919999,7747194,2,2,100,1827,0,16498396009
169,0,16725096201,16725289800,193599,2,2,106,386,0,16490226904
158,0,16740339806,16743125404,2785598,2,2,102,1169,0,16499655484
163,0,16754371273,16759902508,5531235,2,2,103,2000,0,16611500053
113,0,16755467279,16761044874,5577595,2,2,100,2000,0,16543231883
114,0,16774226684,16774797884,571200,2,2,100,504,0,16561993481
146,0,16780922159,16780922159,0,2,2,109,197,0,16578231747
170,0,16797520084,16803051280,5531196,2,2,106,2000,0,16562655567
164,0,16818816230,16824347463,5531233,2,2,103,2000,0,16675946753
86,0,16828898877,16831049276,2150399,2,2,101,639,0,16615652782
159,0,16826604479,16833607674,7003195,2,2,102,1788,0,16582595711
87,0,16838874046,16839560445,686399,2,2,101,540,0,16625727977
147,0,16861449425,16862251024,801599,2,2,109,576,0,16655578930
171,0,16919254838,16921894835,2639997,2,2,106,1110,0,16679293500
160,0,16966164951,16968248149,2083198,2,2,102,963,0,16719315862
172,0,16977988595,16978842994,854399,2,2,106,578,0,16743136021
165,0,16987831867,16989697475,1865608,2,2,103,895,0,16844966926
115,0,17057245889,17062823484,5577595,2,2,100,2000,0,16845046094
100,0,17074423943,17077118339,2694396,2,2,107,781,0,16861231755
148,0,17070982346,17079207938,8225592,2,2,109,2000,0,16865113588
161,0,17114886787,17120504383,5617596,2,2,102,2000,0,16874227961
149,0,17121785342,17123951741,2166399,2,2,109,644,0,16915917016
88,0,17122932541,17125414140,2481599,2,2,101,769,0,16908813603
89,0,17130089399,17131609399,1520000,2,2,101,787,0,16916977450
166,0,17143067374,17144932981,1865607,2,2,103,895,0,17000206593
101,0,17140926244,17147103838,6177594,2,2,107,1139,0,16926465767
150,0,17138631833,17148046238,9414405,2,2,109,2000,0,16932763678
173,0,17153093546,17153093546,0,2,2,106,131,0,16922911980
167,0,17164873796,17166816203,1942407,2,2,103,919,0,17022013612
174,0,17180633880,17185117076,4483196,2,2,106,1686,0,16945794689
151,0,17195395631,17195395631,0,2,2,109,262,0,16991051415
175,0,17234648792,17234648792,0,2,2,106,283,0,16993660445
90,0,17237681218,17243305212,5623994,2,2,101,2000,0,17024581871
168,0,17251985468,17251985468,0,2,2,103,283,0,17109844433
176,0,17300117776,17300117776,0,2,2,106,237,0,17060787512
152,0,17325128610,17330659806,5531196,2,2,109,2000,0,17119261963
102,0,17359854308,17365385504,5531196,2,2,107,2000,0,17147434665
153,0,17378748349,17383393145,4644796,2,2,109,1723,0,17172086440
162,0,17401882322,17402559121,676799,2,2,102,537,0,17160338514
169,0,17421622760,17421681961,59201,2,2,103,344,0,17278769447
116,0,17430739374,17430891374,152000,2,2,100,373,0,17218583606
91,0,17450648539,17451235738,587199,2,2,101,509,0,17237574125
103,0,17513120070,17513678470,558400,2,2,107,500,0,17300714637
163,0,17532100289,17532725889,625600,2,2,102,521,0,17291469860
164,0,17540211130,17545076725,4865595,2,2,102,1763,0,17299581244
165,0,17566687059,17566826259,139200,2,2,102,369,0,17326058966
92,0,17568550250,17574167846,5617596,2,2,101,2000,0,17355489637
154,0,17578756642,17580523040,1766398,2,2,109,519,0,17371828918
104,0,17575315045,17581828639,6513594,2,2,107,1755,0,17357317110
93,0,17626616795,17629994393,3377598,2,2,101,1354,0,17413562973
105,0,17645183440,17645409040,225600,2,2,107,396,0,17431845414
177,0,17642753044,17649341837,6588793,2,2,106,1859,0,17407944319
166,0,17676759913,17682291110,5531197,2,2,102,2000,0,17434575480
178,0,17699375596,17699533996,158400,2,2,106,375,0,17458592672
179,0,17700724395,17706255591,5531196,2,2,106,2000,0,17459749247
155,0,17733984674,17734120673,135999,2,2,109,368,0,17528121355
156,0,17737225386,17739674984,2449598,2,2,109,1064,0,17531362099
157,0,17782713967,17788291573,5577606,2,2,109,2000,0,17576470342
167,0,17803167884,17803167884,0,2,2,102,222,0,17559206613
158,0,17821706178,17821706178,0,2,2,109,247,0,17617904358
159,0,17858366875,17863494878,5128003,2,2,109,1874,0,17652504573
106,0,17869520078,17870644878,1124800,2,2,107,677,0,17657147666
180,0,17873948172,17877114570,3166398,2,2,106,1288,0,17639154634
107,0,17889169377,17897081371,7911994,2,2,107,2000,0,17676486368
168,0,17893801373,17902612567,8811194,2,2,102,2000,0,17652157200
160,0,17901670167,17907601362,5931195,2,2,109,1817,0,17694866164
117,0,17908514961,17908514961,0,2,2,100,266,0,17694784081
169,0,17915887351,17916986551,1099200,2,2,102,669,0,17675283000
170,0,17927862647,17933393880,5531233,2,2,103,2000,0,17785022849
171,0,17949227210,17951916825,2689615,2,2,103,1139,0,17806387964
170,0,17948037536,17953611933,5574397,2,2,102,2000,0,17706648148
172,0,17954270698,17954329898,59200,2,2,103,344,0,17811431587
94,0,17958266141,17961470939,3204798,2,2,101,1300,0,17745251103
161,0,18003987058,18006257457,2270399,2,2,109,1008,0,17798125887
95,0,18010398069,18014394866,3996797,2,2,101,1534,0,17797389127
118,0,18020804804,18021545604,740800,2,2,100,557,0,17804281959
173,0,18048709142,18048768342,59200,2,2,103,344,0,17900591409
174,0,18051122188,18052266188,1144000,2,2,103,683,0,17903753418
175,0,18086202388,18087799195,1596807,2,2,103,811,0,17943366789
119,0,18139151476,18141841074,2689598,2,2,100,1139,0,17927079132
108,0,18192834887,18201850880,9015993,2,2,107,2000,0,17980492382
181,0,18196319684,18202246080,5926396,2,2,106,1139,0,17961214211
96,0,18207963243,18213494439,5531196,2,2,101,2000,0,17994977368
171,0,18225600550,18226970149,1369599,2,2,102,740,0,17985017217
109,0,18229142573,18229142573,0,2,2,107,172,0,18020010074
176,0,18226715348,18232246581,5531233,2,2,103,2000,0,18083883496
162,0,18243105957,18249784352,6678395,2,2,109,2000,0,18037246656
110,0,18248841952,18255315548,6473596,2,2,107,2000,0,18035687053
97,0,18357772588,18363303784,5531196,2,2,101,2000,0,18136955217
177,0,18389635500,18395166732,5531232,2,2,103,2000,0,18246807978
120,0,18398976138,18399531338,555200,2,2,100,499,0,18183744010
111,0,18427347918,18428560717,1212799,2,2,107,691,0,18215027082
182,0,18451044631,18451705431,660800,2,2,106,532,0,18216288956
172,0,18452134230,18452134230,0,2,2,102,101,0,18216350071
163,0,18464559617,18469561221,5001604,2,2,109,1820,0,18258702065
121,0,18474825811,18474825811,0,2,2,100,283,0,18263868239
183,0,18482079767,18482244566,164799,2,2,106,377,0,18247326127
164,0,18489316044,18492005642,2689598,2,2,109,1139,0,18283458666
165,0,18532767061,18540048654,7281593,2,2,109,1830,0,18326909994
112,0,18537355857,18543448651,6092794,2,2,107,1706,0,18324093726
98,0,18574572988,18580150583,5577595,2,2,101,2000,0,18361629955
178,0,18594893802,18596698609,1804807,2,2,103,876,0,18452071730
173,0,18597539567,18600309165,2769598,2,2,102,1164,0,18356981477
179,0,18599804647,18604204671,4400024,2,2,103,1660,0,18456982694
166,0,18609468265,18611333864,1865599,2,2,109,895,0,18392541167
180,0,18615561599,18615561599,0,2,2,103,282,0,18473469674
122,0,18618173388,18618173388,0,2,2,100,283,0,18407232668
184,0,18625870765,18625870765,0,2,2,106,283,0,18391559693
167,0,18639459347,18640915347,1456000,2,2,109,767,0,18433603115
185,0,18643866560,18649397756,5531196,2,2,106,2000,0,18409123497
181,0,18700985457,18702851067,1865610,2,2,103,895,0,18554576148
99,0,18730901023,18732881821,1980798,2,2,101,586,0,18517637984
113,0,18728606625,18735712219,7105594,2,2,107,1873,0,18516313582
174,0,18738476734,18738476734,0,2,2,102,226,0,18500364285
182,0,18766736757,18767503156,766399,2,2,103,565,0,18623919227
168,0,18768409364,18773940567,5531203,2,2,109,2000,0,18562554103
175,0,18812427835,18815213433,2785598,2,2,102,1169,0,18571291676
114,0,18853983779,18855118179,1134400,2,2,107,680,0,18641702296
123,0,18890523591,18890717190,193599,2,2,100,386,0,18678539555
124,0,18891907589,18892750789,843200,2,2,100,589,0,18679353484
176,0,18923022387,18923022387,0,2,2,102,157,0,18683675611
115,0,18921267189,18927449584,6182395,2,2,107,2000,0,18708991895
169,0,18932531507,18933870706,1339199,2,2,109,717,0,18726677464
116,0,18938971700,18944502896,5531196,2,2,107,2000,0,18726698049
177,0,18950765344,18952909342,2143998,2,2,102,982,0,18710231188
183,0,19012074979,19013940587,1865608,2,2,103,895,0,18869263932
117,0,19021443995,19021490394,46399,2,2,107,340,0,18809177942
100,0,19025463044,19031037440,5574396,2,2,101,2000,0,18812572621
184,0,19043961034,19044244234,283200,2,2,103,414,0,18901150841
118,0,19045934395,19048403193,2468798,2,2,107,1070,0,18833670589
185,0,19056913855,19059913872,3000017,2,2,103,1236,0,18914104004
186,0,19062144600,19065741397,3596797,2,2,106,1409,0,18827428856
187,0,19069194880,19074726076,5531196,2,2,106,2000,0,18834479598
101,0,19108643015,19112319812,3676797,2,2,101,1434,0,18895762283
188,0,19120840399,19126371595,5531196,2,2,106,2000,0,18886128472
186,0,19127250972,19131804599,4553627,2,2,103,1708,0,18984442960
189,0,19135904112,19141257707,5353595,2,2,106,1930,0,18901193173
170,0,19180193118,19185724314,5531196,2,2,109,2000,0,18974340868
119,0,19227600980,19233132176,5531196,2,2,107,2000,0,19015353904
178,0,19298872229,19304403425,5531196,2,2,102,2000,0,19052373864
190,0,19327396286,19327589886,193600,2,2,106,386,0,19092697835
125,0,19413958920,19418882115,4923195,2,2,100,1810,0,19202036311
191,0,19435438400,19435571200,132800,2,2,106,367,0,19200746980
102,0,19437332263,19439207462,1875199,2,2,101,898,0,19224489852
126,0,19449979947,19449979947,0,2,2,100,145,0,19241786745
192,0,19463530992,19463756592,225600,2,2,106,396,0,19222777046
187,0,19471835312,19477366545,5531233,2,2,103,2000,0,19329036401
120,0,19471373146,19479241940,7868794,2,2,107,2000,0,19254654123
193,0,19474857943,19480784339,5926396,2,2,106,1139,0,19240068188
188,0,19487487685,19492596522,5108837,2,2,103,1868,0,19344689175
189,0,19493786934,19493913334,126400,2,2,103,365,0,19345508369
190,0,19503011896,19508543128,5531232,2,2,103,2000,0,19360213796
171,0,19553890878,19559422074,5531196,2,2,109,2000,0,19344221207
191,0,19560186469,19562480884,2294415,2,2,103,1029,0,19417389866
194,0,19598329167,19601517964,3188797,2,2,106,1295,0,19362767304
103,0,19608686997,19611360595,2673598,2,2,101,1134,0,19395864533
192,0,19665372583,19668366202,2993619,2,2,103,1234,0,19522578737
172,0,19666843619,19670622816,3779197,2,2,109,1121,0,19460994854
195,0,19669138017,19673795613,4657596,2,2,106,1290,0,19434145605
196,0,19678434575,19680568973,2134398,2,2,106,979,0,19443758956
197,0,19683802324,19686895121,3092797,2,2,106,1265,0,19449127042
121,0,19688573310,19688792510,219200,2,2,107,394,0,19476368604
198,0,19713476270,19713476270,0,2,2,106,113,0,19483362309
173,0,19759504670,19761319068,1814398,2,2,109,879,0,19553656568
127,0,19763682702,19763921101,238399,2,2,100,400,0,19551801081
193,0,19765128289,19765792289,664000,2,2,103,533,0,19621714165
174,0,19767777646,19769828844,2051198,2,2,109,953,0,19561929586
199,0,19770976043,19776507239,5531196,2,2,106,2000,0,19535373905
200,0,19792906843,19797364439,4457596,2,2,106,1678,0,19557402690
175,0,19798554838,19800663636,2108798,2,2,109,971,0,19592095662
201,0,19802978830,19803118030,139200,2,2,106,369,0,19568311303
194,0,19808155190,19813686425,5531235,2,2,103,2000,0,19665365103
122,0,19817557691,19823088887,5531196,2,2,107,2000,0,19600507520
202,0,19839680244,19841533043,1852799,2,2,106,891,0,19595498131
123,0,19846444224,19851975420,5531196,2,2,107,2000,0,19634254001
128,0,19864103301,19866639299,2535998,2,2,100,1091,0,19652233455
203,0,19882277333,19883742931,1465598,2,2,106,770,0,19647614965
204,0,19935614368,19938838366,3223998,2,2,106,1306,0,19690427292
195,0,19936870458,19942401691,5531233,2,2,103,2000,0,19794083763
104,0,19948938531,19949557730,619199,2,2,101,519,0,19736155711
179,0,19974572629,19980103825,5531196,2,2,102,2000,0,19734107719
205,0,19980679825,19980679825,0,2,2,106,147,0,19747647953
206,0,20012624710,20014000709,1375999,2,2,106,742,0,19777970785
176,0,20030685629,20030744829,59200,2,2,109,344,0,19824839406
180,0,20053691762,20056278960,2587198,2,2,102,1107,0,19813232193
124,0,20080280277,20080280277,0,2,2,107,219,0,19868348707
196,0,20077956833,20080985650,3028817,2,2,103,1245,0,19935173833
105,0,20107523290,20109718489,2195199,2,2,101,998,0,19894758917
106,0,20174881776,20179062573,4180797,2,2,101,1578,0,19961412480
181,0,20185017419,20188897416,3879997,2,2,102,1139,0,19944566720
129,0,20188502216,20194428612,5926396,2,2,100,2000,0,19975510731
130,0,20200921106,20200921106,0,2,2,100,100,0,19993679971
177,0,20223098451,20228629647,5531196,2,2,109,2000,0,20017253494
125,0,20246520510,20248482108,1961598,2,2,107,925,0,20034366964
197,0,20251653519,20253519126,1865607,2,2,103,895,0,20108875062
207,0,20263319961,20263319961,0,2,2,106,333,0,20028816687
178,0,20264172761,20264172761,0,2,2,109,247,0,20060249359
182,0,20281933670,20281933670,0,2,2,102,285,0,20042699187
179,0,20287383305,20288508105,1124800,2,2,109,677,0,20081538804
208,0,20303853636,20309384832,5531196,2,2,106,2000,0,20069218571
183,0,20333620731,20334993530,1372799,2,2,102,741,0,20093180044
131,0,20337937613,20338131212,193599,2,2,100,386,0,20120410544
184,0,20357435457,20358661056,1225599,2,2,102,695,0,20111836451
209,0,20405440891,20405440891,0,2,2,106,244,0,20168947856
180,0,20418202435,20423776831,5574396,2,2,109,2000,0,20212358797
107,0,20424924030,20426380029,1455999,2,2,101,767,0,20212087690
198,0,20451128182,20452424189,1296007,2,2,103,717,0,20308354926
185,0,20497947649,20500637247,2689598,2,2,102,1139,0,20252613177
199,0,20531641238,20533506846,1865608,2,2,103,895,0,20388870096
108,0,20544736682,20547624680,2887998,2,2,101,1201,0,20332023157
132,0,20553631565,20559162761,5531196,2,2,100,2000,0,20341842420
186,0,20578013340,20578069340,56000,2,2,102,343,0,20336482139
210,0,20572234145,20579011740,6777595,2,2,106,2000,0,20337616444
181,0,20596322730,20596516329,193599,2,2,109,386,0,20390480271
200,0,20605719014,20607840623,2121609,2,2,103,975,0,20462949799
201,0,20614308632,20616590239,2281607,2,2,103,1025,0,20471539630
202,0,20630253851,20634653877,4400026,2,2,103,1660,0,20487037527
203,0,20637975958,20637975958,0,2,2,103,112,0,20498113277
182,0,20676924491,20678230090,1305599,2,2,109,720,0,20471082534
126,0,20685809089,20685868289,59200,2,2,107,344,0,20473695723
183,0,20722612502,20728143713,5531211,2,2,109,2000,0,20516770878
204,0,20735264512,20739818138,4553626,2,2,103,1708,0,20592498664
133,0,20848910573,20850644971,1734398,2,2,100,509,0,20636652417
109,0,20847763374,20852267370,4503996,2,2,101,1164,0,20635085058
205,0,20897414861,20897414861,0,2,2,103,80,0,20757968538
211,0,20940342915,20940562115,219200,2,2,106,394,0,20705748982
187,0,20956030153,20956332552,302399,2,2,102,420,0,20715631454
206,0,20973656931,20979188165,5531234,2,2,103,2000,0,20830897297
207,0,20980378580,20985909815,5531235,2,2,103,2000,0,20833185106
110,0,20996340671,20997873469,1532798,2,2,101,791,0,20774826885
208,0,21001278026,21003143633,1865607,2,2,103,895,0,20858519098
212,0,21008977766,21008977766,0,2,2,106,232,0,20774102696
184,0,21036634424,21042165635,5531211,2,2,109,2000,0,20830794805
209,0,21047221666,21047221666,0,2,2,103,189,0,20906383988
127,0,21054063353,21054063353,0,2,2,107,247,0,20843750147
185,0,21055210552,21055672952,462400,2,2,109,470,0,20849097825
188,0,21086079949,21089172746,3092797,2,2,102,1265,0,20845690010
128,0,21146076320,21151653915,5577595,2,2,107,2000,0,20934004970
189,0,21164368466,21169899662,5531196,2,2,102,2000,0,20923983801
213,0,21173227768,21174619766,1391998,2,2,106,747,0,20938648852
129,0,21186764351,21191105147,4340796,2,2,107,1627,0,20974696714
134,0,21212720685,21217515881,4795196,2,2,100,1770,0,21001008558
135,0,21254430589,21254499388,68799,2,2,100,347,0,21041878133
190,0,21252092991,21258883386,6790395,2,2,102,2000,0,21005589618
136,0,21260073785,21265604981,5531196,2,2,100,2000,0,21047408544
137,0,21266795380,21267772979,977599,2,2,100,631,0,21050064387
111,0,21279712381,21285243577,5531196,2,2,101,2000,0,21067084217
214,0,21296720142,21296720142,0,2,2,106,261,0,21063573957
112,0,21294675343,21299153740,4478397,2,2,101,1404,0,21081139648
210,0,21321557432,21324787851,3230419,2,2,103,1308,0,21178806838
215,0,21333666685,21334882683,1215998,2,2,106,692,0,21093187854
216,0,21336073082,21341604278,5531196,2,2,106,2000,0,21093522422
217,0,21345770765,21348380363,2609598,2,2,106,1114,0,21106113243
191,0,21350638474,21350638474,0,2,2,102,188,0,21109324986
192,0,21354728008,21357465605,2737597,2,2,102,1154,0,21113480012
113,0,21430386350,21435917546,5531196,2,2,101,2000,0,21217775661
218,0,21445758729,21449547525,3788796,2,2,106,1469,0,21211197321
114,0,21463029947,21465905144,2875197,2,2,101,1169,0,21250423044
193,0,21471494752,21477025948,5531196,2,2,102,2000,0,21231130751
138,0,21497540710,21497540710,0,2,2,100,22,0,21291948840
130,0,21535858355,21535858355,0,2,2,107,198,0,21326529935
131,0,21555167531,21557837928,2670397,2,2,107,1133,0,21343133449
219,0,21564603742,21565622942,1019200,2,2,106,644,0,21330049967
115,0,21576182546,21576182546,0,2,2,101,143,0,21361473630
139,0,21602956347,21606295545,3339198,2,2,100,997,0,21391289750
186,0,21604103546,21611916340,7812794,2,2,109,2000,0,21397288148
194,0,21615297505,21615297505,0,2,2,102,317,0,21375436001
195,0,21639928801,21645506396,5577595,2,2,102,2000,0,21388202539
116,0,21663938955,21669470151,5531196,2,2,101,2000,0,21451355355
196,0,21670617350,21670718150,100800,2,2,102,357,0,21429728582
132,0,21681416562,21681416562,0,2,2,107,92,0,21474136749
140,0,21686832115,21686832115,0,2,2,100,115,0,21479476544
220,0,21702387962,21706048759,3660797,2,2,106,739,0,21467754019
141,0,21701240763,21709378355,8137592,2,2,100,2000,0,21484367850
142,0,21719639930,21722057528,2417598,2,2,100,1054,0,21507986936
143,0,21761306609,21766881005,5574396,2,2,100,2000,0,21549658481
221,0,21768725434,21771503030,2777596,2,2,106,1152,0,21531044125
222,0,21789544499,21791752497,2207998,2,2,106,1002,0,21555005171
223,0,21798736606,21798736606,0,2,2,106,331,0,21558162139
117,0,21816291580,21816291580,0,2,2,101,283,0,21604800942
133,0,21826327732,21831905327,5577595,2,2,107,2000,0,21614318322
224,0,21865072940,21870690536,5617596,2,2,106,2000,0,21621632767
197,0,21871837735,21872924134,1086399,2,2,102,665,0,21623406781
187,0,21874955949,21875453548,497599,2,2,109,481,0,21669121395
144,0,21913218995,21918750191,5531196,2,2,100,2000,0,21696515319
198,0,21989448505,21989448505,0,2,2,102,300,0,21744808807
211,0,22123499075,22126188695,2689620,2,2,103,1139,0,21980769197
188,0,22127256829,22127256829,0,2,2,109,246,0,21922533735
225,0,22138086061,22139066860,980799,2,2,106,632,0,21903569080
226,0,22166438877,22166438877,0,2,2,106,162,0,21935888708
118,0,22176577042,22180204238,3627196,2,2,101,1404,0,21964052834
145,0,22193232005,22194457604,1225599,2,2,100,695,0,21981634209
199,0,22209090643,22209090643,0,2,2,102,60,0,21975026124
212,0,22244328046,22246523254,2195208,2,2,103,998,0,22101601266
119,0,22264280970,22264280970,0,2,2,101,157,0,22055261699
120,0,22285533376,22285533376,0,2,2,101,133,0,22076977396
227,0,22335541152,22341118747,5577595,2,2,106,2000,0,22100759107
228,0,22341670746,22341670746,0,2,2,106,126,0,22109576474
189,0,22342817945,22343632344,814399,2,2,109,580,0,22136320976
121,0,22346647032,22346647032,0,2,2,101,320,0,22134507360
229,0,22371452698,22371452698,0,2,2,106,271,0,22138473915
146,0,22373470266,22373635065,164799,2,2,100,377,0,22161809331
230,0,22381407457,22386938653,5531196,2,2,106,2000,0,22146906050
190,0,22396368403,22401899607,5531204,2,2,109,2000,0,22190536862
134,0,22477407020,22477407020,0,2,2,107,191,0,22263625345
213,0,22596772993,22599225808,2452815,2,2,103,1065,0,22454055268
214,0,22600416218,22604816244,4400026,2,2,103,1660,0,22457455229
191,0,22605545665,22606248065,702400,2,2,109,545,0,22399715301
192,0,22607438464,22608521664,1083200,2,2,109,664,0,22400709539
215,0,22621873811,22622793811,920000,2,2,103,613,0,22479156726
200,0,22648490410,22654021606,5531196,2,2,102,2000,0,22408205462
147,0,22675903464,22676404264,500800,2,2,100,482,0,22464361824
216,0,22701527550,22703229963,1702413,2,2,103,844,0,22550050909
231,0,22704953435,22706255834,1302399,2,2,106,374,0,22470428196
193,0,22703806236,22710039829,6233593,2,2,109,1798,0,22497976399
194,0,22710939028,22710939028,0,2,2,109,248,0,22500468610
201,0,22720521025,22722890622,2369597,2,2,102,694,0,22479367172
195,0,22718226627,22726173819,7947192,2,2,109,2000,0,22512396865
217,0,22734925530,22734925530,0,2,2,103,306,0,22592633746
135,0,22822093855,22824311453,2217598,2,2,107,1005,0,22610174751
148,0,22850676677,22855679872,5003195,2,2,100,1835,0,22637102290
149,0,22866571205,22871302400,4731195,2,2,100,1750,0,22647603052
232,0,22908992137,22914523333,5531196,2,2,106,2000,0,22674524396
202,0,22927439746,22931087743,3647997,2,2,102,1425,0,22687173500
233,0,22938857826,22940374624,1516798,2,2,106,786,0,22704391997
136,0,22944630055,22945287655,657600,2,2,107,531,0,22731680652
150,0,22942292457,22947495653,5203196,2,2,100,1347,0,22730781787
196,0,22954588265,22956831478,2243213,2,2,109,1013,0,22748759785
197,0,23096719438,23097501838,782400,2,2,109,570,0,22890165388
122,0,23180663508,23180663508,0,2,2,101,230,0,22970348454
198,0,23193426682,23195972279,2545597,2,2,109,749,0,22987326364
203,0,23191132284,23199255477,8123193,2,2,102,2000,0,22950883719
204,0,23200445876,23202324274,1878398,2,2,102,899,0,22957073325
205,0,23237172578,23237172578,0,2,2,102,246,0,22999010388
206,0,23249003216,23249321615,318399,2,2,102,425,0,23008758518
234,0,23252363994,23253976792,1612798,2,2,106,816,0,23017918124
235,0,23272255847,23274428645,2172798,2,2,106,991,0,23037811252
218,0,23276892787,23278758395,1865608,2,2,103,895,0,23134192439
207,0,23277006657,23282537853,5531196,2,2,102,2000,0,23036763836
219,0,23284596001,23288999228,4403227,2,2,103,1661,0,23141895850
199,0,23336966640,23340835437,3868797,2,2,109,1494,0,23124458116
200,0,23348387588,23353918795,5531207,2,2,109,2000,0,23142561144
151,0,23369687123,23375218319,5531196,2,2,100,2000,0,23158226098
220,0,23403508734,23405374347,1865613,2,2,103,895,0,23260811612
152,0,23407312454,23408389253,1076799,2,2,100,662,0,23195855793
236,0,23409464649,23409464649,0,2,2,106,124,0,23179845009
221,0,23441416693,23446189528,4772835,2,2,103,1763,0,23298720524
208,0,23446079292,23451656887,5577595,2,2,102,2000,0,23194013630
153,0,23459094189,23459313389,219200,2,2,100,394,0,23244699860
237,0,23454462193,23461750186,7287993,2,2,106,1060,0,23220029150
137,0,23455609392,23462394985,6785593,2,2,107,1217,0,23242653685
209,0,23466427151,23471958347,5531196,2,2,102,2000,0,23226197001
238,0,23487428145,23488344944,916799,2,2,106,612,0,23252997211
239,0,23512872893,23518404089,5531196,2,2,106,2000,0,23277511442
138,0,23537295608,23545121202,7825594,2,2,107,2000,0,23325441117
222,0,23543800140,23549331373,5531233,2,2,103,2000,0,23401106585
201,0,23541884404,23549505199,7620795,2,2,109,2000,0,23335793195
223,0,23550864276,23550864276,0,2,2,103,246,0,23409361314
240,0,23554362584,23555407384,1044800,2,2,106,652,0,23319935903
224,0,23564439803,23564633402,193599,2,2,103,386,0,23421746761
123,0,23567583333,23567583333,0,2,2,101,247,0,23356986518
210,0,23586545996,23587992395,1446399,2,2,102,764,0,23346323887
202,0,23589139594,23594717189,5577595,2,2,109,2000,0,23381917755
241,0,23621344504,23625562100,4217596,2,2,106,1603,0,23381530795
225,0,23635381734,23640912969,5531235,2,2,103,2000,0,23492690496
203,0,23664951742,23667423740,2471998,2,2,109,1071,0,23459126866
204,0,23669320199,23671249798,1929599,2,2,109,915,0,23463495371
139,0,23709502873,23713418068,3915195,2,2,107,1494,0,23497663890
242,0,23727931070,23728022269,91199,2,2,106,354,0,23493515399
211,0,23754202346,23755757545,1555199,2,2,102,798,0,23512383945
140,0,23787720682,23787720682,0,2,2,107,157,0,23579383436
141,0,23814769676,23817459274,2689598,2,2,107,1139,0,23602562121
124,0,23854462898,23856203697,1740799,2,2,101,856,0,23641070536
142,0,23862309813,23866434610,4124797,2,2,107,1574,0,23650484607
226,0,23870815259,23876346492,5531233,2,2,103,2000,0,23728130001
212,0,23876220986,23881891379,5670393,2,2,102,2000,0,23635616806
154,0,23887304564,23887304564,0,2,2,100,319,0,23676287611
227,0,23891673465,23897204697,5531232,2,2,103,2000,0,23748988726
213,0,23944358466,23948336063,3977597,2,2,102,1528,0,23704160271
243,0,23976883875,23978471074,1587199,2,2,106,808,0,23742483986
125,0,24000045336,24002632534,2587198,2,2,101,1107,0,23786154605
143,0,24020805306,24020805306,0,2,2,107,335,0,23804277368
126,0,24023555217,24023748816,193599,2,2,101,386,0,23810971425
244,0,24036260168,24041426562,5166394,2,2,106,1857,0,23796216432
214,0,24044686795,24045792394,1105599,2,2,102,671,0,23795167958
144,0,24052761988,24052830787,68799,2,2,107,347,0,23839798765
215,0,24046982793,24053773187,6790394,2,2,102,2000,0,23798412111
216,0,24057777773,24063308969,5531196,2,2,102,2000,0,23817587168
205,0,24078372019,24084311214,5939195,2,2,109,1424,0,23872549165
145,0,24080666417,24092180008,11513591,2,2,107,2000,0,23868581973
206,0,24086648812,24094285606,7636794,2,2,109,1660,0,23876058359
217,0,24111128513,24111251713,123200,2,2,102,364,0,23865797050
228,0,24112269235,24117800470,5531235,2,2,103,2000,0,23969590084
245,0,24137398799,24141699593,4300794,2,2,106,1600,0,23901205072
246,0,24149013539,24154544735,5531196,2,2,106,2000,0,23914624557
155,0,24157932639,24159900638,1967999,2,2,100,927,0,23946563029
146,0,24179718156,24182772554,3054398,2,2,107,1253,0,23963047750
156,0,24184065864,24189686659,5620795,2,2,100,2000,0,23967110513
247,0,24251438849,24251438849,0,2,2,106,260,0,24016135716
147,0,24280409149,24280409149,0,2,2,107,316,0,24063662172
229,0,24303705881,24303705881,0,2,2,103,250,0,24162170799
218,0,24302483533,24311771526,9287993,2,2,102,1740,0,24056736322
157,0,24303630732,24312432326,8801594,2,2,100,1567,0,24090091380
207,0,24336401730,24336401730,0,2,2,109,147,0,24134880883
248,0,24347576715,24353151111,5574396,2,2,106,2000,0,24108452808
148,0,24354298310,24359829506,5531196,2,2,107,2000,0,24141698823
158,0,24361019905,24362549504,1529599,2,2,100,790,0,24149382197
219,0,24364670548,24365507347,836799,2,2,102,587,0,24124500436
208,0,24379441717,24381766514,2324797,2,2,109,1024,0,24173620282
230,0,24383953813,24389485045,5531232,2,2,103,2000,0,24241281517
209,0,24392649279,24393865291,1216012,2,2,109,692,0,24186827904
231,0,24400502960,24406034198,5531238,2,2,103,2000,0,24257831093
149,0,24404484718,24406471917,1987199,2,2,107,933,0,24192680500
210,0,24414544978,24417530588,2985610,2,2,109,1218,0,24208723703
220,0,24423732313,24426225110,2492797,2,2,102,1063,0,24183566149
221,0,24427415509,24431284305,3868796,2,2,102,1494,0,24184151140
150,0,24436007996,24436007996,0,2,2,107,134,0,24228170658
159,0,24455621879,24461153075,5531196,2,2,100,2000,0,24237768215
249,0,24520252427,24520252427,0,2,2,106,153,0,24289729134
127,0,24528720975,24530935373,2214398,2,2,101,1004,0,24316468393
250,0,24539459702,24539896501,436799,2,2,106,462,0,24304219799
128,0,24567490370,24567683969,193599,2,2,101,386,0,24354263508
222,0,24574843203,24579839998,4996795,2,2,102,1833,0,24334687129
160,0,24590995957,24591231158,235201,2,2,100,399,0,24379676470
251,0,24595407224,24596266423,859199,2,2,106,594,0,24361046424
232,0,24613715837,24614922244,1206407,2,2,103,689,0,24471049343
211,0,24638408842,24638916041,507199,2,2,109,484,0,24432588558
151,0,24674450162,24676075760,1625598,2,2,107,475,0,24461533403
129,0,24675597361,24683952554,8355193,2,2,101,1671,0,24457954955
223,0,24678370158,24687189352,8819194,2,2,102,2000,0,24434931394
161,0,24688422951,24688584551,161600,2,2,100,376,0,24474389772
130,0,24691152789,24696683985,5531196,2,2,101,2000,0,24478918907
131,0,24763036392,24772052385,9015993,2,2,101,2000,0,24550810773
212,0,24766477989,24774761182,8283193,2,2,109,1835,0,24559910079
233,0,24777663149,24779128755,1465606,2,2,103,770,0,24635000779
252,0,24780537178,24780537178,0,2,2,106,338,0,24542034930
162,0,24775908381,24782626777,6718396,2,2,100,2000,0,24560995598
152,0,24783637977,24783637977,0,2,2,107,283,0,24571562854
234,0,24801448201,24806979436,5531235,2,2,103,2000,0,24658786408
253,0,24813082902,24813082902,0,2,2,106,163,0,24582678441
153,0,24874357325,24874357325,0,2,2,107,148,0,24666290480
213,0,24880189349,24880189349,0,2,2,109,252,0,24676318906
254,0,24890732466,24890732466,0,2,2,106,280,0,24657711977
255,0,24897009855,24902587450,5577595,2,2,106,2000,0,24662668097
235,0,24911444417,24916975652,5531235,2,2,103,2000,0,24768785387
163,0,24939759473,24945290669,5531196,2,2,100,2000,0,24728480324
164,0,24957043729,24957928529,884800,2,2,100,602,0,24745766582
154,0,24987855655,24988196454,340799,2,2,107,432,0,24776131508
256,0,25021132032,25026706428,5574396,2,2,106,2000,0,24786798095
214,0,25036851741,25037915741,1064000,2,2,109,658,0,24830199400
132,0,25064465570,25064521570,56000,2,2,101,343,0,24852274633
155,0,25090829377,25096360573,5531196,2,2,107,2000,0,24879114452
236,0,25098199876,25103731110,5531234,2,2,103,2000,0,24955545519
133,0,25121327275,25126858471,5531196,2,2,101,2000,0,24909142877
237,0,25142077272,25142910871,833599,2,2,103,586,0,24999424019
224,0,25155739278,25156067278,328000,2,2,102,428,0,24915290869
156,0,25153444880,25160451275,7006395,2,2,107,2000,0,24941735550
215,0,25193535923,25196156719,2620796,2,2,109,1103,0,24987718045
257,0,25255241300,25260772496,5531196,2,2,106,2000,0,25015580380
258,0,25269895735,25272287732,2391997,2,2,106,1046,0,25035577447
259,0,25285737919,25291358715,5620796,2,2,106,2000,0,25050473026
134,0,25292249914,25292249914,0,2,2,101,259,0,25080606406
135,0,25293705451,25299279847,5574396,2,2,101,2000,0,25080788611
157,0,25304946509,25306453708,1507199,2,2,107,783,0,25093250726
136,0,25320312846,25320312846,0,2,2,101,128,0,25112202958
158,0,25340781545,25342826344,2044799,2,2,107,606,0,25129088980
225,0,25341928744,25345997541,4068797,2,2,102,1275,0,25100845560
226,0,25347312786,25350258383,2945597,2,2,102,1219,0,25107208183
260,0,25351123981,25351123981,0,2,2,106,223,0,25118575474
137,0,25365410115,25366622914,1212799,2,2,101,691,0,25153253777
138,0,25396247254,25398188051,1940797,2,2,101,904,0,25184094458
159,0,25412006331,25412006331,0,2,2,107,146,0,25198664121
216,0,25426769120,25432300317,5531197,2,2,109,2000,0,25220556141
165,0,25449566687,25451557086,1990399,2,2,100,934,0,25234769364
160,0,25466489160,25470412357,3923197,2,2,107,1139,0,25254807816
166,0,25468826758,25474217153,5390395,2,2,100,1129,0,25257369944
227,0,25473853954,25479791549,5937595,2,2,102,2000,0,25231070655
217,0,25482706981,25482865381,158400,2,2,109,375,0,25276404260
161,0,25494543449,25500167443,5623994,2,2,107,2000,0,25282248017
228,0,25512988516,25514492514,1503998,2,2,102,782,0,25268175237
229,0,25522240092,25522292891,52799,2,2,102,342,0,25282147138
261,0,25539555935,25545130331,5574396,2,2,106,2000,0,25305254583
218,0,25545624730,25545624730,0,2,2,109,135,0,25344115995
230,0,25558330567,25558330567,0,2,2,102,312,0,25318542540
262,0,25572235774,25572592573,356799,2,2,106,437,0,25337936476
219,0,25574814289,25583787082,8972793,2,2,109,2000,0,25368997947
231,0,25578255886,25584182282,5926396,2,2,102,1139,0,25337830630
220,0,25640513744,25640707343,193599,2,2,109,386,0,25433199483
139,0,25639366545,25643396941,4030396,2,2,101,1139,0,25426328949
232,0,25649222535,25649304135,81600,2,2,102,351,0,25407808614
162,0,25644544140,25651393734,6849594,2,2,107,2000,0,25427838429
163,0,25652584133,25658115329,5531196,2,2,107,2000,0,25428933584
233,0,25661862184,25663686182,1823998,2,2,102,882,0,25416555609
164,0,25674820536,25674820536,0,2,2,107,283,0,25464233080
234,0,25680804262,25680804262,0,2,2,102,151,0,25441722640
235,0,25721051475,25723619472,2567997,2,2,102,1101,0,25477627687
238,0,25727229346,25730130161,2900815,2,2,103,1205,0,25584590711
167,0,25739279963,25744236758,4956795,2,2,100,1806,0,25528093130
221,0,25784383996,25785977595,1593599,2,2,109,810,0,25576562715
239,0,25782724594,25788255826,5531232,2,2,103,2000,0,25640087344
240,0,25789446242,25794110276,4664034,2,2,103,1729,0,25640945800
165,0,25807953066,25811289063,3335997,2,2,107,1341,0,25596302211
140,0,25822107084,25822975883,868799,2,2,101,597,0,25610003210
166,0,25833453067,25838984263,5531196,2,2,107,2000,0,25621804484
263,0,25858960139,25860873737,1913598,2,2,106,910,0,25624678820
167,0,25887224857,25888690455,1465598,2,2,107,770,0,25670347232
168,0,25889880854,25893239251,3358397,2,2,107,1321,0,25674092856
222,0,25896936400,25902185996,5249596,2,2,109,1912,0,25688307412
236,0,25909435921,25911192719,1756798,2,2,102,861,0,25669368737
264,0,25949948414,25953478011,3529597,2,2,106,1388,0,25715672794
169,0,25989460910,25994992106,5531196,2,2,107,2000,0,25777826231
223,0,26017616962,26028884153,11267191,2,2,109,2000,0,25811802335
141,0,26018764161,26029826553,11062392,2,2,101,2000,0,25806462837
168,0,26068578961,26071383759,2804798,2,2,100,1175,0,25857430079
224,0,26074338000,26076835598,2497598,2,2,109,1079,0,25868523568
241,0,26077574142,26083105379,5531237,2,2,103,2000,0,25934944214
242,0,26106409273,26111940508,5531235,2,2,103,2000,0,25963780053
265,0,26112322914,26112650914,328000,2,2,106,428,0,25872203475
225,0,26134871112,26136365510,1494398,2,2,109,779,0,25928202376
170,0,26230180526,26230258926,78400,2,2,107,350,0,26018567306
266,0,26240843407,26240843407,0,2,2,106,283,0,26007840458
267,0,26241854607,26241854607,0,2,2,106,283,0,26008592088
169,0,26244343620,26244343620,0,2,2,100,258,0,26034770359
170,0,26255273935,26255273935,0,2,2,100,143,0,26047910157
142,0,26261068453,26266646048,5577595,2,2,101,2000,0,26049014928
143,0,26267836447,26273201243,5364796,2,2,101,1948,0,26053720232
226,0,26291373690,26292517690,1144000,2,2,109,683,0,26085560053
144,0,26303064296,26305593894,2529598,2,2,101,1089,0,26091015583
268,0,26344581751,26350112947,5531196,2,2,106,2000,0,26110330824
145,0,26363829217,26365941216,2111999,2,2,101,972,0,26151787461
237,0,26417963967,26420653565,2689598,2,2,102,1139,0,26176411919
238,0,26424865387,26426167786,1302399,2,2,102,719,0,26184547923
227,0,26518574121,26524105330,5531209,2,2,109,2000,0,26312761306
171,0,26534890860,26535351658,460798,2,2,100,455,0,26323795683
243,0,26551455141,26551917541,462400,2,2,103,470,0,26408836927
171,0,26590693897,26590693897,0,2,2,107,327,0,26378871713
172,0,26587204299,26596225093,9020794,2,2,100,2000,0,26376115145
269,0,26592988295,26600609090,7620795,2,2,106,2000,0,26356882795
270,0,26639272439,26641840436,2567997,2,2,106,1101,0,26405039895
271,0,26642976436,26642976436,0,2,2,106,322,0,26406466865
172,0,26678200043,26679425642,1225599,2,2,107,695,0,26461339024
239,0,26705302955,26706187755,884800,2,2,102,602,0,26465288646
272,0,26759427048,26759979047,551999,2,2,106,498,0,26518328705
240,0,26764706895,26770238091,5531196,2,2,102,2000,0,26524696532
273,0,26786466183,26791997379,5531196,2,2,106,2000,0,26552242832
146,0,26823986544,26829517741,5531197,2,2,101,2000,0,26611997510
274,0,26838283408,26843814604,5531196,2,2,106,2000,0,26604063272
241,0,26849792823,26849848823,56000,2,2,102,343,0,26609788097
147,0,26924233059,26924233059,0,2,2,101,179,0,26715327822
242,0,26933972223,26939503419,5531196,2,2,102,2000,0,26693973096
244,0,26956979825,26956979825,0,2,2,103,136,0,26816970080
173,0,26962245590,26962245590,0,2,2,100,159,0,26754655915
173,0,26994036909,26994297708,260799,2,2,107,407,0,26778486432
174,0,26992889710,26999828904,6939194,2,2,100,2000,0,26781269182
175,0,27001065702,27006596898,5531196,2,2,100,2000,0,26783953369
275,0,27158633477,27164164673,5531196,2,2,106,2000,0,26918044565
276,0,27165398004,27165726004,328000,2,2,106,428,0,26928135742
245,0,27181941680,27183365690,1424010,2,2,103,757,0,27039338986
174,0,27188292043,27189770441,1478398,2,2,107,774,0,26976763901
277,0,27231515644,27232715642,1199998,2,2,106,687,0,26997320003
246,0,27234500211,27240031449,5531238,2,2,103,2000,0,27091898816
175,0,27262741375,27263696575,955200,2,2,107,624,0,27051219825
228,0,27268964866,27269888065,923199,2,2,109,614,0,27063154475
243,0,27299203480,27304781075,5577595,2,2,102,2000,0,27059228532
229,0,27318393822,27319534621,1140799,2,2,109,682,0,27112583619
148,0,27324773976,27324773976,0,2,2,101,199,0,27115530524
247,0,27346450237,27348315844,1865607,2,2,103,895,0,27203851569
176,0,27364655769,27364702168,46399,2,2,107,340,0,27153143253
248,0,27438064940,27443596172,5531232,2,2,103,2000,0,27295468517
230,0,27440186766,27445717974,5531208,2,2,109,2000,0,27233526617
231,0,27483981622,27483981622,0,2,2,109,307,0,27278888732
232,0,27585593768,27587459383,1865615,2,2,109,895,0,27366722367
233,0,27588649782,27589009782,360000,2,2,109,438,0,27371452187
234,0,27589880182,27589880182,0,2,2,109,239,0,27385752678
235,0,27612238989,27614992586,2753597,2,2,109,1159,0,27406429659
278,0,27636790357,27642321553,5531196,2,2,106,2000,0,27402619898
249,0,27673859229,27673859229,0,2,2,103,131,0,27533931048
177,0,27741009919,27744432317,3422398,2,2,107,1368,0,27529530688
236,0,27759331614,27764862823,5531209,2,2,109,2000,0,27553522710
279,0,27828475798,27834582993,6107195,2,2,106,1808,0,27594317218
244,0,27834254993,27834824593,569600,2,2,102,401,0,27593349657
149,0,27844322407,27846880805,2558398,2,2,101,1098,0,27632450047
150,0,27866755724,27866755724,0,2,2,101,217,0,27656466388
250,0,27897418717,27898753123,1334406,2,2,103,729,0,27754833507
245,0,27946216611,27951747808,5531197,2,2,102,2000,0,27706284510
178,0,27979365617,27982154414,2788797,2,2,107,1170,0,27767907415
179,0,27992453305,27996491701,4038396,2,2,107,1547,0,27780996252
180,0,28005209396,28006470194,1260798,2,2,107,706,0,27793753489
246,0,28030038543,28030038543,0,2,2,102,296,0,27791075230
237,0,28049793087,28051073086,1279999,2,2,109,712,0,27843984998
151,0,28079046152,28084577348,5531196,2,2,101,2000,0,27867200602
251,0,28122110491,28123537697,1427206,2,2,103,758,0,27979530737
249,0,28157859605,28158322005,462400,2,2,102,470,0,27902891370
280,0,28173129000,28173129000,0,2,2,106,58,0,27945006327
247,0,28170543393,28174549798,4006405,2,2,102,1446,0,27884765447
248,0,28175740197,28176943396,1203199,2,2,102,688,0,27888241235
250,0,28199544144,28199926544,382400,2,2,102,445,0,27956761506
252,0,28209434370,28214376803,4942433,2,2,103,1816,0,28066856739
176,0,28219902086,28221194885,1292799,2,2,100,716,0,28009000365
238,0,28243081318,28250906912,7825594,2,2,109,2000,0,28037273714
281,0,28247670114,28254698909,7028795,2,2,106,1815,0,28012617202
251,0,28258879359,28259632958,753599,2,2,102,561,0,28014665575
252,0,28260823377,28262288984,1465607,2,2,102,770,0,28015472991
253,0,28264392545,28269923790,5531245,2,2,102,2000,0,28020178579
239,0,28287920063,28287920063,0,2,2,109,306,0,28082851810
282,0,28291647156,28296074353,4427197,2,2,106,1655,0,28057517263
254,0,28297963484,28297963484,0,2,2,102,137,0,28058273157
177,0,28298684451,28298684451,0,2,2,100,132,0,28091766538
283,0,28345742339,28345742339,0,2,2,106,111,0,28116723209
255,0,28393661739,28395034540,1372801,2,2,102,741,0,28149443891
284,0,28413448449,28418979645,5531196,2,2,106,2000,0,28164936521
285,0,28420170044,28424022841,3852797,2,2,106,1489,0,28175430868
286,0,28489737814,28489737814,0,2,2,106,98,0,28261018798
287,0,28498855031,28502248629,3393598,2,2,106,1359,0,28264737931
152,0,28516172636,28518811034,2638398,2,2,101,1123,0,28304376949
253,0,28553397785,28553636184,238399,2,2,103,400,0,28410828489
178,0,28579588764,28589841555,10252791,2,2,100,2000,0,28368728210
288,0,28583163160,28592707153,9543993,2,2,106,1539,0,28342438944
153,0,28588899155,28597091150,8191995,2,2,101,2000,0,28376600928
240,0,28628905232,28636730826,7825594,2,2,109,2000,0,28423098604
181,0,28641362822,28644730820,3367998,2,2,107,661,0,28423629403
289,0,28635788426,28645169220,9380794,2,2,106,1139,0,28399527328
179,0,28633494028,28648406018,14911990,2,2,100,2000,0,28421139190
182,0,28647463618,28653983613,6519995,2,2,107,2000,0,28423757504
254,0,28658420420,28658420420,0,2,2,103,230,0,28517248911
256,0,28685313331,28688306968,2993637,2,2,102,1234,0,28441086748
257,0,28711916293,28714817111,2900818,2,2,102,1205,0,28467688910
241,0,28717123423,28717123423,0,2,2,109,132,0,28515132010
255,0,28723842255,28725650263,1808008,2,2,103,877,0,28581277085
290,0,28727698904,28727698904,0,2,2,106,124,0,28498412156
258,0,28730903977,28736435213,5531236,2,2,102,2000,0,28486676022
291,0,28778905861,28784437057,5531196,2,2,106,2000,0,28544806042
256,0,28793725103,28794789103,1064000,2,2,103,658,0,28651161621
292,0,28812716724,28814367922,1651198,2,2,106,828,0,28576271347
259,0,28816151332,28817482540,1331208,2,2,102,728,0,28568146600
242,0,28834277473,28837015070,2737597,2,2,109,1154,0,28628471335
257,0,28836196711,28838668725,2472014,2,2,103,1071,0,28693634247
183,0,28838162269,28839303068,1140799,2,2,107,682,0,28626517494
293,0,28840383068,28840383068,0,2,2,106,318,0,28605575887
260,0,28853798649,28856016257,2217608,2,2,102,1005,0,28606676889
258,0,28883490998,28889022232,5531234,2,2,103,2000,0,28740929679
154,0,28952119192,28957650388,5531196,2,2,101,2000,0,28740373177
180,0,28989205413,28989205413,0,2,2,100,304,0,28779063756
261,0,29006194282,29011771895,5577613,2,2,102,2000,0,28761958041
262,0,29017389731,29017389731,0,2,2,102,155,0,28770931792
294,0,29033816054,29033920053,103999,2,2,106,358,0,28799731949
184,0,29046467817,29046467817,0,2,2,107,73,0,28840211142
295,0,29057934680,29061309078,3374398,2,2,106,1353,0,28823852053
263,0,29084183573,29084725972,542399,2,2,102,495,0,28839944980
264,0,29093891874,29094552674,660800,2,2,102,532,0,28849652978
243,0,29148321873,29150523472,2201599,2,2,109,1000,0,28941235253
259,0,29158546416,29161101635,2555219,2,2,103,1097,0,29015991712
260,0,29196690291,29202221523,5531232,2,2,103,2000,0,29054136505
185,0,29214585921,29220117118,5531197,2,2,107,2000,0,29003236413
181,0,29241280374,29243688371,2407997,2,2,100,1051,0,29030495436
186,0,29247325804,29247325804,0,2,2,107,235,0,29037976103
155,0,29257539512,29260229110,2689598,2,2,101,1139,0,29045828263
265,0,29366526720,29366526720,0,2,2,102,178,0,29124883389
187,0,29365894721,29372057916,6163195,2,2,107,2000,0,29154558478
244,0,29392026516,29392026516,0,2,2,109,260,0,29187524857
182,0,29386500121,29392968916,6468795,2,2,100,2000,0,29171628332
261,0,29412114761,29412114761,0,2,2,103,137,0,29272151807
188,0,29437782657,29446798650,9015993,2,2,107,2000,0,29226452723
183,0,29441267454,29448545848,7278394,2,2,100,1548,0,29229403690
296,0,29461007116,29464403913,3396797,2,2,106,1360,0,29226949301
266,0,29560302398,29560302398,0,2,2,102,250,0,29318042916
156,0,29563453387,29569027783,5574396,2,2,101,2000,0,29351776938
297,0,29611554327,29615149524,3595197,2,2,106,1395,0,29377505756
245,0,29620868891,29622561690,1692799,2,2,109,841,0,29415064402
298,0,29643592468,29643898068,305600,2,2,106,421,0,29409545873
299,0,29649358648,29649957046,598398,2,2,106,498,0,29415312383
300,0,29653515954,29654987952,1471998,2,2,106,772,0,29419469940
301,0,29656178351,29661709547,5531196,2,2,106,2000,0,29420912400
246,0,29677464002,29682995212,5531210,2,2,109,2000,0,29471659643
267,0,29690757101,29696211527,5454426,2,2,102,1947,0,29446500126
302,0,29704465384,29705879782,1414398,2,2,106,754,0,29470422500
268,0,29719677035,29722305845,2628810,2,2,102,1120,0,29475419171
262,0,29759822647,29759822647,0,2,2,103,246,0,29618472749
189,0,29762004743,29762004743,0,2,2,107,145,0,29554328737
190,0,29769838490,29769936089,97599,2,2,107,356,0,29558537620
247,0,29787891803,29787891803,0,2,2,109,281,0,29582563158
269,0,29791415411,29794332246,2916835,2,2,102,1210,0,29547155378
270,0,29795522646,29801097084,5574438,2,2,102,2000,0,29548912340
191,0,29804875059,29806715058,1839999,2,2,107,887,0,29592399190
248,0,29834031031,29837367028,3335997,2,2,109,1341,0,29626314503
249,0,29838557427,29840242225,1684798,2,2,109,824,0,29627743673
192,0,29866166941,29869752536,3585595,2,2,107,1391,0,29654874484
271,0,29909071029,29918043842,8972813,2,2,102,2000,0,29664807441
303,0,29912512646,29920733440,8220794,2,2,106,1139,0,29677849342
184,0,29914807044,29922763837,7956793,2,2,100,1277,0,29699382789
185,0,29923954236,29924602236,648000,2,2,100,528,0,29712680482
304,0,29928669870,29929356269,686399,2,2,106,540,0,29692357169
250,0,29948149242,29951062839,2913597,2,2,109,1209,0,29742345348
272,0,30005179549,30010710795,5531246,2,2,102,2000,0,29758823148
305,0,30025957560,30031488756,5531196,2,2,106,2000,0,29787001708
251,0,30032682354,30037219950,4537596,2,2,109,1703,0,29826344689
252,0,30069228286,30070218686,990400,2,2,109,635,0,29862815624
306,0,30076659514,30076659514,0,2,2,106,216,0,29830665849
253,0,30124728973,30126104972,1375999,2,2,109,742,0,29918925391
157,0,30138937980,30139013179,75199,2,2,101,349,0,29927326916
193,0,30141442938,30143391736,1948798,2,2,107,921,0,29930174535
263,0,30149174143,30151353349,2179206,2,2,103,993,0,30006643096
158,0,30145831380,30151362576,5531196,2,2,101,2000,0,29934221077
307,0,30158995269,30160396868,1401599,2,2,106,750,0,29924980263
264,0,30169330191,30174861425,5531234,2,2,103,2000,0,30026799619
308,0,30190165477,30194043873,3878396,2,2,106,1497,0,29952812065
159,0,30218479499,30221169097,2689598,2,2,101,1139,0,30006877449
254,0,30240222061,30242087660,1865599,2,2,109,895,0,30034418661
273,0,30284463318,30287199345,2736027,2,2,102,1139,0,30040188277
194,0,30320614641,30321646640,1031999,2,2,107,648,0,30109361868
186,0,30321982640,30321982640,0,2,2,100,72,0,30112302222
309,0,30325281522,30326102322,820800,2,2,106,582,0,30091276679
195,0,30339994483,30339994483,0,2,2,107,192,0,30131566022
310,0,30352713960,30358288356,5574396,2,2,106,2000,0,30108452501
311,0,30359835661,30362917258,3081597,2,2,106,1248,0,30125832927
265,0,30367482711,30367482711,0,2,2,103,230,0,30226352083
255,0,30364064457,30368000453,3935996,2,2,109,1515,0,30158241089
274,0,30369147652,30369475652,328000,2,2,102,428,0,30123833826
275,0,30376015841,30376913441,897600,2,2,102,606,0,30131738019
312,0,30402602991,30402754991,152000,2,2,106,373,0,30168602891
196,0,30411327146,30411379945,52799,2,2,107,342,0,30200082272
187,0,30428450961,30434028556,5577595,2,2,100,2000,0,30216636343
276,0,30454712866,30456930464,2217598,2,2,102,660,0,30199648300
313,0,30455860065,30460023261,4163196,2,2,106,1265,0,30221786154
314,0,30460791261,30460791261,0,2,2,106,207,0,30225307705
277,0,30469267002,30474798248,5531246,2,2,102,2000,0,30224986341
315,0,30484767030,30490298226,5531196,2,2,106,2000,0,30245277897
256,0,30509347213,30509540812,193599,2,2,109,386,0,30300415682
160,0,30562372617,30567903813,5531196,2,2,101,2000,0,30350809584
197,0,30576120403,30576387602,267199,2,2,107,409,0,30360104747
278,0,30584030506,30585937715,1907209,2,2,102,908,0,30339746328
279,0,30595996482,30595996482,0,2,2,102,70,0,30357737318
257,0,30634342405,30638652816,4310411,2,2,109,1632,0,30428539601
266,0,30663731394,30664966601,1235207,2,2,103,698,0,30521212537
161,0,30671738986,30673105385,1366399,2,2,101,739,0,30460188343
188,0,30674252584,30679783780,5531196,2,2,100,2000,0,30462846683
189,0,30703147415,30703216214,68799,2,2,100,347,0,30492529032
267,0,30723513588,30729044825,5531237,2,2,103,2000,0,30580996141
316,0,30767473771,30773004967,5531196,2,2,106,2000,0,30533495950
258,0,30789991028,30795522224,5531196,2,2,109,2000,0,30584188401
190,0,30830105100,30835636296,5531196,2,2,100,2000,0,30619501153
191,0,30836826695,30836962694,135999,2,2,100,368,0,30620776986
198,0,30901239548,30901557947,318399,2,2,107,425,0,30690037343
268,0,30906432931,30907930539,1497608,2,2,103,780,0,30763919800
162,0,30944517669,30950048865,5531196,2,2,101,2000,0,30732997935
192,0,30979653528,30980264726,611198,2,2,100,502,0,30761648039
259,0,30989858029,30992646826,2788797,2,2,109,1170,0,30784055671
163,0,31007598077,31007598077,0,2,2,101,337,0,30796123906
199,0,31059049849,31059982649,932800,2,2,107,617,0,30847861369
269,0,31074273778,31074273778,0,2,2,103,283,0,30932481393
270,0,31081929157,31083765963,1836806,2,2,103,886,0,30939420141
164,0,31090395228,31090395228,0,2,2,101,149,0,30882540400
271,0,31092623806,31097265442,4641636,2,2,103,1722,0,30950115060
260,0,31095966835,31101498031,5531196,2,2,109,2000,0,30890164589
317,0,31115548596,31116921395,1372799,2,2,106,741,0,30881592007
280,0,31118572870,31126398486,7825616,2,2,102,2000,0,30874272270
200,0,31123161688,31130828882,7667194,2,2,107,2000,0,30906016607
165,0,31150895016,31152653415,1758399,2,2,101,848,0,30934333429
261,0,31158483571,31162152367,3668796,2,2,109,1417,0,30952681438
281,0,31197292750,31197707149,414399,2,2,102,455,0,30952346966
318,0,31196145551,31201483146,5337595,2,2,106,1465,0,30962193836
272,0,31211234262,31215611882,4377620,2,2,103,1653,0,31068728284
319,0,31218617513,31219239912,622399,2,2,106,520,0,30981483572
166,0,31228956933,31230227332,1270399,2,2,101,709,0,31017469423
320,0,31260861520,31267539915,6678395,2,2,106,2000,0,31026913754
262,0,31266597515,31273117510,6519995,2,2,109,2000,0,31055950568
193,0,31281323179,31282347177,1023998,2,2,100,631,0,31070770469
167,0,31286142020,31291762815,5620795,2,2,101,2000,0,31074660974
321,0,31294401680,31298449676,4047996,2,2,106,1550,0,31060455961
273,0,31312182287,31314297494,2115207,2,2,103,973,0,31168977009
201,0,31314857857,31318168253,3310396,2,2,107,1305,0,31103691593
282,0,31318900644,31318900644,0,2,2,102,112,0,31077582199
263,0,31359489219,31365066814,5577595,2,2,109,2000,0,31153412453
194,0,31372888422,31378462818,5574396,2,2,100,2000,0,31161847635
322,0,31380128313,31382214711,2086398,2,2,106,964,0,31145590314
283,0,31384833905,31384833905,0,2,2,102,58,0,31146819317
274,0,31410866363,31412165570,1299207,2,2,103,718,0,31262054260
195,0,31412394808,31412394808,0,2,2,100,336,0,31200601019
196,0,31428874010,31428874010,0,2,2,100,283,0,31219062514
275,0,31443494384,31443494384,0,2,2,103,254,0,31302081894
284,0,31446827560,31449571578,2744018,2,2,102,1156,0,31201932368
264,0,31457026275,31462557471,5531196,2,2,109,2000,0,31250748355
197,0,31495714661,31501332257,5617596,2,2,100,2000,0,31285186276
168,0,31504345281,31504756481,411200,2,2,101,454,0,31291507270
285,0,31503198082,31509322878,6124796,2,2,102,1712,0,31258885676
202,0,31534111041,31534675840,564799,2,2,107,502,0,31322963790
323,0,31546705204,31552236400,5531196,2,2,106,2000,0,31312774833
324,0,31553426799,31555359598,1932799,2,2,106,916,0,31315986221
325,0,31556549997,31556945197,395200,2,2,106,449,0,31319775982
276,0,31567937901,31569157108,1219207,2,2,103,693,0,31425440271
277,0,31572198538,31573644945,1446407,2,2,103,764,0,31429701012
326,0,31587493924,31590122721,2628797,2,2,106,1120,0,31353292702
169,0,31635839109,31637947907,2108798,2,2,101,971,0,31424397615
203,0,31653894584,31654062584,168000,2,2,107,378,0,31442757717
204,0,31700000772,31705531968,5531196,2,2,107,2000,0,31488404632
265,0,31729993381,31730676581,683200,2,2,109,539,0,31523331999
198,0,31767710020,31773241216,5531196,2,2,100,2000,0,31557212465
266,0,31797396591,31797590190,193599,2,2,109,386,0,31591164135
327,0,31792807795,31799679789,6871994,2,2,106,2000,0,31558892368
286,0,31806837271,31810354097,3516826,2,2,102,1384,0,31562515476
328,0,31831565109,31834152307,2587198,2,2,106,1107,0,31597652055
287,0,31850030642,31850030642,0,2,2,102,176,0,31609358561
199,0,31873566380,31879140776,5574396,2,2,100,2000,0,31663080824
288,0,31884790261,31885131060,340799,2,2,102,432,0,31639386559
329,0,31882495863,31889561456,7065593,2,2,106,2000,0,31648585897
170,0,31908017602,31909403201,1385599,2,2,101,745,0,31696606873
171,0,31980936523,31980936523,0,2,2,101,283,0,31770609333
205,0,31990661641,31993351239,2689598,2,2,107,1139,0,31779553939
278,0,31990212297,31995743531,5531234,2,2,103,2000,0,31847724513
330,0,32015661559,32021235955,5574396,2,2,106,2000,0,31781759661
267,0,32027255952,32029887950,2631998,2,2,109,1121,0,31818837083
206,0,32039046051,32039322851,276800,2,2,107,412,0,31827942517
279,0,32070739117,32073931132,3192015,2,2,103,1296,0,31928253208
172,0,32080505806,32084043402,3537596,2,2,101,686,0,31869114562
289,0,32081653005,32088427399,6774394,2,2,102,2000,0,31836213828
173,0,32110300748,32119919939,9619191,2,2,101,1830,0,31898275347
207,0,32105711952,32122009538,16297586,2,2,107,2000,0,31894614189
268,0,32123156737,32124929536,1772799,2,2,109,521,0,31911101111
331,0,32106859151,32125871936,19012785,2,2,106,2000,0,31872937105
269,0,32126614335,32126614335,0,2,2,109,199,0,31920142581
270,0,32150679102,32152544718,1865616,2,2,109,895,0,31944877850
271,0,32169804792,32177019185,7214393,2,2,109,1809,0,31961434243
208,0,32173246389,32178819182,5572793,2,2,107,1205,0,31960657365
290,0,32190082384,32191738393,1656009,2,2,102,816,0,31945748726
200,0,32197019701,32202675696,5655995,2,2,100,1349,0,31986570757
291,0,32199314099,32207059693,7745594,2,2,102,2000,0,31953862044
209,0,32224638329,32227731126,3092797,2,2,107,1265,0,32011406500
201,0,32228329526,32228329526,0,2,2,100,154,0,32018876535
280,0,32265996071,32271527303,5531232,2,2,103,2000,0,32123514679
281,0,32272717724,32273602524,884800,2,2,103,602,0,32124094999
282,0,32289676649,32295207886,5531237,2,2,103,2000,0,32147195824
174,0,32290505229,32296036425,5531196,2,2,101,2000,0,32079137691
283,0,32296398302,32300811128,4412826,2,2,103,1664,0,32151143640
332,0,32309319657,32309319657,0,2,2,106,124,0,32080251771
272,0,32317996779,32320145577,2148798,2,2,109,970,0,32108485707
333,0,32323320297,32323320297,0,2,2,106,243,0,32091249537
175,0,32322480297,32324857895,2377598,2,2,101,779,0,32111116370
202,0,32328986044,32330710843,1724799,2,2,100,851,0,32118552035
203,0,32380781621,32386349616,5567995,2,2,100,1997,0,32170353457
273,0,32397817954,32399059553,1241599,2,2,109,700,0,32192016806
334,0,32413334005,32413334005,0,2,2,106,332,0,32179613007
335,0,32424479043,32430010239,5531196,2,2,106,2000,0,32190601916
274,0,32437905851,32443437047,5531196,2,2,109,2000,0,32232104722
292,0,32516177767,32521752182,5574415,2,2,102,2000,0,32271833976
275,0,32524053549,32524496748,443199,2,2,109,464,0,32317706733
284,0,32527755248,32531492871,3737623,2,2,103,1453,0,32385279920
285,0,32532580871,32532580871,0,2,2,103,307,0,32388040275
336,0,32552539686,32556818082,4278396,2,2,106,1622,0,32318670312
276,0,32583307346,32588838557,5531211,2,2,109,2000,0,32371474715
337,0,32610119995,32615697590,5577595,2,2,106,2000,0,32376254078
277,0,32636184290,32641715503,5531213,2,2,109,2000,0,32428977631
286,0,32665364103,32670895336,5531233,2,2,103,2000,0,32522891938
278,0,32728708813,32730257628,1548815,2,2,109,796,0,32510000214
279,0,32735593522,32738686335,3092813,2,2,109,1265,0,32529792540
338,0,32777992668,32784434263,6441595,2,2,106,1236,0,32543701384
293,0,32775651871,32785376663,9724792,2,2,102,2000,0,32530378575
287,0,32788393524,32788393524,0,2,2,103,157,0,32648253868
280,0,32840057748,32840057748,0,2,2,109,227,0,32636765572
339,0,32890307405,32893089802,2782397,2,2,106,1168,0,32656458414
340,0,32899561442,32899561442,0,2,2,106,276,0,32667124285
281,0,32916423094,32918837491,2414397,2,2,109,708,0,32708327576
294,0,32914128687,32922120688,7992001,2,2,102,2000,0,32669772489
341,0,32943941827,32949473023,5531196,2,2,106,2000,0,32707972174
176,0,32962625147,32962625147,0,2,2,101,278,0,32752504716
282,0,32979927980,32984494377,4566397,2,2,109,1712,0,32770591621
342,0,33005440291,33008174689,2734398,2,2,106,1153,0,32771598269
343,0,33080473290,33083313288,2839998,2,2,106,841,0,32845090154
204,0,33075841294,33084255688,8414394,2,2,100,2000,0,32865491647
288,0,33114729065,33116898671,2169606,2,2,103,990,0,32972267243
289,0,33126531175,33128127982,1596807,2,2,103,811,0,32984069638
295,0,33140087374,33141386584,1299210,2,2,102,718,0,32895724114
177,0,33157356898,33162931294,5574396,2,2,101,2000,0,32946087090
296,0,33195767724,33200138953,4371229,2,2,102,1651,0,32951402702
283,0,33207559578,33207977178,417600,2,2,109,456,0,33001758692
297,0,33209981728,33213568946,3587218,2,2,102,1061,0,32965616277
290,0,33213439713,33214017313,577600,2,2,103,506,0,33064966076
344,0,33213423346,33219100142,5676796,2,2,106,2000,0,32978561189
210,0,33228966818,33234498014,5531196,2,2,107,2000,0,33017965858
298,0,33315748195,33320077824,4329629,2,2,102,1638,0,33071379417
178,0,33413701672,33413856872,155200,2,2,101,374,0,33201951416
205,0,33407965677,33414799272,6833595,2,2,100,2000,0,33197653503
299,0,33420311573,33424180411,3868838,2,2,102,1494,0,33175939542
345,0,33493436739,33498292734,4855995,2,2,106,1789,0,33259624123
284,0,33499439933,33499633532,193599,2,2,109,386,0,33292738518
285,0,33500823931,33502020730,1196799,2,2,109,686,0,33294381933
300,0,33531448532,33532677361,1228829,2,2,102,696,0,33287073005
206,0,33557295735,33558628533,1332798,2,2,100,715,0,33341591733
179,0,33592673900,33598205096,5531196,2,2,101,2000,0,33381453063
291,0,33610263967,33612004774,1740807,2,2,103,856,0,33467813461
211,0,33643944474,33643944474,0,2,2,107,107,0,33437433857
346,0,33709173290,33709173290,0,2,2,106,296,0,33476336874
212,0,33729153175,33729153175,0,2,2,107,197,0,33520921745
286,0,33778270700,33782667497,4396797,2,2,109,1659,0,33572469778
287,0,33783781096,33783781096,0,2,2,109,315,0,33573110455
180,0,33817336882,33826402473,9065591,2,2,101,2000,0,33606141312
301,0,33820778479,33827154472,6375993,2,2,102,1236,0,33575819594
347,0,33834986007,33840517203,5531196,2,2,106,2000,0,33601193921
292,0,33855645969,33857857181,2211212,2,2,103,1003,0,33713201056
181,0,33869972666,33869972666,0,2,2,101,126,0,33662873022
293,0,33922502427,33923585627,1083200,2,2,103,664,0,33780059039
288,0,33960608731,33966183143,5574412,2,2,109,2000,0,33752145769
182,0,33969667940,33975613534,5945594,2,2,101,1081,0,33750547866
289,0,33967373542,33976555934,9182392,2,2,109,2000,0,33753080242
294,0,33997510608,33999619414,2108806,2,2,103,971,0,33855068922
183,0,34007877275,34017997267,10119992,2,2,101,2000,0,33796703119
348,0,34010171673,34020176465,10004792,2,2,106,2000,0,33775620701
184,0,34021366864,34026898060,5531196,2,2,101,2000,0,33804087448
349,0,34028045259,34029106058,1060799,2,2,106,657,0,33787778100
302,0,34032825277,34036919672,4094395,2,2,102,1205,0,33788433967
350,0,34036313273,34038426871,2113598,2,2,106,783,0,33801835459
185,0,34047377636,34047718435,340799,2,2,101,432,0,33835302316
213,0,34043936038,34049766433,5830395,2,2,107,1642,0,33833004961
290,0,34069680929,34070034528,353599,2,2,109,436,0,33863005736
351,0,34066239332,34073271326,7031994,2,2,106,2000,0,33832461137
352,0,34074461725,34074882524,420799,2,2,106,457,0,33839938535
295,0,34072518303,34078049540,5531237,2,2,103,2000,0,33930078318
296,0,34089191161,34089755960,564799,2,2,103,502,0,33946751530
353,0,34158379233,34158518433,139200,2,2,106,369,0,33923978684
303,0,34157232034,34160628830,3396796,2,2,102,957,0,33912836817
186,0,34161865628,34163862427,1996799,2,2,101,936,0,33939259099
304,0,34165215173,34167328781,2113608,2,2,102,959,0,33920819703
291,0,34172655579,34172775578,119999,2,2,109,363,0,33965678879
207,0,34224813478,34226983076,2169598,2,2,100,990,0,34014593258
187,0,34227997475,34227997475,0,2,2,101,283,0,34017544678
297,0,34231315838,34236847072,5531234,2,2,103,2000,0,34088879418
298,0,34238037487,34239184697,1147210,2,2,103,684,0,34095520427
292,0,34283734402,34284091201,356799,2,2,109,437,0,34077933320
214,0,34288948523,34291727721,2779198,2,2,107,1167,0,34078038408
293,0,34300499172,34306073568,5574396,2,2,109,2000,0,34091332031
188,0,34307220767,34312841562,5620795,2,2,101,2000,0,34088733039
354,0,34317028545,34319718143,2689598,2,2,106,1139,0,34076075903
215,0,34358900017,34363634413,4734396,2,2,107,1751,0,34147995868
208,0,34369418633,34370370633,952000,2,2,100,623,0,34152325067
299,0,34393100049,34393588048,487999,2,2,103,478,0,34250667293
355,0,34392780985,34398219381,5438396,2,2,106,1281,0,34159022355
209,0,34393928184,34399896179,5967995,2,2,100,1181,0,34183634129
300,0,34405953366,34411484597,5531231,2,2,103,2000,0,34263520886
301,0,34412675012,34412734212,59200,2,2,103,344,0,34269666086
189,0,34430984390,34430984390,0,2,2,101,139,0,34223455806
356,0,34450232523,34452443722,2211199,2,2,106,1003,0,34211124059
305,0,34472788190,34474394599,1606409,2,2,102,814,0,34227538043
190,0,34484863784,34484863784,0,2,2,101,305,0,34274396016
210,0,34489167180,34489167180,0,2,2,100,283,0,34280051978
302,0,34526381268,34526446868,65600,2,2,103,346,0,34383951497
294,0,34526096322,34529587519,3491197,2,2,109,1376,0,34320295091
211,0,34542318782,34547849978,5531196,2,2,100,2000,0,34321005974
212,0,34586076141,34587708140,1631999,2,2,100,822,0,34375896525
295,0,34601218922,34606839717,5620795,2,2,109,2000,0,34395417663
306,0,34607986916,34610110115,2123199,2,2,102,962,0,34362531205
296,0,34614360731,34619891945,5531214,2,2,109,2000,0,34408559471
213,0,34638276777,34643327973,5051196,2,2,100,1850,0,34428103013
214,0,34644009573,34644009573,0,2,2,100,180,0,34428203664
216,0,34656324222,34656324222,0,2,2,107,153,0,34449016935
307,0,34664747659,34670278897,5531238,2,2,102,2000,0,34420336364
191,0,34681599852,34681599852,0,2,2,101,234,0,34472517485
217,0,34703562672,34703562672,0,2,2,107,265,0,34494108841
308,0,34704530672,34704530672,0,2,2,102,283,0,34460605083
309,0,34737389462,34740887102,3497640,2,2,102,1378,0,34492975903
215,0,34744531749,34744531749,0,2,2,100,147,0,34537082097
303,0,34788795350,34788795350,0,2,2,103,252,0,34647485109
218,0,34789546384,34799709576,10163192,2,2,107,2000,0,34578679004
216,0,34791883982,34801799175,9915193,2,2,100,2000,0,34580562533
217,0,34817916389,34818564389,648000,2,2,100,528,0,34607762793
219,0,34857341954,34857341954,0,2,2,107,135,0,34650397433
357,0,34868914184,34870726982,1812798,2,2,106,865,0,34635184063
220,0,34871874181,34875107778,3233597,2,2,107,1309,0,34660235562
358,0,34886071107,34886071107,0,2,2,106,157,0,34656419001
310,0,34906503674,34910055714,3552040,2,2,102,1395,0,34654363422
192,0,34953873627,34956464024,2590397,2,2,101,1080,0,34742805580
221,0,34961433270,34966964466,5531196,2,2,107,2000,0,34749505313
311,0,34992044512,34994679709,2635197,2,2,102,777,0,34747622845
193,0,34993191711,34998580505,5388794,2,2,101,1504,0,34781359170
359,0,34999774103,35000214103,440000,2,2,106,463,0,34764014194
304,0,35007290302,35011479128,4188826,2,2,103,1594,0,34864871326
312,0,35038135532,35038135532,0,2,2,102,63,0,34799281219
194,0,35041577129,35042218728,641599,2,2,101,526,0,34829236824
218,0,35037871532,35047218725,9347193,2,2,100,1489,0,34827742614
222,0,35039282731,35050284322,11001591,2,2,107,1932,0,34827848774
297,0,35062610571,35064109769,1499198,2,2,109,766,0,34856809002
223,0,35087421600,35091616796,4195196,2,2,107,1596,0,34876579579
219,0,35096214798,35096664397,449599,2,2,100,466,0,34885289210
195,0,35141577942,35147152338,5574396,2,2,101,2000,0,34918584468
220,0,35148520342,35149321941,801599,2,2,100,576,0,34938403829
224,0,35155723937,35155978337,254400,2,2,107,405,0,34944887732
360,0,35207947715,35208163714,215999,2,2,106,393,0,34963032202
298,0,35211020403,35211020403,0,2,2,109,261,0,35006965869
313,0,35219342110,35229462112,10120002,2,2,102,2000,0,34974913219
361,0,35221636518,35231551711,9915193,2,2,106,2000,0,34987073028
299,0,35246765708,35247740108,974400,2,2,109,630,0,35040963960
225,0,35318950948,35320173346,1222398,2,2,107,694,0,35108128619
362,0,35366631995,35366979194,347199,2,2,106,434,0,35126373557
363,0,35390019067,35395550263,5531196,2,2,106,2000,0,35154175699
300,0,35403231473,35408762686,5531213,2,2,109,2000,0,35197429572
221,0,35414643515,35415637115,993600,2,2,100,636,0,35204556814
364,0,35421930852,35427017247,5086395,2,2,106,1171,0,35187403383
301,0,35419636438,35429106846,9470408,2,2,109,2000,0,35213834538
302,0,35456618582,35456770582,152000,2,2,109,373,0,35250816647
222,0,35477598139,35477756539,158400,2,2,100,375,0,35267518491
223,0,35485591932,35491123128,5531196,2,2,100,2000,0,35275513180
226,0,35509816991,35515348187,5531196,2,2,107,2000,0,35297797120
365,0,35527517734,35527708134,190400,2,2,106,385,0,35293826943
305,0,35567054078,35567190077,135999,2,2,103,368,0,35424647584
306,0,35586708825,35592240062,5531237,2,2,103,2000,0,35444302769
366,0,35598232034,35603806430,5574396,2,2,106,2000,0,35364545453
196,0,35607023205,35612600800,5577595,2,2,101,2000,0,35396028246
224,0,35633464191,35639038587,5574396,2,2,100,2000,0,35418497376
225,0,35639278587,35639278587,0,2,2,100,42,0,35425130250
303,0,35642332926,35647864140,5531214,2,2,109,2000,0,35436530769
226,0,35657687440,35659751438,2063998,2,2,100,957,0,35445758893
197,0,35682216031,35690041625,7825594,2,2,101,2000,0,35471229481
367,0,35686804827,35693411222,6606395,2,2,106,1682,0,35447542274
314,0,35704856361,35707216359,2359998,2,2,102,691,0,35459996571
198,0,35700267565,35708158759,7891194,2,2,101,2000,0,35489283026
199,0,35711109869,35714929065,3819196,2,2,101,1465,0,35500126557
307,0,35710895128,35716426360,5531232,2,2,103,2000,0,35568491812
304,0,35720634373,35722090389,1456016,2,2,109,767,0,35514832146
368,0,35770024280,35771811478,1787198,2,2,106,856,0,35535752983
305,0,35787735340,35789309738,1574398,2,2,109,804,0,35569824169
306,0,35790500137,35791180137,680000,2,2,109,538,0,35573364134
308,0,35820166831,35821830837,1664006,2,2,103,832,0,35677765935
200,0,35832987524,35834262722,1275198,2,2,101,696,0,35611147885
309,0,35843538513,35845759320,2220807,2,2,103,1006,0,35701138149
315,0,35880566357,35882499178,1932821,2,2,102,916,0,35635642761
307,0,35891847184,35893575183,1727999,2,2,109,852,0,35686044713
308,0,35899540250,35904241045,4700795,2,2,109,1727,0,35693737795
310,0,35906042342,35907719152,1676810,2,2,103,836,0,35763643354
369,0,35908184828,35909666426,1481598,2,2,106,775,0,35674516699
311,0,35910787987,35915704819,4916832,2,2,103,1808,0,35768389099
201,0,35913430363,35917734360,4303997,2,2,101,940,0,35701022932
316,0,35911135954,35919823959,8688005,2,2,102,2000,0,35666684960
227,0,35953002235,35954247033,1244798,2,2,100,701,0,35742975785
202,0,35967534647,35970835444,3300797,2,2,101,985,0,35756579980
309,0,35969829045,35972701043,2871998,2,2,109,895,0,35763081885
310,0,35973937841,35975670638,1732797,2,2,109,839,0,35766863084
317,0,36019668666,36022339075,2670409,2,2,102,1133,0,35775214159
311,0,36023486274,36032502267,9015993,2,2,109,2000,0,35814857685
312,0,36035451065,36035451065,0,2,2,109,158,0,35820790335
318,0,36026971071,36036393465,9422394,2,2,102,2000,0,35780756724
203,0,36038711020,36044242216,5531196,2,2,101,2000,0,35827764307
319,0,36054805125,36059761952,4956827,2,2,102,1806,0,35810349505
320,0,36085465633,36088164830,2699197,2,2,102,1114,0,35824807250
204,0,36089312029,36091580827,2268798,2,2,101,1021,0,35877827757
370,0,36092457626,36092457626,0,2,2,106,240,0,35860193482
227,0,36103279347,36107826543,4547196,2,2,107,1706,0,35892523562
205,0,36115629096,36116216295,587199,2,2,101,509,0,35901751318
228,0,36117363494,36119912292,2548798,2,2,107,1068,0,35904176682
371,0,36121059491,36121121890,62399,2,2,106,345,0,35886322700
321,0,36124592588,36130123839,5531251,2,2,102,2000,0,35880134754
322,0,36149053873,36159173876,10120003,2,2,102,2000,0,35904595248
372,0,36151348282,36160433074,9084792,2,2,106,1726,0,35916656650
373,0,36204599953,36204599953,0,2,2,106,300,0,35971823090
374,0,36216641329,36219110127,2468798,2,2,106,1070,0,35982539367
206,0,36234496826,36240071222,5574396,2,2,101,2000,0,36021897153
375,0,36243859122,36244471922,612800,2,2,106,517,0,36009295830
229,0,36263917087,36269448283,5531196,2,2,107,2000,0,36052758835
230,0,36303110863,36303110863,0,2,2,107,333,0,36090559234
323,0,36324820701,36327556698,2735997,2,2,102,1139,0,36073873430
313,0,36333103039,36335247037,2143998,2,2,109,982,0,36127299957
324,0,36364097499,36369628748,5531249,2,2,102,2000,0,36119631962
207,0,36382976190,36387715386,4739196,2,2,101,1739,0,36169198390
314,0,36392054884,36392715684,660800,2,2,109,532,0,36186251714
231,0,36467564419,36467639618,75199,2,2,107,349,0,36256788286
208,0,36486087092,36488304689,2217597,2,2,101,977,0,36275190302
325,0,36493210327,36497864777,4654450,2,2,102,1726,0,36245191190
326,0,36553934408,36557572837,3638429,2,2,102,1422,0,36309462757
376,0,36577989766,36578384966,395200,2,2,106,449,0,36344361423
228,0,36579532165,36579728965,196800,2,2,100,387,0,36368863002
209,0,36586668337,36586916337,248000,2,2,101,403,0,36375782759
315,0,36592380761,36597958356,5577595,2,2,109,2000,0,36386577306
316,0,36625919084,36627819884,1900800,2,2,109,906,0,36419386788
232,0,36669692134,36672144932,2452798,2,2,107,720,0,36458449841
210,0,36666250537,36674234531,7983994,2,2,101,2000,0,36455373839
377,0,36700999598,36706185193,5185595,2,2,106,1202,0,36466262884
327,0,36699852399,36707705192,7852793,2,2,102,1477,0,36455376040
378,0,36747823271,36753397667,5574396,2,2,106,2000,0,36514204984
328,0,36757996885,36763528123,5531238,2,2,102,2000,0,36512410845
229,0,36770076308,36771149908,1073600,2,2,100,661,0,36560012417
312,0,36781025079,36786556311,5531232,2,2,103,2000,0,36638645299
379,0,36794599078,36796309475,1710397,2,2,106,832,0,36560983578
230,0,36816487502,36821413898,4926396,2,2,100,1466,0,36605563076
211,0,36819929099,36823865095,3935996,2,2,101,1050,0,36608422756
231,0,36835583741,36838273339,2689598,2,2,100,1139,0,36625655802
232,0,36858593872,36858593872,0,2,2,100,64,0,36653949032
317,0,36879346383,36882439181,3092798,2,2,109,1265,0,36673542444
318,0,36883629581,36883823180,193599,2,2,109,386,0,36677537567
380,0,36884970379,36889826374,4855995,2,2,106,1789,0,36650491492
381,0,36931437453,36931437453,0,2,2,106,117,0,36702803070
319,0,36934431425,36936297026,1865601,2,2,109,895,0,36727486763
313,0,36936484383,36939910002,3425619,2,2,103,1369,0,36794108005
314,0,36948213543,36949171942,958399,2,2,103,625,0,36805837398
329,0,36988182175,36993713424,5531249,2,2,102,2000,0,36740723665
315,0,37012649209,37013102009,452800,2,2,103,467,0,36870274478
233,0,37049693711,37049693711,0,2,2,107,148,0,36842685304
316,0,37054444153,37054444153,0,2,2,103,269,0,36912966336
382,0,37055622422,37058312021,2689599,2,2,106,1139,0,36822022369
330,0,37066058866,37069052485,2993619,2,2,102,1234,0,36821570688
383,0,37084161798,37085931396,1769598,2,2,106,865,0,36850563434
331,0,37097113310,37097588510,475200,2,2,102,474,0,36852624129
384,0,37119966825,37120403624,436799,2,2,106,462,0,36886370582
332,0,37157266832,37157266832,0,2,2,102,189,0,36916135573
212,0,37204334796,37204509196,174400,2,2,101,380,0,36993518029
333,0,37218348871,37223880120,5531249,2,2,102,2000,0,36973855774
317,0,37230188850,37232278457,2089607,2,2,103,965,0,37087818828
385,0,37251036567,37251036567,0,2,2,106,237,0,37019732972
233,0,37253489327,37260758121,7268794,2,2,100,1799,0,37043233355
386,0,37256974124,37264409317,7435193,2,2,106,1771,0,37022427047
234,0,37293155535,37294049934,894399,2,2,100,605,0,37083278565
334,0,37304932297,37304932297,0,2,2,102,297,0,37061377140
318,0,37303442614,37308973848,5531234,2,2,103,2000,0,37161074202
387,0,37336945998,37336945998,0,2,2,106,212,0,37106207502
388,0,37367138187,37367138187,0,2,2,106,295,0,37134542196
319,0,37365707841,37368093459,2385618,2,2,103,1044,0,37223340766
320,0,37414488753,37420019986,5531233,2,2,103,2000,0,37272122737
235,0,37423642667,37423642667,0,2,2,100,245,0,37213606056
389,0,37422796268,37425034665,2238397,2,2,106,747,0,37183875818
390,0,37433870977,37433870977,0,2,2,106,150,0,37204527084
321,0,37440711788,37442705399,1993611,2,2,103,935,0,37298346334
391,0,37441305227,37445201224,3895997,2,2,106,1144,0,37207727984
236,0,37444790024,37448310021,3519997,2,2,100,1270,0,37234103784
213,0,37453396360,37453396360,0,2,2,101,290,0,37243548190
392,0,37464356140,37469887336,5531196,2,2,106,2000,0,37230780258
322,0,37472381220,37474885233,2504013,2,2,103,1081,0,37330016462
234,0,37511117874,37511737073,619199,2,2,107,519,0,37300480819
393,0,37545403352,37545403352,0,2,2,106,256,0,37313691535
323,0,37619856388,37621053195,1196807,2,2,103,686,0,37477494787
394,0,37628266191,37629514190,1247999,2,2,106,702,0,37385970428
395,0,37630704589,37636235786,5531197,2,2,106,2000,0,37395156678
335,0,37680172150,37685749756,5577606,2,2,102,2000,0,37435664063
396,0,37697008599,37702539795,5531196,2,2,106,2000,0,37463446450
320,0,37759466217,37764016632,4550415,2,2,109,1707,0,37553660544
237,0,37805779425,37805779425,0,2,2,100,155,0,37599492585
336,0,37816745461,37819281481,2536020,2,2,102,1091,0,37572232908
321,0,37821152903,37822218502,1065599,2,2,109,644,0,37613689688
322,0,37828272630,37829613428,1340798,2,2,109,386,0,37622466805
324,0,37829072555,37831762172,2689617,2,2,103,1139,0,37686715463
235,0,37829419829,37835144624,5724795,2,2,107,2000,0,37617413981
214,0,37904453196,37904453196,0,2,2,101,131,0,37697708261
236,0,37912374443,37914817641,2443198,2,2,107,1062,0,37701771070
238,0,37939965472,37940235872,270400,2,2,100,410,0,37730160424
239,0,37963280844,37968812040,5531196,2,2,100,2000,0,37752368217
325,0,38004601068,38006626674,2025606,2,2,103,945,0,37862247751
323,0,38019591433,38028607443,9016010,2,2,109,2000,0,37813785189
337,0,38024223446,38037626635,13403189,2,2,102,2000,0,37779238716
237,0,38026517844,38038569035,12051191,2,2,107,2000,0,37815773626
326,0,38047532296,38050170716,2638420,2,2,103,1123,0,37905179902
338,0,38076519696,38080934125,4414429,2,2,102,1650,0,37831998721
238,0,38095534186,38101111781,5577595,2,2,107,2000,0,37884946157
324,0,38138660545,38144238158,5577613,2,2,109,2000,0,37932854020
327,0,38146638946,38149715765,3076819,2,2,103,1260,0,38003696848
325,0,38168481524,38169062324,580800,2,2,109,507,0,37948700380
215,0,38179151845,38179151845,0,2,2,101,225,0,37967405013
328,0,38208353029,38208353029,0,2,2,103,258,0,38067040902
326,0,38214481907,38214481907,0,2,2,109,153,0,38010922568
339,0,38246622458,38248275255,1652797,2,2,102,814,0,37996814226
397,0,38263901287,38263901287,0,2,2,106,113,0,38034538520
340,0,38263477287,38269432483,5955196,2,2,102,2000,0,38018781388
239,0,38283174521,38283174521,0,2,2,107,317,0,38072774007
240,0,38302443027,38308020622,5577595,2,2,100,2000,0,38092678187
327,0,38309167821,38310630220,1462399,2,2,109,769,0,38102670816
240,0,38364385961,38364457961,72000,2,2,107,348,0,38153820435
328,0,38386456898,38387338497,881599,2,2,109,601,0,38178880031
241,0,38447370245,38448955842,1585597,2,2,107,793,0,38231850232
329,0,38461740095,38462272895,532800,2,2,103,492,0,38319396536
216,0,38490262627,38492776225,2513598,2,2,101,1084,0,38279588700
341,0,38530152497,38535683748,5531251,2,2,102,2000,0,38284717982
330,0,38546468397,38548602803,2134406,2,2,103,979,0,38404126648
342,0,38563021806,38569153001,6131195,2,2,102,1139,0,38318204354
242,0,38560727408,38570138601,9411193,2,2,107,2000,0,38350178280
343,0,38571285800,38572106600,820800,2,2,102,582,0,38321176055
398,0,38605670757,38611201953,5531196,2,2,106,2000,0,38367739407
217,0,38618254890,38623829286,5574396,2,2,101,2000,0,38407595154
329,0,38626837167,38629787563,2950396,2,2,109,1206,0,38421029390
241,0,38642601205,38648132402,5531197,2,2,100,2000,0,38432874083
344,0,38672620342,38678197937,5577595,2,2,102,2000,0,38428079859
218,0,38691320977,38695002574,3681597,2,2,101,1422,0,38480669330
399,0,38698381978,38698381978,0,2,2,106,242,0,38467051646
400,0,38705026534,38706194534,1168000,2,2,106,677,0,38471523716
330,0,38710951221,38710951221,0,2,2,109,293,0,38505081319
345,0,38777380718,38779740716,2359998,2,2,102,691,0,38532017322
219,0,38772791922,38780683116,7891194,2,2,101,2000,0,38562149288
401,0,38786277795,38788012194,1734399,2,2,106,854,0,38552615815
242,0,38792649456,38792649456,0,2,2,100,283,0,38584014267
331,0,38807041762,38809753779,2712017,2,2,103,1146,0,38664705531
331,0,38812455528,38814292328,1836800,2,2,109,886,0,38604429250
346,0,38843899338,38849430577,5531239,2,2,102,2000,0,38589379463
347,0,38876653333,38878390935,1737602,2,2,102,855,0,38631172057
332,0,38880858313,38881051912,193599,2,2,103,386,0,38738523632
243,0,38900841727,38901672127,830400,2,2,100,585,0,38691143217
333,0,38910795636,38910795636,0,2,2,103,265,0,38769408818
334,0,38930491808,38930491808,0,2,2,103,292,0,38788759798
332,0,38936442322,38938850319,2407997,2,2,109,706,0,38729663017
243,0,38935295123,38940687117,5391994,2,2,107,1231,0,38720371327
335,0,38956899820,38958765427,1865607,2,2,103,895,0,38814566747
348,0,38969167378,38969167378,0,2,2,102,179,0,38728200992
349,0,38993319781,38995182190,1862409,2,2,102,894,0,38748768772
220,0,39005705978,39005705978,0,2,2,101,84,0,38799985634
350,0,39072954762,39073013962,59200,2,2,102,344,0,38828401125
244,0,39087590003,39087590003,0,2,2,100,283,0,38878987443
402,0,39107591628,39107591628,0,2,2,106,82,0,38879869479
336,0,39149211339,39149211339,0,2,2,103,175,0,39008981564
245,0,39186979589,39186979589,0,2,2,100,130,0,38981303188
244,0,39191427530,39194117128,2689598,2,2,107,1139,0,38980931016
245,0,39212226522,39212226522,0,2,2,107,161,0,39005043343
246,0,39247912423,39247912423,0,2,2,100,194,0,39041036569
337,0,39258479393,39259360992,881599,2,2,103,601,0,39116152692
338,0,39260628681,39261407880,779199,2,2,103,569,0,39118302022
333,0,39287215227,39292746444,5531217,2,2,109,2000,0,39081405621
351,0,39324002391,39324002391,0,2,2,102,115,0,39084457905
403,0,39330265973,39334000370,3734397,2,2,106,1452,0,39096799820
334,0,39346875660,39346925260,49600,2,2,109,341,0,39141065869
247,0,39382138386,39384559184,2420798,2,2,100,1055,0,39172493062
339,0,39408952660,39414080689,5128029,2,2,103,1874,0,39266629111
246,0,39424402628,39426989826,2587198,2,2,107,1107,0,39213925501
340,0,39430788010,39436319240,5531230,2,2,103,2000,0,39288464913
341,0,39438550007,39444081242,5531235,2,2,103,2000,0,39296227083
352,0,39442559070,39448179898,5620828,2,2,102,2000,0,39197993285
248,0,39477256943,39482834538,5577595,2,2,100,2000,0,39267622129
247,0,39507747994,39513279191,5531197,2,2,107,2000,0,39297277780
221,0,39557099116,39560118314,3019198,2,2,101,1242,0,39346543266
335,0,39584690187,39584982987,292800,2,2,109,417,0,39377058067
404,0,39586349008,39591926603,5577595,2,2,106,2000,0,39352897837
342,0,39591389374,39596920607,5531233,2,2,103,2000,0,39449069658
353,0,39644083112,39646617510,2534398,2,2,102,1077,0,39399044475
336,0,39713265764,39714022563,756799,2,2,109,562,0,39507454853
248,0,39723573148,39723573148,0,2,2,107,61,0,39513621819
222,0,39748522187,39751627784,3105597,2,2,101,1269,0,39537987470
343,0,39853016938,39853016938,0,2,2,103,131,0,39713365128
405,0,39867216707,39870859903,3643196,2,2,106,1409,0,39633781965
344,0,39880816713,39886347945,5531232,2,2,103,2000,0,39738503016
337,0,39904445771,39906424969,1979198,2,2,109,917,0,39698634246
406,0,39912087572,39912265172,177600,2,2,106,381,0,39678655446
249,0,39915079004,39918389401,3310397,2,2,100,988,0,39705492520
338,0,39917373402,39923920597,6547195,2,2,109,2000,0,39711160297
345,0,39941490552,39945231378,3740826,2,2,103,1454,0,39799178129
354,0,39956922539,39959525759,2603220,2,2,102,1112,0,39712339718
355,0,39965054993,39965054993,0,2,2,102,230,0,39722913433
339,0,39985109110,39988208310,3099200,2,2,109,1267,0,39779297302
340,0,40007054312,40007190311,135999,2,2,109,368,0,39800730253
356,0,40010520475,40012424496,1904021,2,2,102,907,0,39765935908
341,0,40029474926,40032474943,3000017,2,2,109,1236,0,39823662988
407,0,40039615200,40040403999,788799,2,2,106,572,0,39806190522
346,0,40041672999,40043301810,1628811,2,2,103,821,0,39894955606
347,0,40044287758,40044287758,0,2,2,103,250,0,39903116698
223,0,40070380176,40073069774,2689598,2,2,101,1139,0,39859881002
342,0,40074008973,40074008973,0,2,2,109,274,0,39869186596
249,0,40091241272,40096238068,4996796,2,2,107,1833,0,39880819506
348,0,40095176531,40097125337,1948806,2,2,103,921,0,39952867284
250,0,40109694311,40110463910,769599,2,2,100,566,0,39900129307
224,0,40131272048,40136892843,5620795,2,2,101,2000,0,39920779598
250,0,40161848682,40163864680,2015998,2,2,107,942,0,39951432751
343,0,40176068008,40176671208,603200,2,2,109,514,0,39970255570
349,0,40198549244,40200414851,1865607,2,2,103,895,0,40056242152
344,0,40257213748,40260592945,3379197,2,2,109,1340,0,40051401037
357,0,40280279064,40282163874,1884810,2,2,102,901,0,40035685530
358,0,40287468921,40291072129,3603208,2,2,102,1066,0,40042875156
225,0,40289763330,40296603325,6839995,2,2,101,2000,0,40078555287
359,0,40301597523,40303450346,1852823,2,2,102,891,0,40056574032
350,0,40314397514,40318288739,3891225,2,2,103,1501,0,40172092828
226,0,40352423197,40352959197,536000,2,2,101,493,0,40141955120
345,0,40355859231,40357724832,1865601,2,2,109,895,0,40150046170
251,0,40372012143,40373272941,1260798,2,2,100,706,0,40162476014
351,0,40378374831,40379574838,1200007,2,2,103,687,0,40236071467
227,0,40399781809,40405130605,5348796,2,2,101,1943,0,40188186417
251,0,40447251080,40450436677,3185597,2,2,107,1294,0,40236858780
228,0,40474156319,40474525918,369599,2,2,101,441,0,40263701669
346,0,40568416736,40573947945,5531209,2,2,109,2000,0,40362602926
360,0,40599429972,40599597972,168000,2,2,102,378,0,40354825831
347,0,40616464820,40621711236,5246416,2,2,109,1911,0,40410650839
252,0,40632579735,40632579735,0,2,2,100,246,0,40424858051
361,0,40645316328,40650847579,5531251,2,2,102,2000,0,40400710656
362,0,40705245726,40705245726,0,2,2,102,234,0,40462989986
253,0,40729613053,40729613053,0,2,2,100,314,0,40520596314
363,0,40772295605,40772295605,0,2,2,102,303,0,40528492066
252,0,40805233848,40805233848,0,2,2,107,310,0,40595427929
352,0,40823572485,40824188485,616000,2,2,103,518,0,40681278270
408,0,40833434007,40833434007,0,2,2,106,120,0,40604961389
409,0,40841681897,40843709094,2027197,2,2,106,931,0,40608303945
253,0,40857078213,40862652609,5574396,2,2,107,2000,0,40646719759
229,0,40866600492,40871590886,4990394,2,2,101,1803,0,40656189045
410,0,40876600033,40879401630,2801597,2,2,106,1174,0,40643224127
353,0,40901753606,40901947205,193599,2,2,103,386,0,40759460987
364,0,40938043242,40943617671,5574429,2,2,102,2000,0,40686571930
254,0,40947182091,40952713287,5531196,2,2,100,2000,0,40735196087
255,0,40954199515,40954199515,0,2,2,100,42,0,40750430381
230,0,40968007798,40970745395,2737597,2,2,101,1154,0,40757607516
365,0,40971935794,40974166193,2230399,2,2,102,664,0,40726444471
354,0,40970643947,40976175182,5531235,2,2,103,2000,0,40828352740
231,0,40973082993,40978260588,5177595,2,2,101,1550,0,40758942154
256,0,40984734572,40986321771,1587199,2,2,100,808,0,40770381059
355,0,40987818314,40993349545,5531231,2,2,103,2000,0,40845527443
257,0,40990147171,40995143966,4996795,2,2,100,1833,0,40780679021
366,0,40996291165,41001822361,5531196,2,2,102,2000,0,40751296540
258,0,41010798449,41016329645,5531196,2,2,100,2000,0,40801016762
411,0,41037647423,41040180220,2532797,2,2,106,1062,0,40801312879
348,0,41046055186,41050808781,4753595,2,2,109,1757,0,40840239597
356,0,41052240078,41052240078,0,2,2,103,292,0,40910552141
357,0,41072602662,41076241089,3638427,2,2,103,1422,0,40923072673
358,0,41111289713,41113155321,1865608,2,2,103,895,0,40969001374
349,0,41118140877,41118190477,49600,2,2,109,341,0,40910099995
359,0,41130443489,41133133102,2689613,2,2,103,1139,0,40988155548
367,0,41142172775,41147704028,5531253,2,2,102,2000,0,40894801160
412,0,41160258118,41163626116,3367998,2,2,106,1351,0,40926898702
254,0,41177570679,41177570679,0,2,2,107,146,0,40965524883
350,0,41194834066,41200365263,5531197,2,2,109,2000,0,40989017896
368,0,41219484456,41220921265,1436809,2,2,102,761,0,40974859619
232,0,41225742027,41231273223,5531196,2,2,101,2000,0,41031627125
351,0,41245301757,41245789756,487999,2,2,109,478,0,41039485400
360,0,41333183619,41334473225,1289606,2,2,103,715,0,41190899788
233,0,41347065239,41352596435,5531196,2,2,101,2000,0,41152954919
361,0,41366539348,41366539348,0,2,2,103,316,0,41224550600
234,0,41362614154,41368145350,5531196,2,2,101,2000,0,41165312279
369,0,41376402855,41381934108,5531253,2,2,102,2000,0,41131772759
352,0,41393716272,41393922672,206400,2,2,109,390,0,41187899343
255,0,41409377117,41409377117,0,2,2,107,265,0,41200295200
413,0,41411097115,41411097115,0,2,2,106,146,0,41180567973
353,0,41408466717,41414202712,5735995,2,2,109,1614,0,41202649709
256,0,41438022644,41442038640,4015996,2,2,107,1540,0,41227712045
235,0,41459984403,41459984403,0,2,2,101,312,0,41265218454
354,0,41454245207,41460926803,6681596,2,2,109,2000,0,41248428015
370,0,41547695346,41549301755,1606409,2,2,102,814,0,41291603976
362,0,41549689283,41551910095,2220812,2,2,103,1006,0,41407409854
355,0,41555896939,41561428137,5531198,2,2,109,2000,0,41350079324
259,0,41570836388,41573749985,2913597,2,2,100,1209,0,41361431984
356,0,41601884894,41604638491,2753597,2,2,109,814,0,41394878736
260,0,41599590496,41607875289,8284793,2,2,100,2000,0,41389278229
371,0,41632453102,41637984355,5531253,2,2,102,2000,0,41387814417
357,0,41649760618,41655291814,5531196,2,2,109,2000,0,41443942626
257,0,41683618110,41683997310,379200,2,2,107,444,0,41473327682
363,0,41733354045,41734566853,1212808,2,2,103,691,0,41591078339
414,0,41745634913,41751166109,5531196,2,2,106,2000,0,41512309450
261,0,41758024902,41758215302,190400,2,2,100,385,0,41548640994
262,0,41759452100,41764983296,5531196,2,2,100,2000,0,41549206041
258,0,41769256773,41771128772,1871999,2,2,107,897,0,41558957722
364,0,41830984085,41836515315,5531230,2,2,103,2000,0,41684417148
259,0,41842354267,41847079062,4724795,2,2,107,1748,0,41632076882
365,0,41846411592,41848970006,2558414,2,2,103,1098,0,41704138159
358,0,41872055926,41874639923,2583997,2,2,109,1106,0,41666236993
359,0,41907905617,41917064010,9158393,2,2,109,1713,0,41702086529
372,0,41909052816,41919200008,10147192,2,2,102,2000,0,41663386930
373,0,41920390407,41925324802,4934395,2,2,102,1800,0,41671412544
374,0,41926515201,41928121599,1606398,2,2,102,814,0,41678189245
415,0,41929340073,41934871269,5531196,2,2,106,2000,0,41694916657
360,0,41942729485,41944739084,2009599,2,2,109,940,0,41736910257
263,0,41947124941,41947124941,0,2,2,100,144,0,41741506109
366,0,42017780437,42023311673,5531236,2,2,103,2000,0,41875510444
264,0,42035746007,42040104403,4358396,2,2,100,1647,0,41826392527
361,0,42056946880,42059636478,2689598,2,2,109,1139,0,41837190400
367,0,42087528599,42089039006,1510407,2,2,103,784,0,41945260011
375,0,42093895104,42099469511,5574407,2,2,102,2000,0,41846994334
236,0,42101903746,42101903746,0,2,2,101,171,0,41909229427
362,0,42101294147,42107434942,6140795,2,2,109,2000,0,41895474233
368,0,42149095548,42151156357,2060809,2,2,103,956,0,42006828182
363,0,42151498915,42151634914,135999,2,2,109,368,0,41945678780
364,0,42215449384,42220980599,5531215,2,2,109,2000,0,42009628968
237,0,42285153445,42288859042,3705597,2,2,101,1443,0,42091078410
416,0,42313137475,42313137475,0,2,2,106,151,0,42084056227
376,0,42325948802,42328638423,2689621,2,2,102,1139,0,42081286743
365,0,42338288916,42342927312,4638396,2,2,109,686,0,42132467952
265,0,42346794509,42346794509,0,2,2,100,100,0,42134260157
260,0,42339436115,42348890507,9454392,2,2,107,1657,0,42128511702
377,0,42340583314,42350727305,10143991,2,2,102,1576,0,42093805419
369,0,42349702557,42352392176,2689619,2,2,103,1139,0,42207439212
266,0,42401052235,42401052235,0,2,2,100,326,0,42191988344
378,0,42404619983,42410197602,5577619,2,2,102,2000,0,42159955301
366,0,42439481279,42441490879,2009600,2,2,109,940,0,42233659859
367,0,42445933354,42447210153,1276799,2,2,109,711,0,42240111896
370,0,42448801172,42450266777,1465605,2,2,103,770,0,42303255083
267,0,42531760071,42540732864,8972793,2,2,100,2000,0,42322460833
368,0,42535201668,42544016061,8814393,2,2,109,2000,0,42329144603
417,0,42563914046,42565013246,1099200,2,2,106,669,0,42329667984
268,0,42566250044,42569320442,3070398,2,2,100,1258,0,42356939538
418,0,42585238979,42588149377,2910398,2,2,106,1208,0,42351962095
419,0,42591802048,42592325248,523200,2,2,106,489,0,42358525566
420,0,42632484722,42638062317,5577595,2,2,106,2000,0,42399210563
238,0,42675324150,42675623350,299200,2,2,101,419,0,42479582224
239,0,42676813749,42679546547,2732798,2,2,101,1139,0,42479642671
269,0,42682554382,42688085578,5531196,2,2,100,2000,0,42461450974
371,0,42706077603,42706077603,0,2,2,103,259,0,42564845363
421,0,42723193959,42726883556,3689597,2,2,106,1438,0,42481318907
261,0,42774879256,42780500051,5620795,2,2,107,2000,0,42560251457
379,0,42784753873,42785216273,462400,2,2,102,470,0,42540076298
422,0,42850678850,42850843649,164799,2,2,106,377,0,42617417293
369,0,42887623122,42887623122,0,2,2,109,253,0,42683725998
370,0,42890750624,42893440222,2689598,2,2,109,1139,0,42684927107
371,0,42899727040,42900803839,1076799,2,2,109,662,0,42693903498
240,0,42909626310,42915203905,5577595,2,2,101,2000,0,42715037179
372,0,42941076584,42941076584,0,2,2,109,193,0,42738523182
373,0,42950726879,42960846883,10120004,2,2,109,2000,0,42744903094
423,0,42953021289,42962979682,9958393,2,2,106,2000,0,42718705075
374,0,42964126881,42964570080,443199,2,2,109,464,0,42754754194
380,0,42975860391,42981391631,5531240,2,2,102,2000,0,42731176320
270,0,43002358576,43002358576,0,2,2,100,126,0,42797200719
381,0,43003756780,43004567979,811199,2,2,102,579,0,42759071777
262,0,43022773692,43028304888,5531196,2,2,107,2000,0,42812592865
375,0,43040689724,43041934534,1244810,2,2,109,701,0,42834792065
424,0,43070531924,43070531924,0,2,2,106,76,0,42843174466
382,0,43078823639,43081241260,2417621,2,2,102,1054,0,42831615348
271,0,43126229405,43127226204,996799,2,2,100,637,0,42916995038
376,0,43151159002,43151567002,408000,2,2,109,453,0,42945334245
241,0,43204919549,43210450745,5531196,2,2,101,2000,0,43010878846
263,0,43225697343,43235817335,10119992,2,2,107,2000,0,43015533041
383,0,43226844542,43237906934,11062392,2,2,102,2000,0,42982001543
384,0,43256323873,43259205484,2881611,2,2,102,1199,0,43011630297
385,0,43272422509,43275112141,2689632,2,2,102,1139,0,43027728388
272,0,43314503049,43320077445,5574396,2,2,100,2000,0,43105289211
264,0,43324119186,43324119186,0,2,2,107,135,0,43117879978
377,0,43326472831,43331680826,5207995,2,2,109,1209,0,43120647191
273,0,43328767229,43336064823,7297594,2,2,100,2000,0,43118533430
265,0,43340740019,43340904818,164799,2,2,107,377,0,43128190292
274,0,43337255222,43344141616,6886394,2,2,100,2000,0,43126318357
386,0,43354474031,43359330083,4856052,2,2,102,1789,0,43109777120
387,0,43361375319,43363576929,2201610,2,2,102,1000,0,43116678172
388,0,43403710018,43409241260,5531242,2,2,102,2000,0,43140317996
372,0,43408959976,43410697584,1737608,2,2,103,855,0,43266717575
266,0,43426537050,43430271447,3734397,2,2,107,1107,0,43216372761
425,0,43428831448,43435802643,6971195,2,2,106,2000,0,43195516742
267,0,43491477420,43494647018,3169598,2,2,107,1289,0,43281334745
378,0,43516960267,43522491463,5531196,2,2,109,2000,0,43311133659
389,0,43553865081,43559396322,5531241,2,2,102,2000,0,43309161347
373,0,43563869533,43564562333,692800,2,2,103,542,0,43421630163
390,0,43575048249,43580625856,5577607,2,2,102,2000,0,43324742786
374,0,43591242428,43592532034,1289606,2,2,103,715,0,43449003591
242,0,43589035589,43594566786,5531197,2,2,101,2000,0,43395009151
426,0,43604410519,43607146516,2735997,2,2,106,1139,0,43371192355
391,0,43609879213,43616600808,6721595,2,2,102,2000,0,43365167105
243,0,43615658408,43622132004,6473596,2,2,101,2000,0,43420505768
275,0,43647570575,43649804173,2233598,2,2,100,1010,0,43438392985
276,0,43706494974,43707283773,788799,2,2,100,572,0,43497323805
379,0,43716043617,43718821213,2777596,2,2,109,1152,0,43508017592
268,0,43725701542,43726720742,1019200,2,2,107,644,0,43515577900
375,0,43732784900,43735666518,2881618,2,2,103,1199,0,43590548820
380,0,43742804039,43748378437,5574398,2,2,109,2000,0,43536976288
381,0,43749568836,43753181632,3612796,2,2,109,724,0,43537395002
269,0,43750716035,43754152831,3436796,2,2,107,974,0,43535940530
427,0,43766786253,43772360649,5574396,2,2,106,2000,0,43533577458
244,0,43774663263,43776660062,1996799,2,2,101,936,0,43580643691
392,0,43787943844,43793475085,5531241,2,2,102,2000,0,43540128430
393,0,43796800077,43802331318,5531241,2,2,102,2000,0,43552088068
394,0,43807343327,43809234536,1891209,2,2,102,903,0,43562630967
428,0,43821778481,43828776875,6998394,2,2,106,1383,0,43588572845
382,0,43829466474,43829466474,0,2,2,109,196,0,43626659139
277,0,43822925680,43832746472,9820792,2,2,100,2000,0,43612876043
270,0,43833893671,43837448867,3555196,2,2,107,1396,0,43617874964
271,0,43860673650,43863363248,2689598,2,2,107,1139,0,43649607021
395,0,43865954706,43870956301,5001595,2,2,102,1820,0,43621240329
396,0,43886506391,43886575190,68799,2,2,102,347,0,43641791332
376,0,43920732687,43921758286,1025599,2,2,103,646,0,43778500261
397,0,43924234049,43926003659,1769610,2,2,102,865,0,43679517690
429,0,43951611853,43955970249,4358396,2,2,106,1647,0,43717298696
398,0,43968147262,43969788871,1641609,2,2,102,825,0,43712654076
272,0,43992479518,43998545112,6065594,2,2,107,1422,0,43782377523
430,0,43996007515,44001132310,5124795,2,2,106,762,0,43755581677
245,0,43998301913,44005562706,7260793,2,2,101,2000,0,43800266554
273,0,44035887007,44038034206,2147199,2,2,107,983,0,43825788545
383,0,44066402748,44069156345,2753597,2,2,109,814,0,43859811644
399,0,44062961128,44071245944,8284816,2,2,102,2000,0,43818240009
377,0,44087015179,44092546410,5531231,2,2,103,2000,0,43944785969
278,0,44142847853,44154115044,11267191,2,2,100,2000,0,43927330035
246,0,44143995052,44155057444,11062392,2,2,101,2000,0,43949017665
279,0,44158637861,44159785060,1147199,2,2,100,684,0,43949515809
400,0,44164082328,44164677527,595199,2,2,102,497,0,43915897535
274,0,44180392566,44180637365,244799,2,2,107,402,0,43963142168
431,0,44182433898,44182433898,0,2,2,106,207,0,43952205850
378,0,44186782241,44186782241,0,2,2,103,171,0,44038585633
379,0,44226159829,44226279828,119999,2,2,103,363,0,44083933301
247,0,44230825257,44234386853,3561596,2,2,101,1398,0,44036822545
432,0,44254271850,44259803046,5531196,2,2,106,2000,0,44021091005
275,0,44269738996,44269798196,59200,2,2,107,344,0,44059659474
280,0,44305746079,44311277275,5531196,2,2,100,2000,0,44096032037
248,0,44317519221,44320404019,2884798,2,2,101,1200,0,44123519705
281,0,44341111481,44341733880,622399,2,2,100,520,0,44132009249
384,0,44345084540,44345678140,593600,2,2,109,511,0,44139253576
276,0,44365878893,44365928493,49600,2,2,107,341,0,44155807157
433,0,44374137961,44374465961,328000,2,2,106,428,0,44140964002
385,0,44399884957,44401750557,1865600,2,2,109,895,0,44194053674
434,0,44416441428,44416441428,0,2,2,106,273,0,44182655530
401,0,44415505429,44419668626,4163197,2,2,102,1307,0,44170772250
249,0,44424689120,44427161118,2471998,2,2,101,1071,0,44230693544
435,0,44435984472,44436686872,702400,2,2,106,545,0,44202814054
380,0,44479894580,44481200187,1305607,2,2,103,720,0,44337672943
436,0,44507243363,44512817759,5574396,2,2,106,2000,0,44274077019
250,0,44516205564,44518035963,1830399,2,2,101,884,0,44322213358
282,0,44520513156,44521532356,1019200,2,2,100,644,0,44311430381
402,0,44549465521,44554110375,4644854,2,2,102,1723,0,44304727736
283,0,44578370913,44583948508,5577595,2,2,100,2000,0,44365885991
284,0,44613197543,44618728740,5531197,2,2,100,2000,0,44404124823
381,0,44620135756,44620290956,155200,2,2,103,374,0,44477916798
386,0,44627639803,44628623803,984000,2,2,109,633,0,44421807279
437,0,44680914431,44680914431,0,2,2,106,157,0,44448167937
387,0,44720517112,44720752312,235200,2,2,109,399,0,44513655727
438,0,44743593353,44743593353,0,2,2,106,294,0,44511448619
388,0,44758620678,44767593491,8972813,2,2,109,2000,0,44552319688
403,0,44762062294,44770830289,8767995,2,2,102,2000,0,44516912376
285,0,44775890669,44775890669,0,2,2,100,157,0,44570330313
389,0,44782111832,44782111832,0,2,2,109,303,0,44577084790
286,0,44815435012,44817919810,2484798,2,2,100,1075,0,44606384205
251,0,44830611060,44830611060,0,2,2,101,301,0,44637238425
439,0,44861641896,44866221092,4579196,2,2,106,1716,0,44628495856
382,0,44872749144,44878280381,5531237,2,2,103,2000,0,44730535019
404,0,44882560292,44883403492,843200,2,2,102,589,0,44637811051
277,0,44884896107,44884896107,0,2,2,107,286,0,44674975846
405,0,44906692191,44906780191,88000,2,2,102,353,0,44657881399
383,0,44913257114,44918532347,5275233,2,2,103,1920,0,44771043759
406,0,44916709843,44918959452,2249609,2,2,102,1015,0,44671959423
390,0,44932643842,44938175053,5531211,2,2,109,2000,0,44726809576
407,0,44947950219,44953481460,5531241,2,2,102,2000,0,44702482755
287,0,44959579528,44965110724,5531196,2,2,100,2000,0,44749061626
408,0,44996822200,44999558208,2736008,2,2,102,1139,0,44752069002
440,0,45009034535,45014066530,5031995,2,2,106,1154,0,44775896929
409,0,45011328933,45018450527,7121594,2,2,102,2000,0,44765600150
288,0,45045262180,45045262180,0,2,2,100,60,0,44841593550
391,0,45066320741,45071538359,5217618,2,2,109,1902,0,44857069873
392,0,45096741934,45098607533,1865599,2,2,109,895,0,44890906689
410,0,45119326978,45124904584,5577606,2,2,102,2000,0,44874034674
411,0,45142579764,45144486988,1907224,2,2,102,908,0,44897821554
412,0,45153924302,45157533911,3609609,2,2,102,1068,0,44909165669
441,0,45156218712,45160668309,4449597,2,2,106,1278,0,44921852834
384,0,45186172552,45186172552,0,2,2,103,260,0,45044975590
413,0,45184294344,45187387164,3092820,2,2,102,1265,0,44930884988
252,0,45218912249,45221857846,2945597,2,2,101,874,0,45024945809
393,0,45221206647,45222387445,1180798,2,2,109,491,0,45014797261
414,0,45248768135,45248768135,0,2,2,102,158,0,45008060475
394,0,45260328091,45265859305,5531214,2,2,109,2000,0,45052861817
278,0,45282074167,45283144566,1070399,2,2,107,660,0,45072076379
442,0,45297400816,45297764015,363199,2,2,106,439,0,45064279677
415,0,45300178515,45302916134,2737619,2,2,102,1154,0,45055414846
289,0,45308778044,45308778044,0,2,2,100,283,0,45100473396
253,0,45306662845,45311498041,4835196,2,2,101,1479,0,45112699611
395,0,45362281758,45364766560,2484802,2,2,109,1075,0,45147769696
254,0,45399359995,45404977591,5617596,2,2,101,2000,0,45205400156
396,0,45406124790,45406814389,689599,2,2,109,541,0,45193189406
443,0,45411189668,45416720864,5531196,2,2,106,2000,0,45178075012
444,0,45423983103,45424272702,289599,2,2,106,416,0,45190751119
385,0,45438153861,45438153861,0,2,2,103,199,0,45297742488
445,0,45441221308,45446798903,5577595,2,2,106,2000,0,45204192076
290,0,45451506295,45454528693,3022398,2,2,100,1243,0,45241044580
397,0,45472001852,45477533048,5531196,2,2,109,2000,0,45266164367
416,0,45486251521,45488405131,2153610,2,2,102,985,0,45241481418
417,0,45539520318,45539950717,430399,2,2,102,460,0,45294171110
279,0,45537225920,45543739512,6513592,2,2,107,1786,0,45327248642
280,0,45544929911,45547093109,2163198,2,2,107,988,0,45328067412
398,0,45548240308,45548648307,407999,2,2,109,453,0,45338769357
399,0,45567428091,45569063291,1635200,2,2,109,823,0,45361590034
291,0,45583978104,45584139704,161600,2,2,100,376,0,45369498205
281,0,45584953547,45584953547,0,2,2,107,124,0,45375156493
255,0,45588394098,45591453295,3059197,2,2,101,1240,0,45394441154
418,0,45597899895,45599807105,1907210,2,2,102,908,0,45353125903
400,0,45602231259,45602821659,590400,2,2,109,510,0,45396392988
386,0,45605777003,45611308238,5531235,2,2,103,2000,0,45463576753
446,0,45641886036,45644623633,2737597,2,2,106,1154,0,45408784564
401,0,45675229996,45678333995,3103999,2,2,109,1254,0,45469391274
419,0,45705806564,45705913764,107200,2,2,102,359,0,45453552001
420,0,45723584366,45724667566,1083200,2,2,102,664,0,45478806049
421,0,45756505515,45756913514,407999,2,2,102,453,0,45508720487
256,0,45768561917,45770110716,1548799,2,2,101,796,0,45574615531
282,0,45778308207,45778383406,75199,2,2,107,349,0,45568350288
422,0,45783751341,45785162551,1411210,2,2,102,753,0,45538970939
283,0,45818607526,45821300323,2692797,2,2,107,1140,0,45608275268
447,0,45853991550,45855122749,1131199,2,2,106,679,0,45620902169
448,0,45862389823,45868010618,5620795,2,2,106,2000,0,45629300916
402,0,45873591300,45879168914,5577614,2,2,109,2000,0,45667751358
257,0,45928989028,45934520224,5531196,2,2,101,2000,0,45735048481
387,0,45931436636,45936967869,5531233,2,2,103,2000,0,45789242471
388,0,45956292100,45956292100,0,2,2,103,293,0,45814687208
292,0,45970673757,45972808155,2134398,2,2,100,979,0,45761747765
403,0,45995707551,46000197163,4489612,2,2,109,1688,0,45789866851
423,0,46003025413,46003025413,0,2,2,102,186,0,45761664456
284,0,46005790887,46005790887,0,2,2,107,281,0,45791510876
389,0,46017369735,46020404950,3035215,2,2,103,1247,0,45875177174
293,0,46016728455,46021242050,4513595,2,2,100,991,0,45807206422
285,0,46014390857,46023331649,8940792,2,2,107,2000,0,45804451879
286,0,46067921049,46068450648,529599,2,2,107,491,0,45857986380
449,0,46081460967,46084289765,2828798,2,2,106,1169,0,45848384549
258,0,46087057044,46089852243,2795199,2,2,101,1172,0,45893122235
287,0,46188291447,46188453047,161600,2,2,107,376,0,45977306292
424,0,46185997037,46197472239,11475202,2,2,102,2000,0,45940813424
259,0,46189600246,46199561838,9961592,2,2,101,2000,0,45993790353
390,0,46221710785,46225362014,3651229,2,2,103,1426,0,46079522012
425,0,46259160929,46263821782,4660853,2,2,102,1728,0,46014363984
426,0,46274331467,46279905910,5574443,2,2,102,2000,0,46029534000
294,0,46283455190,46284378389,923199,2,2,100,614,0,46074167295
450,0,46354485487,46356299885,1814398,2,2,106,879,0,46119500514
451,0,46400522568,46401541768,1019200,2,2,106,644,0,46167464310
260,0,46444701799,46447216996,2515197,2,2,101,1070,0,46250779950
452,0,46474122569,46474511369,388800,2,2,106,447,0,46241068469
453,0,46483597096,46485261094,1663998,2,2,106,832,0,46250543571
404,0,46486496268,46491365063,4868795,2,2,109,1766,0,46280652387
454,0,46493213367,46493541367,328000,2,2,106,428,0,46260160353
288,0,46503160517,46505469315,2308798,2,2,107,1019,0,46293260672
289,0,46518407670,46523609266,5201596,2,2,107,1525,0,46308509045
295,0,46521935667,46533729259,11793592,2,2,100,2000,0,46312605566
261,0,46524756465,46535818858,11062393,2,2,101,2000,0,46330647999
391,0,46542202942,46545529354,3326412,2,2,103,1338,0,46400020092
427,0,46610538641,46611429840,891199,2,2,102,604,0,46363266338
428,0,46619898035,46621869244,1971209,2,2,102,928,0,46375088511
405,0,46644167430,46649145044,4977614,2,2,109,1827,0,46437310492
392,0,46709814268,46709814268,0,2,2,103,338,0,46567647297
429,0,46722004356,46722004356,0,2,2,102,247,0,46479251968
430,0,46731324728,46736855983,5531255,2,2,102,2000,0,46486511314
296,0,46757531599,46761205196,3673597,2,2,100,1433,0,46548690332
431,0,46803679544,46808388405,4708861,2,2,102,1743,0,46558863628
290,0,46823677876,46823749876,72000,2,2,107,348,0,46613803634
406,0,46856342818,46856342818,0,2,2,109,269,0,46652064437
291,0,46859294980,46864826176,5531196,2,2,107,2000,0,46649423564
407,0,46883487580,46883487580,0,2,2,109,173,0,46681359413
393,0,46900660663,46904750288,4089625,2,2,103,1563,0,46758484388
262,0,46903828230,46905623429,1795199,2,2,101,873,0,46709912810
408,0,46929825056,46935356254,5531198,2,2,109,2000,0,46723978224
409,0,46952543037,46953082236,539199,2,2,109,494,0,46746696050
432,0,46994761688,47000292931,5531243,2,2,102,2000,0,46749939065
433,0,47001483352,47001612952,129600,2,2,102,366,0,46756573552
434,0,47010658613,47013605840,2947227,2,2,102,1205,0,46765835441
455,0,47042967324,47042967324,0,2,2,106,322,0,46810326357
297,0,47049357803,47052146600,2788797,2,2,100,1170,0,46840547897
394,0,47059681835,47062589054,2907219,2,2,103,1207,0,46917508460
298,0,47066080155,47068192154,2111999,2,2,100,627,0,46854493245
435,0,47061491354,47071428952,9937598,2,2,102,2000,0,46816666392
292,0,47063785757,47075812949,12027192,2,2,107,2000,0,46853285675
436,0,47121687571,47121687571,0,2,2,102,155,0,46880981935
437,0,47144700971,47148676997,3976026,2,2,102,1513,0,46899873111
456,0,47168074646,47168074646,0,2,2,106,263,0,46936129078
457,0,47186419666,47186419666,0,2,2,106,337,0,46953450837
395,0,47258454253,47263985485,5531232,2,2,103,2000,0,47116284495
396,0,47265175903,47269575922,4400019,2,2,103,1660,0,47118517395
299,0,47287297521,47288553518,1255997,2,2,100,690,0,47078488364
410,0,47295671587,47297277998,1606411,2,2,109,814,0,47089822247
300,0,47327906104,47328141304,235200,2,2,100,399,0,47113579606
438,0,47334290895,47339665350,5374455,2,2,102,1951,0,47089456354
263,0,47350633961,47361901152,11267191,2,2,101,2000,0,47156744749
301,0,47354075558,47365488349,11412791,2,2,100,1406,0,47142476996
293,0,47351781160,47367577948,15796788,2,2,107,2000,0,47140802507
397,0,47365922571,47367871378,1948807,2,2,103,921,0,47210521246
458,0,47403348269,47406037867,2689598,2,2,106,1139,0,47170346917
459,0,47406345067,47406345067,0,2,2,106,63,0,47173825847
460,0,47445258319,47450832715,5574396,2,2,106,2000,0,47207212041
302,0,47451979914,47455877511,3897597,2,2,100,1503,0,47242154906
398,0,47464220052,47465072852,852800,2,2,103,592,0,47317174186
461,0,47593034775,47593170774,135999,2,2,106,368,0,47360044146
399,0,47610165578,47611127177,961599,2,2,103,626,0,47468002174
264,0,47640867519,47641397118,529599,2,2,101,491,0,47446988716
294,0,47645542491,47647468889,1926398,2,2,107,914,0,47435733673
400,0,47674338557,47674922556,583999,2,2,103,508,0,47532176310
462,0,47671098664,47676676259,5577595,2,2,106,2000,0,47438112462
463,0,47724372858,47727763255,3390397,2,2,106,1358,0,47491389678
303,0,47734631354,47737074552,2443198,2,2,100,1062,0,47523661423
265,0,47778652629,47780006228,1353599,2,2,101,390,0,47584592961
304,0,47779799828,47786731022,6931194,2,2,100,2000,0,47570071385
411,0,47785742223,47787937421,2195198,2,2,109,689,0,47577607766
401,0,47792385849,47797917083,5531234,2,2,103,2000,0,47650225722
412,0,47812111001,47814059800,1948799,2,2,109,921,0,47605798044
464,0,47834662349,47840193545,5531196,2,2,106,2000,0,47597238382
465,0,47842866124,47848440520,5574396,2,2,106,2000,0,47609889646
439,0,47850832593,47851339792,507199,2,2,102,484,0,47605955512
466,0,47853373003,47856062601,2689598,2,2,106,1139,0,47620397123
402,0,47858780409,47864311644,5531235,2,2,103,2000,0,47716621476
440,0,47896595135,47896747135,152000,2,2,102,373,0,47651740821
266,0,47916882677,47922413873,5531196,2,2,101,2000,0,47719026126
305,0,47929380898,47934912094,5531196,2,2,100,2000,0,47718490606
413,0,47955039310,47955204109,164799,2,2,109,377,0,47744189729
441,0,47953892111,47960778505,6886394,2,2,102,2000,0,47708025197
306,0,47961925704,47967309700,5383996,2,2,100,1954,0,47752185892
403,0,48010315434,48013315448,3000014,2,2,103,1236,0,47868159205
442,0,48017249588,48021619209,4369621,2,2,102,1636,0,47767391169
443,0,48050593048,48050834648,241600,2,2,102,401,0,47805733297
267,0,48054097577,48058126373,4028796,2,2,101,854,0,47859135234
295,0,48052950378,48061363171,8412793,2,2,107,2000,0,47840490181
307,0,48076345093,48081876289,5531196,2,2,100,2000,0,47863618597
444,0,48103365943,48103425143,59200,2,2,102,344,0,47858504312
445,0,48108353796,48113931391,5577595,2,2,102,2000,0,47863491988
467,0,48126137289,48131668485,5531196,2,2,106,2000,0,47893176821
268,0,48151826079,48153944477,2118398,2,2,101,974,0,47955349293
468,0,48158115516,48162977911,4862395,2,2,106,1791,0,47925156847
404,0,48213202963,48213396562,193599,2,2,103,386,0,48071050337
269,0,48223874618,48225122617,1247999,2,2,101,702,0,48030016640
414,0,48248221068,48253752283,5531215,2,2,109,2000,0,48041155068
469,0,48285291909,48285291909,0,2,2,106,145,0,48055944371
470,0,48301047460,48304257056,3209596,2,2,106,1287,0,48068096855
308,0,48329073111,48329073111,0,2,2,100,144,0,48124144600
446,0,48330220310,48331647508,1427198,2,2,102,758,0,48084905587
471,0,48338142880,48343674076,5531196,2,2,106,2000,0,48105194382
405,0,48402731044,48408262280,5531236,2,2,103,2000,0,48260581790
415,0,48407075772,48410168574,3092802,2,2,109,1265,0,48201218362
406,0,48409452695,48414983927,5531232,2,2,103,2000,0,48263573222
416,0,48440915715,48442397313,1481598,2,2,109,775,0,48234685934
309,0,48458532981,48458532981,0,2,2,100,143,0,48253637512
407,0,48473674365,48477671190,3996825,2,2,103,1534,0,48331526351
417,0,48492712329,48495865942,3153613,2,2,109,1284,0,48286854284
270,0,48510967501,48513513098,2545597,2,2,101,749,0,48317119732
418,0,48512114700,48515940296,3825596,2,2,109,1057,0,48305762586
472,0,48549944300,48553825897,3881597,2,2,106,1498,0,48317007745
310,0,48561548491,48563487689,1939198,2,2,100,918,0,48351421498
447,0,48628229988,48633761243,5531255,2,2,102,2000,0,48383349775
311,0,48642127441,48642127441,0,2,2,100,145,0,48437213139
419,0,48659822782,48661688384,1865602,2,2,109,895,0,48453963452
473,0,48662835583,48664310782,1475199,2,2,106,773,0,48429299431
448,0,48692123736,48697654970,5531234,2,2,102,2000,0,48447241251
408,0,48710347697,48713251711,2904014,2,2,103,1206,0,48568203859
420,0,48712192297,48714057899,1865602,2,2,109,895,0,48506332575
449,0,48780633900,48781502699,868799,2,2,102,597,0,48535748298
421,0,48819813183,48820755583,942400,2,2,109,620,0,48613952623
474,0,48828112080,48830246478,2134398,2,2,106,979,0,48595191216
312,0,48839033682,48844608078,5574396,2,2,100,2000,0,48630287677
450,0,48846583625,48847570824,987199,2,2,102,634,0,48601695682
296,0,48861861883,48867393079,5531196,2,2,107,2000,0,48652149344
451,0,48874198962,48879730218,5531256,2,2,102,2000,0,48629310017
475,0,48908608448,48909198848,590400,2,2,106,510,0,48675692125
422,0,48910859617,48911805216,945599,2,2,109,621,0,48704998349
452,0,48918130164,48918730163,599999,2,2,102,513,0,48673239651
453,0,48927560506,48929790909,2230403,2,2,102,1009,0,48682669677
476,0,48931579576,48935115573,3535997,2,2,106,1045,0,48698100899
454,0,48933873974,48937805171,3931197,2,2,102,1139,0,48688297270
455,0,48938995570,48942030768,3035198,2,2,102,1247,0,48691496898
409,0,48963442725,48964295525,852800,2,2,103,592,0,48821303315
477,0,48962780639,48965643037,2862398,2,2,106,1193,0,48729867363
410,0,49060622131,49066153366,5531235,2,2,103,2000,0,48914350360
423,0,49082858165,49082858165,0,2,2,109,134,0,48881587470
297,0,49109377323,49114908519,5531196,2,2,107,2000,0,48899684275
298,0,49121471543,49126709938,5238395,2,2,107,1894,0,48911779453
411,0,49135334484,49138334498,3000014,2,2,103,1236,0,48993198072
424,0,49157337116,49160026718,2689602,2,2,109,1139,0,48951473911
313,0,49176980620,49179670218,2689598,2,2,100,1139,0,48968398204
478,0,49196775935,49199913533,3137598,2,2,106,1279,0,48963875830
299,0,49230610247,49230610247,0,2,2,107,148,0,49024594186
456,0,49289665817,49292307458,2641641,2,2,102,1124,0,49043764484
457,0,49295501732,49297306536,1804804,2,2,102,876,0,49050597804
314,0,49301210621,49301210621,0,2,2,100,190,0,49095502479
458,0,49320353761,49321440160,1086399,2,2,102,665,0,49075448942
271,0,49446039620,49449042817,3003197,2,2,101,1237,0,49252224929
425,0,49453233057,49453233057,0,2,2,109,249,0,49249383474
412,0,49468118620,49473649850,5531230,2,2,103,2000,0,49325987957
426,0,49494931833,49500509428,5577595,2,2,109,2000,0,49289065916
427,0,49511284247,49513149849,1865602,2,2,109,895,0,49305418225
272,0,49584574012,49587412410,2838398,2,2,101,1172,0,49390764191
273,0,49592073068,49592073068,0,2,2,101,144,0,49401383617
300,0,49593220267,49593468267,248000,2,2,107,403,0,49383217766
479,0,49597711221,49598093621,382400,2,2,106,445,0,49364833683
459,0,49602578613,49604373824,1795211,2,2,102,873,0,49357663732
413,0,49603998444,49606864060,2865616,2,2,103,1194,0,49461870123
460,0,49661987780,49667565375,5577595,2,2,102,2000,0,49415538102
428,0,49681738799,49684140419,2401620,2,2,109,1049,0,49475871402
480,0,49699357817,49699357817,0,2,2,106,162,0,49470450934
429,0,49711055919,49713151920,2096001,2,2,109,967,0,49505188263
430,0,49738596739,49745526332,6929593,2,2,109,1375,0,49531930528
461,0,49737449540,49746273531,8823991,2,2,102,1594,0,49492529824
462,0,49754727677,49760305328,5577651,2,2,102,2000,0,49509807361
414,0,49759731651,49761104463,1372812,2,2,103,741,0,49617606022
463,0,49781834527,49781900127,65600,2,2,102,346,0,49536913233
431,0,49801863209,49807394409,5531200,2,2,109,2000,0,49594359678
315,0,49839701920,49839701920,0,2,2,100,153,0,49634761468
415,0,49859662637,49860878643,1216006,2,2,103,692,0,49717538706
432,0,49886189409,49891720626,5531217,2,2,109,2000,0,49678491058
316,0,49909141217,49913443610,4302393,2,2,100,1586,0,49700636610
481,0,49916037277,49921611673,5574396,2,2,106,2000,0,49682767590
416,0,49924412671,49927201484,2788813,2,2,103,1170,0,49782289851
417,0,49928391899,49933923132,5531233,2,2,103,2000,0,49784520839
433,0,49930521304,49936142114,5620810,2,2,109,2000,0,49724651831
274,0,49938530874,49940932473,2401599,2,2,101,1049,0,49744733488
418,0,49940685841,49946217077,5531236,2,2,103,2000,0,49798563307
434,0,49983299869,49988874268,5574399,2,2,109,2000,0,49777429975
301,0,49990567946,49996099142,5531196,2,2,107,2000,0,49780944110
302,0,49997289541,49998775939,1486398,2,2,107,762,0,49782256028
435,0,50031637324,50034421320,2783996,2,2,109,1154,0,49823224826
275,0,50041425184,50045965980,4540796,2,2,101,1676,0,49846504854
436,0,50049018007,50050930008,1912001,2,2,109,895,0,49842234224
317,0,50074066897,50079348493,5281596,2,2,100,1577,0,49865143323
464,0,50077508494,50082362890,4854396,2,2,102,1226,0,49832258297
482,0,50107336250,50107336250,0,2,2,106,320,0,49874912908
483,0,50117457978,50123035573,5577595,2,2,106,2000,0,49884609613
318,0,50150071594,50155738788,5667194,2,2,100,2000,0,49941592550
276,0,50166651909,50169613506,2961597,2,2,101,851,0,49972123511
465,0,50164357499,50172850304,8492805,2,2,102,2000,0,49918338429
319,0,50173997503,50179528699,5531196,2,2,100,2000,0,49964269486
484,0,50182224155,50187755351,5531196,2,2,106,2000,0,49949379407
277,0,50198008265,50206411458,8403193,2,2,101,1822,0,50004219974
485,0,50201449862,50207485058,6035196,2,2,106,1351,0,49967401578
466,0,50212010429,50212010429,0,2,2,102,157,0,49969041783
486,0,50237244440,50238652439,1407999,2,2,106,752,0,49999429309
419,0,50244062778,50244062778,0,2,2,103,114,0,50104825438
467,0,50258920553,50262006975,3086422,2,2,102,1263,0,50013982157
487,0,50265231152,50265424751,193599,2,2,106,386,0,50027598195
278,0,50286823212,50291943207,5119995,2,2,101,1168,0,50091506741
468,0,50284528809,50294032806,9503997,2,2,102,2000,0,50039336235
303,0,50295180005,50300757600,5577595,2,2,107,2000,0,50079649257
304,0,50308688318,50311672315,2983997,2,2,107,1231,0,50098799500
488,0,50435033668,50438825665,3791997,2,2,106,1470,0,50202203089
489,0,50456469334,50460939731,4470397,2,2,106,1682,0,50217499643
420,0,50483473692,50484000092,526400,2,2,103,490,0,50341360344
320,0,50530886197,50534502194,3615997,2,2,100,1415,0,50322447507
421,0,50547325944,50547325944,0,2,2,103,254,0,50406301690
437,0,50559410098,50561675700,2265602,2,2,109,1020,0,50353535308
438,0,50590618628,50596149841,5531213,2,2,109,2000,0,50384743578
279,0,50634594903,50640126099,5531196,2,2,101,2000,0,50440821858
469,0,50702291630,50707869252,5577622,2,2,102,2000,0,50457337266
470,0,50734154403,50734303203,148800,2,2,102,372,0,50488125125
321,0,50728418408,50735245603,6827195,2,2,100,2000,0,50520000604
490,0,50737063119,50742024715,4961596,2,2,106,1822,0,50504249448
422,0,50769954571,50771797777,1843206,2,2,103,888,0,50627846022
305,0,50770367134,50771826332,1459198,2,2,107,768,0,50560804272
306,0,50773344874,50778090469,4745595,2,2,107,1740,0,50563782234
423,0,50807677437,50812648673,4971236,2,2,103,1825,0,50665569536
280,0,50808396010,50813927206,5531196,2,2,101,2000,0,50614629010
491,0,50821217840,50822077039,859199,2,2,106,594,0,50588408879
322,0,50824531420,50830062616,5531196,2,2,100,2000,0,50616123778
439,0,50841649837,50841649837,0,2,2,109,162,0,50638455118
440,0,50907312680,50909539882,2227202,2,2,109,1008,0,50701434881
441,0,50910924251,50910924251,0,2,2,109,185,0,50707746422
471,0,50921379505,50921813105,433600,2,2,102,461,0,50676417246
323,0,50922960304,50923725103,764799,2,2,100,551,0,50713460814
281,0,50926585427,50927987026,1401599,2,2,101,750,0,50732822541
442,0,50935916484,50938524480,2607996,2,2,109,1099,0,50730038407
472,0,50944069951,50949644383,5574432,2,2,102,2000,0,50698334361
492,0,50989758255,50991159854,1401599,2,2,106,750,0,50756958709
443,0,50996217471,51001748688,5531217,2,2,109,2000,0,50790338885
493,0,51004554853,51004554853,0,2,2,106,127,0,50776505124
324,0,51015701392,51015701392,0,2,2,100,310,0,50807870786
282,0,51068130201,51070646999,2516798,2,2,101,1085,0,50872146205
424,0,51077355180,51078483180,1128000,2,2,103,678,0,50935251758
307,0,51097010316,51097010316,0,2,2,107,260,0,50888989802
444,0,51103874588,51108596190,4721602,2,2,109,1747,0,50897995040
473,0,51127181793,51127181793,0,2,2,102,225,0,50884765615
425,0,51126417456,51131948689,5531233,2,2,103,2000,0,50984314845
474,0,51132271130,51137802389,5531259,2,2,102,2000,0,50887301254
426,0,51141689240,51141689240,0,2,2,103,201,0,51001353308
475,0,51140683926,51144595954,3912028,2,2,102,1494,0,50895713765
325,0,51147747478,51148846678,1099200,2,2,100,669,0,50939373972
283,0,51187436431,51187642831,206400,2,2,101,390,0,50993682588
308,0,51239190827,51243434023,4243196,2,2,107,921,0,51026412081
476,0,51237997229,51245232421,7235192,2,2,102,1564,0,50993023528
477,0,51246422820,51252000415,5577595,2,2,102,2000,0,51000234919
427,0,51274308242,51279298675,4990433,2,2,103,1831,0,51132208079
478,0,51286673097,51287028296,355199,2,2,102,423,0,51041697655
445,0,51292491880,51295392693,2900813,2,2,109,1205,0,51086610637
428,0,51314986872,51316183679,1196807,2,2,103,686,0,51172887369
479,0,51316375608,51321906865,5531257,2,2,102,2000,0,51071399071
284,0,51338228418,51338228418,0,2,2,101,133,0,51147775908
446,0,51377881746,51379488144,1606398,2,2,109,814,0,51170704503
447,0,51383019431,51383019431,0,2,2,109,141,0,51178896570
429,0,51385919245,51387141651,1222406,2,2,103,694,0,51243820910
309,0,51393977239,51397012437,3035198,2,2,107,1247,0,51182834017
430,0,51400295594,51400437993,142399,2,2,103,370,0,51258197506
448,0,51399032922,51402189725,3156803,2,2,109,1285,0,51193150728
449,0,51403384326,51408958726,5574400,2,2,109,2000,0,51197502085
285,0,51413130505,51420183298,7052793,2,2,101,1399,0,51218589657
326,0,51410836107,51421125698,10289591,2,2,100,2000,0,51202490389
327,0,51448818737,51454396332,5577595,2,2,100,2000,0,51240477016
480,0,51472849732,51478380976,5531244,2,2,102,2000,0,51227867540
481,0,51479617774,51480636974,1019200,2,2,102,644,0,51228521198
431,0,51502899648,51508430878,5531230,2,2,103,2000,0,51360803235
432,0,51536699943,51536699943,0,2,2,103,130,0,51397279347
433,0,51560704925,51566236160,5531235,2,2,103,2000,0,51418609476
494,0,51572083889,51572440688,356799,2,2,106,437,0,51333375827
310,0,51579207098,51579352698,145600,2,2,107,371,0,51369707161
482,0,51619363306,51624894562,5531256,2,2,102,2000,0,51373497886
286,0,51636655180,51636655180,0,2,2,101,114,0,51445696419
495,0,51636227981,51639325577,3097596,2,2,106,1133,0,51403274399
434,0,51650634413,51652500020,1865607,2,2,103,895,0,51508540424
287,0,51689345972,51693091568,3745596,2,2,101,1442,0,51495609491
483,0,51694925956,51696391566,1465610,2,2,102,770,0,51449935713
496,0,51717114495,51722645691,5531196,2,2,106,2000,0,51484355576
497,0,51730353075,51731177075,824000,2,2,106,583,0,51497563509
328,0,51734673340,51734673340,0,2,2,100,122,0,51530528527
435,0,51749233470,51749233470,0,2,2,103,252,0,51608254715
329,0,51780496585,51781709384,1212799,2,2,100,691,0,51566183430
330,0,51817870069,51819254067,1383998,2,2,100,731,0,51609567239
498,0,51820769869,51823459467,2689598,2,2,106,1139,0,51588016706
436,0,51832212218,51833421824,1209606,2,2,103,690,0,51690121185
331,0,51838733286,51840144485,1411199,2,2,100,753,0,51630432629
499,0,51842790634,51843496234,705600,2,2,106,546,0,51610038698
288,0,51876544317,51887811509,11267192,2,2,101,2000,0,51682814292
311,0,51877691516,51888753909,11062393,2,2,107,2000,0,51665211408
312,0,51895377141,51898156339,2779198,2,2,107,1167,0,51685901728
437,0,51899080221,51901336231,2256010,2,2,103,1017,0,51756990271
313,0,51900312654,51904549451,4236797,2,2,107,1609,0,51690837616
314,0,51905739850,51906061450,321600,2,2,107,426,0,51695784312
289,0,51958108217,51959189816,1081599,2,2,101,649,0,51764380991
332,0,51984972570,51990546966,5574396,2,2,100,2000,0,51776687326
500,0,52009512658,52012695056,3182398,2,2,106,1293,0,51776770048
450,0,52029174413,52030409617,1235204,2,2,109,698,0,51823286431
315,0,52040099772,52043474170,3374398,2,2,107,1353,0,51823430026
438,0,52054319757,52059850989,5531232,2,2,103,2000,0,51912232334
439,0,52071154193,52076685423,5531230,2,2,103,2000,0,51929067041
484,0,52088016375,52088016375,0,2,2,102,323,0,51843370210
485,0,52119461828,52119461828,0,2,2,102,133,0,51876285437
501,0,52170518989,52173208587,2689598,2,2,106,1139,0,51936898109
451,0,52190309802,52190309802,0,2,2,109,291,0,51985495464
452,0,52202174667,52202174667,0,2,2,109,238,0,51998547413
486,0,52240931825,52243002235,2070410,2,2,102,959,0,51995921717
487,0,52264798307,52266759918,1961611,2,2,102,925,0,52019787317
502,0,52267957409,52270624607,2667198,2,2,106,1132,0,52035229175
503,0,52271815006,52274984604,3169598,2,2,106,1289,0,52038726008
488,0,52309947397,52309947397,0,2,2,102,295,0,52065920330
440,0,52318922890,52324454120,5531230,2,2,103,2000,0,52176839719
453,0,52330240200,52335857797,5617597,2,2,109,2000,0,52119468043
316,0,52337004996,52341864192,4859196,2,2,107,1790,0,52127530533
333,0,52342180991,52342180991,0,2,2,100,66,0,52134748024
441,0,52386533868,52389223482,2689614,2,2,103,1139,0,52244451789
317,0,52396126700,52397145900,1019200,2,2,107,644,0,52186690028
290,0,52424779063,52426203062,1423999,2,2,101,757,0,52231067873
489,0,52444463966,52446579165,2115199,2,2,102,628,0,52199137434
291,0,52441022369,52448668764,7646395,2,2,101,2000,0,52245148866
442,0,52444922998,52450454228,5531230,2,2,103,2000,0,52302841846
490,0,52519048461,52524381297,5332836,2,2,102,1938,0,52274028189
334,0,52539236029,52548391219,9155190,2,2,100,2000,0,52331009024
318,0,52541573627,52551628017,10054390,2,2,107,2000,0,52332100437
504,0,52589559477,52590511477,952000,2,2,106,623,0,52356849153
319,0,52605976565,52611507761,5531196,2,2,107,2000,0,52396556106
443,0,52633238711,52634672318,1433607,2,2,103,760,0,52491160569
292,0,52659819384,52665350580,5531196,2,2,101,2000,0,52466116229
505,0,52674158054,52679778849,5620795,2,2,106,2000,0,52441452409
454,0,52685000705,52686946306,1945601,2,2,109,920,0,52478791054
491,0,52696616375,52698590786,1974411,2,2,102,929,0,52451589629
492,0,52699419586,52699419586,0,2,2,102,226,0,52456196118
493,0,52708703049,52711271092,2568043,2,2,102,1101,0,52462789481
494,0,52712461502,52714685504,2224002,2,2,102,1007,0,52463106321
495,0,52806764052,52807789651,1025599,2,2,102,646,0,52561733280
444,0,52811208067,52814865686,3657619,2,2,103,1428,0,52669132750
335,0,52820876974,52823020972,2143998,2,2,100,982,0,52607803315
336,0,52825835963,52825835963,0,2,2,100,224,0,52618672884
496,0,52830356895,52830356895,0,2,2,102,156,0,52587184855
497,0,52840143508,52841749919,1606411,2,2,102,814,0,52594357129
337,0,52843036315,52848124310,5087995,2,2,100,1847,0,52633852810
338,0,52849361108,52857229902,7868794,2,2,100,2000,0,52633859299
506,0,52853993104,52858753100,4759996,2,2,106,1133,0,52619739148
498,0,52865445649,52866125649,680000,2,2,102,538,0,52614742370
499,0,52867362447,52867408846,46399,2,2,102,340,0,52620730727
445,0,52889104112,52893504134,4400022,2,2,103,1660,0,52747030033
507,0,52926928894,52930832892,3903998,2,2,106,1505,0,52694237295
446,0,52925523839,52931055072,5531233,2,2,103,2000,0,52783450332
293,0,52962811239,52968388834,5577595,2,2,101,2000,0,52769118428
455,0,52981730927,52983716526,1985599,2,2,109,919,0,52774043144
320,0,52984665417,52984665417,0,2,2,107,148,0,52773467200
447,0,52989787278,52990019278,232000,2,2,103,398,0,52842367640
456,0,52988062169,52993593375,5531206,2,2,109,2000,0,52780633568
339,0,53001779961,53004216758,2436797,2,2,100,715,0,52793049632
294,0,52997191165,53005091958,7900793,2,2,101,1979,0,52800958502
500,0,53007779444,53010544274,2764830,2,2,102,1149,0,52758982185
457,0,53015176270,53017342669,2166399,2,2,109,644,0,52808857231
501,0,53011734673,53019432268,7697595,2,2,102,2000,0,52761375733
458,0,53057812003,53058450403,638400,2,2,109,525,0,52851914118
295,0,53064084201,53064277800,193599,2,2,101,386,0,52870394830
321,0,53084488170,53088126567,3638397,2,2,107,1422,0,52875104572
340,0,53104996725,53107583923,2587198,2,2,100,1107,0,52896543836
508,0,53142679886,53142679886,0,2,2,106,283,0,52911254698
502,0,53151297552,53154175966,2878414,2,2,102,1198,0,52906254130
448,0,53163234465,53168765693,5531228,2,2,103,2000,0,53021164696
296,0,53274954801,53274954801,0,2,2,101,153,0,53084248708
459,0,53295204853,53296224053,1019200,2,2,109,644,0,53089304618
509,0,53317894653,53317894653,0,2,2,106,293,0,53086255173
460,0,53325543268,53327604066,2060798,2,2,109,956,0,53119642723
297,0,53381290863,53381290863,0,2,2,101,103,0,53191388403
461,0,53395738853,53396758053,1019200,2,2,109,644,0,53189837619
510,0,53406093106,53406093106,0,2,2,106,149,0,53177684266
503,0,53415324029,53418119245,2795216,2,2,102,1172,0,53170270909
449,0,53469737160,53473012377,3275217,2,2,103,1322,0,53327672191
462,0,53505089216,53505089216,0,2,2,109,222,0,53301807624
298,0,53506092416,53506092416,0,2,2,101,258,0,53313664988
504,0,53587212428,53588231628,1019200,2,2,102,644,0,53342152982
463,0,53605182086,53606788487,1606401,2,2,109,814,0,53399278731
450,0,53619370684,53624901918,5531234,2,2,103,2000,0,53477308029
451,0,53635037083,53636947492,1910409,2,2,103,909,0,53492974661
505,0,53636778794,53640884447,4105653,2,2,102,1568,0,53391717552
511,0,53642031646,53648258841,6227195,2,2,106,1169,0,53408994095
341,0,53643178845,53651495639,8316794,2,2,100,2000,0,53433543642
452,0,53674912967,53680444197,5531230,2,2,103,2000,0,53532851162
453,0,53685289741,53690820973,5531232,2,2,103,2000,0,53543228107
454,0,53711039557,53716570787,5531230,2,2,103,2000,0,53568978310
342,0,53764806601,53764806601,0,2,2,100,269,0,53558052015
464,0,53790421256,53790421256,0,2,2,109,283,0,53585770379
343,0,53799278127,53799554927,276800,2,2,100,412,0,53591183008
455,0,53814075598,53815944407,1868809,2,2,103,896,0,53672015950
456,0,53911514006,53911514006,0,2,2,103,284,0,53766561694
465,0,53922892776,53928467172,5574396,2,2,109,2000,0,53716986161
344,0,53931539395,53932532995,993600,2,2,100,636,0,53723458066
466,0,53963899048,53963899048,0,2,2,109,250,0,53759985567
467,0,53987741051,53993272273,5531222,2,2,109,2000,0,53781833781
457,0,54011959604,54012191604,232000,2,2,103,398,0,53869902982
468,0,54011148340,54013442747,2294407,2,2,109,1029,0,53805240811
469,0,54042222094,54043002892,780798,2,2,109,555,0,53936501028
470,0,54053197047,54053902647,705600,2,2,109,546,0,53940692266
471,0,54054481847,54054481847,0,2,2,109,148,0,53948927059
458,0,54054840045,54055161645,321600,2,2,103,426,0,53912784090
472,0,54081935487,54083719485,1783998,2,2,109,855,0,53975747881
459,0,54078392389,54083923620,5531231,2,2,103,2000,0,53936336792
473,0,54084909884,54087181883,2271999,2,2,109,1022,0,54022782090
512,0,54094662878,54097893275,3230397,2,2,106,1308,0,53862035988
513,0,54099305847,54103609841,4303994,2,2,106,1601,0,53866679211
345,0,54136044845,54136044845,0,2,2,100,266,0,53929386575
299,0,54156464548,54157246948,782400,2,2,101,570,0,53962812175
514,0,54158736091,54164267287,5531196,2,2,106,2000,0,53926112733
346,0,54175315499,54175315499,0,2,2,100,41,0,53972981720
300,0,54177096724,54180231122,3134398,2,2,101,1278,0,53983445045
347,0,54202738081,54205714078,2975997,2,2,100,1214,0,53994685044
460,0,54216377434,54217587040,1209606,2,2,103,690,0,54074323941
301,0,54212930356,54218504752,5574396,2,2,101,2000,0,54019143579
515,0,54224449363,54229980559,5531196,2,2,106,2000,0,53991829677
348,0,54238021889,54238021889,0,2,2,100,160,0,54027928056
461,0,54248248759,54248951159,702400,2,2,103,545,0,54106195742
322,0,54246007523,54249853919,3846396,2,2,107,1487,0,54036712981
474,0,54251227082,54251420681,193599,2,2,109,386,0,54192856345
506,0,54263956862,54264976062,1019200,2,2,102,644,0,54018208404
507,0,54266473500,54272004758,5531258,2,2,102,2000,0,54020276416
508,0,54281072442,54283989265,2916823,2,2,102,1210,0,54035987410
302,0,54288280126,54299593716,11313590,2,2,101,2000,0,54089724166
509,0,54289427325,54300536116,11108791,2,2,102,2000,0,54043239706
303,0,54349713239,54352418837,2705598,2,2,101,1144,0,54156067382
510,0,54369908283,54375439528,5531245,2,2,102,2000,0,54124365671
462,0,54430570309,54431811916,1241607,2,2,103,700,0,54288520063
516,0,54430853918,54436428315,5574397,2,2,106,2000,0,54198245628
517,0,54437461915,54437461915,0,2,2,106,290,0,54201990075
304,0,54439524931,54449731323,10206392,2,2,101,2000,0,54245882088
475,0,54441862529,54451820922,9958393,2,2,109,2000,0,54382640748
349,0,54452968121,54458585717,5617596,2,2,100,2000,0,54238756079
476,0,54459732916,54468715309,8982393,2,2,109,1658,0,54394653664
518,0,54460880115,54469820908,8940793,2,2,106,1706,0,54220151830
511,0,54471100906,54478433699,7332793,2,2,102,1846,0,54224874837
519,0,54474542503,54480257697,5715194,2,2,106,1227,0,54240166066
463,0,54537977166,54539034765,1057599,2,2,103,656,0,54395928536
520,0,54543355181,54543355181,0,2,2,106,132,0,54315390079
464,0,54543117125,54547203548,4086423,2,2,103,1562,0,54401068583
512,0,54559443808,54564975066,5531258,2,2,102,2000,0,54314348445
477,0,54577488018,54577488018,0,2,2,109,250,0,54519702171
478,0,54583092953,54584478551,1385598,2,2,109,745,0,54524468810
323,0,54618555370,54618555370,0,2,2,107,156,0,54405164373
521,0,54627173258,54627173258,0,2,2,106,322,0,54385048073
479,0,54633367241,54633367241,0,2,2,109,145,0,54576256039
480,0,54670271704,54675255700,4983996,2,2,109,1139,0,54611920555
350,0,54671418903,54677047698,5628795,2,2,100,1217,0,54463043567
513,0,54731046996,54734778230,3731234,2,2,102,1451,0,54478543332
465,0,54751462807,54756994039,5531232,2,2,103,2000,0,54609417389
324,0,54768977025,54769625025,648000,2,2,107,528,0,54556367172
522,0,54784947014,54785089413,142399,2,2,106,370,0,54550331498
305,0,54791691094,54795303890,3612796,2,2,101,1414,0,54598060066
325,0,54833002213,54833002213,0,2,2,107,155,0,54627285457
523,0,54845655977,54847086375,1430398,2,2,106,759,0,54613070573
514,0,54858534705,54863581100,5046395,2,2,102,1835,0,54613428248
466,0,54862724154,54865413772,2689618,2,2,103,1139,0,54720680408
351,0,54864728299,54870259495,5531196,2,2,100,2000,0,54656295055
524,0,54917910144,54918938944,1028800,2,2,106,647,0,54685328743
525,0,54946375592,54951953187,5577595,2,2,106,2000,0,54713795771
326,0,54960564119,54963618517,3054398,2,2,107,1253,0,54751324055
306,0,55020546438,55026120834,5574396,2,2,101,2000,0,54826923057
526,0,55031515741,55034749338,3233597,2,2,106,1309,0,54798940626
481,0,55036678554,55038590553,1911999,2,2,109,895,0,54978344517
527,0,55050710243,55050865443,155200,2,2,106,374,0,54818136150
528,0,55055095019,55057992617,2897598,2,2,106,1204,0,54822262679
515,0,55062571335,55062571335,0,2,2,102,199,0,54820593160
307,0,55079645490,55079707889,62399,2,2,101,345,0,54884881200
516,0,55088492576,55090577373,2084797,2,2,102,949,0,54843377555
482,0,55091995602,55093861201,1865599,2,2,109,895,0,55033664143
483,0,55105501932,55105695531,193599,2,2,109,386,0,55047171111
467,0,55130412725,55130412725,0,2,2,103,238,0,54989665780
484,0,55128173394,55133704590,5531196,2,2,109,2000,0,55069792616
308,0,55157134624,55157491423,356799,2,2,101,437,0,54952320068
468,0,55163267810,55168799036,5531226,2,2,103,2000,0,55021228523
469,0,55179935415,55181157820,1222405,2,2,103,694,0,55037896365
529,0,55192461696,55192527296,65600,2,2,106,346,0,54957616718
517,0,55201714198,55201714198,0,2,2,102,294,0,54957055256
309,0,55221592917,55227167313,5574396,2,2,101,2000,0,55027383170
470,0,55232497731,55238028963,5531232,2,2,103,2000,0,55090459464
530,0,55254181436,55258392632,4211196,2,2,106,1601,0,55021618565
485,0,55268542882,55269496481,953599,2,2,109,609,0,55210219655
531,0,55295027425,55300008220,4980795,2,2,106,1828,0,55062466812
327,0,55319009430,55320686228,1676798,2,2,107,836,0,55109796617
532,0,55334489934,55339880330,5390396,2,2,106,1956,0,55101931516
486,0,55354941268,55355682068,740800,2,2,109,557,0,55296622062
533,0,55384872622,55390450217,5577595,2,2,106,2000,0,55152271354
534,0,55391687015,55397261411,5574396,2,2,106,2000,0,55155702111
310,0,55399511275,55400594475,1083200,2,2,101,664,0,55205577963
328,0,55431152757,55432664754,1511997,2,2,107,770,0,55221948442
329,0,55488723614,55491288413,2564799,2,2,107,1100,0,55279523669
352,0,55531913785,55532972983,1059198,2,2,100,642,0,55318780607
518,0,55544188737,55544188737,0,2,2,102,260,0,55300826261
519,0,55554366611,55559941018,5574407,2,2,102,2000,0,55308511138
535,0,55562323922,55562543122,219200,2,2,106,394,0,55329778044
471,0,55564320957,55566186563,1865606,2,2,103,895,0,55422287563
353,0,55572728037,55575524834,2796797,2,2,100,814,0,55359557239
487,0,55571580838,55576852833,5271995,2,2,109,1072,0,55512891272
354,0,55582525939,55582525939,0,2,2,100,152,0,55377456201
520,0,55579639541,55585762737,6123196,2,2,102,2000,0,55334506217
472,0,55634004122,55639535351,5531229,2,2,103,2000,0,55491971734
311,0,55638258206,55640155805,1897599,2,2,101,905,0,55444655389
521,0,55651496227,55654192243,2696016,2,2,102,1141,0,55406360205
355,0,55675698630,55678962627,3263997,2,2,100,1305,0,55467798564
522,0,55683238905,55686835732,3596827,2,2,102,1409,0,55438101684
473,0,55695308864,55695308864,0,2,2,103,197,0,55555095007
536,0,55709449408,55709774207,324799,2,2,106,427,0,55476911629
356,0,55727184878,55729650475,2465597,2,2,100,724,0,55517651858
523,0,55726037679,55733240872,7203193,2,2,102,1752,0,55470961813
537,0,55743501262,55744427661,926399,2,2,106,615,0,55510717630
312,0,55745574860,55751149256,5574396,2,2,101,2000,0,55551320653
357,0,55752296455,55757221251,4924796,2,2,100,1797,0,55543969027
538,0,55761959737,55766655733,4695996,2,2,106,1049,0,55529248503
524,0,55759665327,55768745332,9080005,2,2,102,2000,0,55514525273
539,0,55776599333,55781256928,4657595,2,2,106,1727,0,55544065228
540,0,55823047148,55829578343,6531195,2,2,106,1609,0,55590515601
313,0,55826488745,55831111141,4622396,2,2,101,1136,0,55632513426
541,0,55851081496,55856659091,5577595,2,2,106,2000,0,55618551491
474,0,55909780600,55910393400,612800,2,2,103,517,0,55767752224
525,0,55958575000,55958575000,0,2,2,102,111,0,55714226634
526,0,55968945068,55974476307,5531239,2,2,102,2000,0,55723797172
475,0,55989413917,55994945149,5531232,2,2,103,2000,0,55847386686
330,0,55993930503,55998228099,4297596,2,2,107,1628,0,55779278515
488,0,56014169652,56015236851,1067199,2,2,109,659,0,55955498898
476,0,56058513588,56060350394,1836806,2,2,103,886,0,55916487349
358,0,56063390925,56068922121,5531196,2,2,100,2000,0,55855530938
359,0,56070112520,56070266119,153599,2,2,100,359,0,55855928096
542,0,56084629505,56090160701,5531196,2,2,106,2000,0,55852112339
331,0,56106838054,56106838054,0,2,2,107,218,0,55900008238
477,0,56145275474,56150806701,5531227,2,2,103,2000,0,56003250485
314,0,56150259887,56151343087,1083200,2,2,101,664,0,55956674020
543,0,56155905135,56156985135,1080000,2,2,106,663,0,55922462349
478,0,56188720849,56188720849,0,2,2,103,265,0,56047643698
315,0,56193062549,56198593745,5531196,2,2,101,2000,0,55999478092
527,0,56204951535,56206321147,1369612,2,2,102,740,0,55959794788
479,0,56219232111,56221921724,2689613,2,2,103,1139,0,56077208168
544,0,56227746918,56230436516,2689598,2,2,106,1139,0,55989712592
528,0,56256782492,56256782492,0,2,2,102,283,0,56012878140
545,0,56264095166,56264095166,0,2,2,106,162,0,56035552807
360,0,56267529358,56273060554,5531196,2,2,100,2000,0,56059690467
332,0,56287876503,56287958103,81600,2,2,107,351,0,56078737036
489,0,56325332554,56334305347,8972793,2,2,109,2000,0,56267058445
529,0,56327626952,56337542145,9915193,2,2,102,2000,0,56082465483
480,0,56393040363,56397440386,4400023,2,2,103,1660,0,56251018913
333,0,56382864368,56397616356,14751988,2,2,107,2000,0,56173732068
490,0,56389790762,56397854756,8063994,2,2,109,1090,0,56327607298
530,0,56384011567,56398797156,14785589,2,2,102,2000,0,56137845659
334,0,56445869028,56445869028,0,2,2,107,283,0,56237816738
491,0,56462649929,56464694728,2044799,2,2,109,951,0,56404382168
316,0,56529780639,56534113435,4332796,2,2,101,949,0,56335646557
546,0,56530927838,56538543831,7615993,2,2,106,2000,0,56298005094
317,0,56557234048,56562765244,5531196,2,2,101,2000,0,56363661593
492,0,56573642240,56573642240,0,2,2,109,143,0,56513447228
361,0,56578510687,56584085083,5574396,2,2,100,2000,0,56370703876
547,0,56585501214,56588190812,2689598,2,2,106,1139,0,56353011564
362,0,56589469475,56593423072,3953597,2,2,100,1507,0,56381663788
548,0,56594317471,56594317471,0,2,2,106,260,0,56363101521
549,0,56596438595,56596438595,0,2,2,106,335,0,56363239681
481,0,56636251955,56641783183,5531228,2,2,103,2000,0,56494233935
550,0,56651978357,56654376754,2398397,2,2,106,1048,0,56419492351
363,0,56656534661,56657313860,779199,2,2,100,569,0,56448735898
531,0,56671136106,56671291306,155200,2,2,102,374,0,56425961835
364,0,56678145890,56678145890,0,2,2,100,275,0,56464826353
365,0,56685590356,56685590356,0,2,2,100,167,0,56481097302
366,0,56798136542,56803667738,5531196,2,2,100,2000,0,56585249928
367,0,56836706470,56838261668,1555198,2,2,100,798,0,56628926268
318,0,56857332442,56857382042,49600,2,2,101,341,0,56663769837
368,0,56877801846,56883333042,5531196,2,2,100,2000,0,56670025886
493,0,56925642161,56926206960,564799,2,2,109,502,0,56867395829
369,0,56944480365,56947480363,2999998,2,2,100,1236,0,56726420045
532,0,56957955845,56957955845,0,2,2,102,283,0,56714025096
494,0,57000264775,57000264775,0,2,2,109,252,0,56942383446
551,0,56995911179,57002354374,6443195,2,2,106,2000,0,56761678253
482,0,57002774020,57007174047,4400027,2,2,103,1660,0,56860761149
483,0,57026955509,57027065909,110400,2,2,103,360,0,56884942964
552,0,57053391811,57054867010,1475199,2,2,106,773,0,56820927826
495,0,57083617230,57085361228,1743998,2,2,109,857,0,57025378200
533,0,57097751924,57100534366,2782442,2,2,102,1168,0,56852561559
335,0,57165009522,57166967920,1958398,2,2,107,924,0,56955936073
484,0,57224115074,57225484683,1369609,2,2,103,740,0,57082105274
534,0,57235955316,57235955316,0,2,2,102,283,0,56991344773
319,0,57231502519,57237948914,6446395,2,2,101,1970,0,57034569486
535,0,57308169370,57309111771,942401,2,2,102,620,0,57062971058
485,0,57310035615,57311498025,1462410,2,2,103,769,0,57168027004
553,0,57314550330,57318188727,3638397,2,2,106,1422,0,57082100648
370,0,57325915744,57326566943,651199,2,2,100,529,0,57118185867
320,0,57348213178,57348213178,0,2,2,101,148,0,57157722718
336,0,57362495703,57368026899,5531196,2,2,107,2000,0,57153437072
536,0,57404998375,57410529615,5531240,2,2,102,2000,0,57159796384
321,0,57442064341,57442064341,0,2,2,101,147,0,57250670665
554,0,57436899545,57443006741,6107196,2,2,106,2000,0,57204456553
337,0,57474625478,57477417475,2791997,2,2,107,1171,0,57265575260
496,0,57488086538,57493617734,5531196,2,2,109,2000,0,57429866169
555,0,57508390211,57511175809,2785598,2,2,106,1169,0,57275951139
486,0,57532404513,57537935744,5531231,2,2,103,2000,0,57390398951
556,0,57539986620,57539986620,0,2,2,106,89,0,57313149513
322,0,57544657661,57545142461,484800,2,2,101,477,0,57351117517
497,0,57546043259,57546043259,0,2,2,109,234,0,57487451024
323,0,57547190458,57552808054,5617596,2,2,101,2000,0,57352388909
338,0,57554684852,57554684852,0,2,2,107,194,0,57344974219
557,0,57554001652,57560216048,6214396,2,2,106,2000,0,57320684206
558,0,57600630976,57603301373,2670397,2,2,106,1133,0,57358725831
498,0,57618948896,57625881690,6932794,2,2,109,1376,0,57559687952
537,0,57616611298,57626824090,10212792,2,2,102,2000,0,57371401290
339,0,57656538938,57662070134,5531196,2,2,107,2000,0,57447502331
324,0,57667727132,57677847124,10119992,2,2,101,2000,0,57474190991
371,0,57670021530,57679112722,9091192,2,2,100,1729,0,57461640307
325,0,57680259921,57684755917,4495996,2,2,101,1662,0,57477373007
326,0,57685946316,57687978315,2031999,2,2,101,947,0,57483867543
559,0,57689168714,57691290313,2121599,2,2,106,975,0,57454636327
499,0,57701711456,57704791454,3079998,2,2,109,1261,0,57643100084
500,0,57721007842,57725407838,4399996,2,2,109,1660,0,57658191901
560,0,57784441603,57790019198,5577595,2,2,106,2000,0,57549154893
561,0,57791209597,57792815995,1606398,2,2,106,814,0,57556360158
501,0,57825186332,57826568731,1382399,2,2,109,744,0,57766873081
340,0,57860884468,57866415664,5531196,2,2,107,2000,0,57651863163
562,0,57896414614,57901945810,5531196,2,2,106,2000,0,57663996762
372,0,57946736686,57950043883,3307197,2,2,100,1332,0,57739070499
538,0,57969199519,57969199519,0,2,2,102,181,0,57727515178
563,0,57976238896,57981770092,5531196,2,2,106,2000,0,57743825385
487,0,57984566540,57984566540,0,2,2,103,156,0,57844909546
341,0,58017359355,58017405754,46399,2,2,107,340,0,57808349730
564,0,58030261974,58031121173,859199,2,2,106,594,0,57797851415
502,0,58046931794,58051910989,4979195,2,2,109,1814,0,57988737169
539,0,58054336214,58059867474,5531260,2,2,102,2000,0,57809109563
373,0,58093355803,58096026200,2670397,2,2,100,1133,0,57885704602
342,0,58184380723,58189911919,5531196,2,2,107,2000,0,57975383565
503,0,58204104298,58206793896,2689598,2,2,109,1139,0,58145916892
374,0,58209004481,58214535677,5531196,2,2,100,2000,0,58001365133
375,0,58220956855,58223088055,2131200,2,2,100,978,0,58013318734
376,0,58252154282,58255765478,3611196,2,2,100,1399,0,58044519333
377,0,58279034461,58282002459,2967998,2,2,100,1226,0,58071402274
565,0,58298925376,58303242173,4316797,2,2,106,1634,0,58066529498
327,0,58312780138,58314540137,1759999,2,2,101,862,0,58119264894
378,0,58355251872,58360783068,5531196,2,2,100,2000,0,58135564528
566,0,58381398681,58382669080,1270399,2,2,106,709,0,58149007296
567,0,58383859479,58389390675,5531196,2,2,106,2000,0,58149853747
343,0,58394475142,58394475142,0,2,2,107,258,0,58182172306
328,0,58422430757,58427961953,5531196,2,2,101,2000,0,58228919052
568,0,58439680991,58441728989,2047998,2,2,106,952,0,58207292801
504,0,58469229119,58479349111,10119992,2,2,109,2000,0,58411053914
379,0,58471523517,58486027506,14503989,2,2,100,2000,0,58263367661
344,0,58473817915,58488117105,14299190,2,2,107,2000,0,58262981542
345,0,58571773660,58572696859,923199,2,2,107,614,0,58362805390
329,0,58574401388,58576625386,2223998,2,2,101,1007,0,58380894580
380,0,58598609850,58604141046,5531196,2,2,100,2000,0,58391010332
569,0,58659038760,58660358759,1319999,2,2,106,711,0,58426662523
346,0,58661505958,58663502757,1996799,2,2,107,936,0,58451438640
488,0,58664046835,58669578065,5531230,2,2,103,2000,0,58522056445
489,0,58710742237,58712047843,1305606,2,2,103,720,0,58568752465
347,0,58839424091,58839617690,193599,2,2,107,386,0,58630475713
490,0,58893794541,58898031369,4236828,2,2,103,1609,0,58751807154
570,0,58897224363,58900125160,2900797,2,2,106,1205,0,58664861104
491,0,58905410454,58907640861,2230407,2,2,103,1009,0,58763423215
381,0,58927359527,58929605926,2246399,2,2,100,1014,0,58719793539
505,0,58932233794,58932907394,673600,2,2,109,536,0,58874079818
348,0,58948944356,58949854756,910400,2,2,107,610,0,58740004117
506,0,59011693419,59014383017,2689598,2,2,109,1139,0,58953543060
382,0,59016286801,59020214797,3927996,2,2,100,1154,0,58808729877
507,0,59018624399,59022214796,3590397,2,2,109,937,0,58960243298
383,0,59046330582,59048538580,2207998,2,2,100,657,0,58838222508
508,0,59044036184,59051775378,7739194,2,2,109,2000,0,58985887305
492,0,59093995826,59096203832,2208006,2,2,103,1002,0,58952011038
571,0,59099538866,59099538866,0,2,2,106,283,0,58868441077
349,0,59144008881,59146621678,2612797,2,2,107,770,0,58934548922
572,0,59141671283,59149904875,8233592,2,2,106,2000,0,58909321353
493,0,59150493747,59154023373,3529626,2,2,103,1388,0,59008509684
384,0,59165142621,59170717017,5574396,2,2,100,2000,0,58957600858
573,0,59195223369,59201944964,6721595,2,2,106,2000,0,58962876342
385,0,59199855365,59207522559,7667194,2,2,100,2000,0,58992246076
350,0,59247825749,59247825749,0,2,2,107,313,0,59039406907
494,0,59249529991,59249529991,0,2,2,103,283,0,59105586570
574,0,59267298427,59272424822,5126395,2,2,106,1170,0,59034955336
509,0,59269636025,59275485619,5849594,2,2,109,1600,0,59210418024
495,0,59277367124,59278267923,900799,2,2,103,607,0,59135384692
330,0,59279800137,59285331333,5531196,2,2,101,2000,0,59086020629
575,0,59307467016,59313044611,5577595,2,2,106,2000,0,59068879171
351,0,59315948497,59315948497,0,2,2,107,283,0,59108110747
510,0,59326338456,59331111252,4772796,2,2,109,1763,0,59268202507
331,0,59345371315,59350945711,5574396,2,2,101,2000,0,59151889218
496,0,59351473770,59354233783,2760013,2,2,103,1161,0,59209492285
386,0,59353896404,59359470800,5574396,2,2,100,2000,0,59146373883
576,0,59360617999,59366149195,5531196,2,2,106,2000,0,59121153080
352,0,59376529064,59379620261,3091197,2,2,107,1250,0,59167620545
577,0,59394513830,59394513830,0,2,2,106,282,0,59163454498
332,0,59440642049,59440835649,193600,2,2,101,386,0,59246407170
353,0,59477715775,59477715775,0,2,2,107,154,0,59272366957
497,0,59492948461,59494814068,1865607,2,2,103,895,0,59350968776
578,0,59534043022,59539574218,5531196,2,2,106,2000,0,59296699584
579,0,59540764617,59546295813,5531196,2,2,106,2000,0,59301429067
498,0,59556487681,59562018913,5531232,2,2,103,2000,0,59414508811
387,0,59565425555,59570956751,5531196,2,2,100,2000,0,59357924540
354,0,59574547757,59578416553,3868796,2,2,107,1494,0,59365653900
499,0,59634176873,59634914473,737600,2,2,103,556,0,59492198980
580,0,59637388915,59640072113,2683198,2,2,106,1137,0,59405065964
355,0,59661069810,59666601006,5531196,2,2,107,2000,0,59452182331
388,0,59711583974,59713279973,1695999,2,2,100,842,0,59500953998
500,0,59810759031,59811971838,1212807,2,2,103,691,0,59668783373
501,0,59813356971,59815944185,2587214,2,2,103,1107,0,59671381345
389,0,59869341423,59872832620,3491197,2,2,100,1376,0,59661871272
356,0,59898749398,59903445395,4695997,2,2,107,1739,0,59689879510
511,0,59968856101,59970472100,1615999,2,2,109,817,0,59910749471
502,0,59971304534,59974974954,3670420,2,2,103,1432,0,59829330885
