6,103,7,1,0
36,103,37,2,1
37,103,27,0,3
43,103,42,1,2
46,103,47,2,1
47,103,37,0,3
52,103,42,0,3
53,103,52,1,2
56,103,57,2,1
57,103,47,0,3
58,103,48,0,3
59,103,49,0,3
61,103,51,0,3
62,103,52,0,3
63,103,62,1,2
66,103,67,2,1
67,103,57,0,3
68,103,58,0,3
69,103,59,0,3
72,103,82,3,0
73,103,72,1,2
76,103,77,2,1
77,103,87,3,0
78,103,88,3,0
79,103,89,3,0
82,103,92,3,0
83,103,82,1,2
86,103,87,2,1
87,103,97,3,0
88,103,98,3,0
96,103,97,2,1
100,103,33,0,4
103,100,29,0,4
103,109,29,0,4
103,110,29,0,4
103,112,29,0,4
103,113,29,0,4
1,0,0,0,0
2,0,1,0,1
3,0,2,0,1
4,0,3,0,1
5,0,6,1,0
6,0,7,1,0
7,0,8,1,0
8,0,9,1,0
9,0,0,1,2
10,0,0,0,1
11,0,1,0,2
12,0,2,0,2
13,0,12,1,2
14,0,13,1,2
15,0,16,2,1
16,0,17,2,1
17,0,7,0,2
18,0,8,0,2
19,0,9,0,2
20,0,10,0,2
21,0,11,0,3
22,0,12,0,3
23,0,22,1,2
24,0,23,1,2
25,0,26,2,1
26,0,27,2,1
27,0,17,0,3
28,0,18,0,3
29,0,19,0,3
30,0,20,0,2
31,0,21,0,3
32,0,22,0,3
33,0,32,1,2
34,0,33,1,2
35,0,36,2,1
36,0,37,2,1
37,0,27,0,3
38,0,28,0,3
39,0,29,0,3
40,0,30,0,2
41,0,31,0,3
42,0,32,0,3
43,0,42,1,2
44,0,43,1,2
45,0,46,2,1
46,0,47,2,1
47,0,37,0,3
48,0,38,0,3
49,0,39,0,3
50,0,60,2,0
51,0,61,3,0
52,0,62,3,0
53,0,52,1,2
54,0,53,1,2
55,0,56,2,1
56,0,57,2,1
57,0,67,3,0
58,0,68,3,0
59,0,69,3,0
60,0,70,2,0
61,0,71,3,0
62,0,72,3,0
63,0,62,1,2
64,0,63,1,2
65,0,66,2,1
66,0,67,2,1
67,0,77,3,0
68,0,78,3,0
69,0,79,3,0
70,0,80,2,0
71,0,81,3,0
72,0,82,3,0
73,0,72,1,2
74,0,73,1,2
75,0,76,2,1
76,0,77,2,1
77,0,87,3,0
78,0,88,3,0
79,0,89,3,0
80,0,90,2,0
81,0,91,3,0
82,0,92,3,0
83,0,82,1,2
84,0,83,1,2
85,0,86,2,1
86,0,87,2,1
87,0,97,3,0
88,0,98,3,0
89,0,99,3,0
90,0,0,2,3
91,0,1,3,3
92,0,2,3,3
93,0,92,1,2
94,0,93,1,2
95,0,96,2,1
96,0,97,2,1
97,0,7,3,3
98,0,8,3,3
99,0,9,3,3
100,0,61,0,4
101,0,13,0,4
102,0,24,0,4
103,0,29,0,4
104,0,-1,-1,-1
105,0,-1,-1,-1
106,0,51,0,4
107,0,61,0,4
108,0,-1,-1,-1
109,0,73,0,4
110,0,50,0,4
111,0,4,0,4
112,0,56,0,4
113,0,50,0,4
114,0,3,0,4
115,0,-1,-1,-1
116,0,-1,-1,-1
117,0,-1,-1,-1
118,0,29,0,4
119,0,-1,-1,-1
0,1,1,0,0
2,1,1,0,1
3,1,2,0,1
4,1,3,0,1
5,1,4,0,1
6,1,7,1,0
7,1,8,1,0
8,1,9,1,0
9,1,0,1,2
10,1,11,1,1
11,1,1,0,2
12,1,2,0,2
13,1,12,1,2
14,1,13,1,2
15,1,14,1,2
16,1,17,2,1
17,1,7,0,2
18,1,8,0,2
19,1,10,2,3
20,1,21,1,1
21,1,11,0,3
22,1,12,0,3
23,1,22,1,2
24,1,23,1,2
25,1,24,1,2
26,1,27,2,1
27,1,17,0,3
28,1,18,0,3
29,1,20,2,3
30,1,31,1,1
31,1,21,0,3
32,1,22,0,3
33,1,32,1,2
34,1,33,1,2
35,1,34,1,2
36,1,37,2,1
37,1,27,0,3
38,1,28,0,3
39,1,30,2,3
40,1,41,1,1
41,1,31,0,3
42,1,32,0,3
43,1,42,1,2
44,1,43,1,2
45,1,44,1,2
46,1,47,2,1
47,1,37,0,3
48,1,38,0,3
49,1,40,2,3
50,1,51,1,1
51,1,61,3,0
52,1,62,3,0
53,1,52,1,2
54,1,53,1,2
55,1,54,1,2
56,1,55,1,2
57,1,67,3,0
58,1,68,3,0
59,1,50,2,3
60,1,61,1,1
61,1,71,3,0
62,1,72,3,0
63,1,62,1,2
64,1,63,1,2
65,1,64,1,2
66,1,67,2,1
67,1,77,3,0
68,1,78,3,0
69,1,60,2,3
70,1,71,1,1
71,1,81,3,0
72,1,82,3,0
73,1,72,1,2
74,1,73,1,2
75,1,74,1,2
76,1,77,2,1
77,1,87,3,0
78,1,88,3,0
79,1,70,2,3
80,1,81,1,1
81,1,91,3,0
82,1,92,3,0
83,1,82,1,2
84,1,83,1,2
85,1,84,1,2
86,1,87,2,1
87,1,97,3,0
88,1,98,3,0
89,1,80,2,3
90,1,91,1,1
91,1,1,3,3
92,1,2,3,3
93,1,92,1,2
94,1,93,1,2
95,1,94,1,2
96,1,97,2,1
97,1,7,3,3
98,1,8,3,3
99,1,90,2,3
100,1,61,0,4
101,1,13,0,4
102,1,24,0,4
103,1,29,0,4
104,1,-1,-1,-1
105,1,-1,-1,-1
106,1,51,0,4
107,1,61,0,4
108,1,-1,-1,-1
109,1,73,0,4
110,1,50,0,4
111,1,4,0,4
112,1,56,0,4
113,1,50,0,4
114,1,3,0,4
115,1,-1,-1,-1
116,1,-1,-1,-1
117,1,-1,-1,-1
118,1,29,0,4
119,1,-1,-1,-1
0,2,1,0,0
1,2,2,1,0
3,2,2,0,1
4,2,3,0,1
5,2,4,0,1
6,2,5,0,1
7,2,8,1,0
8,2,9,1,0
9,2,0,1,2
10,2,11,1,1
11,2,12,2,1
12,2,2,0,2
13,2,12,1,2
14,2,13,1,2
15,2,14,1,2
16,2,15,1,2
17,2,7,0,2
18,2,19,2,1
19,2,10,2,3
20,2,21,1,1
21,2,22,2,1
22,2,12,0,3
23,2,22,1,2
24,2,23,1,2
25,2,24,1,2
26,2,25,1,2
27,2,28,2,1
28,2,29,2,1
29,2,20,2,3
30,2,31,1,1
31,2,32,2,1
32,2,22,0,3
33,2,32,1,2
34,2,33,1,2
35,2,34,1,2
36,2,35,1,2
37,2,27,0,3
38,2,39,2,1
39,2,30,2,3
40,2,41,1,1
41,2,42,2,1
42,2,32,0,3
43,2,42,1,2
44,2,43,1,2
45,2,44,1,2
46,2,45,1,2
47,2,48,2,1
48,2,49,2,1
49,2,40,2,3
50,2,51,1,1
51,2,52,2,1
52,2,62,3,0
53,2,52,1,2
54,2,53,1,2
55,2,54,1,2
56,2,55,1,2
57,2,56,1,2
58,2,59,2,1
59,2,50,2,3
60,2,61,1,1
61,2,62,2,1
62,2,72,3,0
63,2,62,1,2
64,2,63,1,2
65,2,64,1,2
66,2,65,1,2
67,2,68,2,1
68,2,69,2,1
69,2,60,2,3
70,2,71,1,1
71,2,72,2,1
72,2,82,3,0
73,2,72,1,2
74,2,73,1,2
75,2,74,1,2
76,2,75,1,2
77,2,76,1,2
78,2,79,2,1
79,2,70,2,3
80,2,81,1,1
81,2,82,2,1
82,2,92,3,0
83,2,82,1,2
84,2,83,1,2
85,2,84,1,2
86,2,85,1,2
87,2,88,2,1
88,2,89,2,1
89,2,80,2,3
90,2,91,1,1
91,2,92,2,1
92,2,2,3,3
93,2,92,1,2
94,2,93,1,2
95,2,94,1,2
96,2,95,1,2
97,2,96,1,2
98,2,99,2,1
99,2,90,2,3
100,2,33,0,4
101,2,13,0,4
102,2,24,0,4
103,2,29,0,4
104,2,-1,-1,-1
105,2,-1,-1,-1
106,2,51,0,4
107,2,24,0,4
108,2,-1,-1,-1
109,2,73,0,4
110,2,50,0,4
111,2,4,0,4
112,2,56,0,4
113,2,50,0,4
114,2,3,0,4
115,2,-1,-1,-1
116,2,-1,-1,-1
117,2,-1,-1,-1
118,2,29,0,4
119,2,-1,-1,-1
0,3,1,0,0
1,3,2,1,0
2,3,3,1,0
4,3,3,0,1
5,3,4,0,1
6,3,5,0,1
7,3,6,0,1
8,3,7,0,1
9,3,0,1,2
10,3,11,1,1
11,3,12,2,1
12,3,2,0,2
13,3,3,0,2
14,3,13,1,2
15,3,14,1,2
16,3,15,1,2
17,3,7,0,2
18,3,17,1,2
19,3,10,2,3
20,3,21,1,1
21,3,22,2,1
22,3,12,0,3
23,3,13,0,3
24,3,23,1,2
25,3,24,1,2
26,3,25,1,2
27,3,17,0,3
28,3,27,1,2
29,3,20,2,3
30,3,31,1,1
31,3,32,2,1
32,3,22,0,3
33,3,23,0,3
34,3,33,1,2
35,3,34,1,2
36,3,35,1,2
37,3,27,0,3
38,3,37,1,2
39,3,30,2,3
40,3,41,1,1
41,3,42,2,1
42,3,32,0,3
43,3,33,0,3
44,3,43,1,2
45,3,44,1,2
46,3,45,1,2
47,3,37,0,3
48,3,49,2,1
49,3,40,2,3
50,3,51,1,1
51,3,52,2,1
52,3,62,3,0
53,3,63,3,0
54,3,53,1,2
55,3,54,1,2
56,3,55,1,2
57,3,67,3,0
58,3,59,2,1
59,3,50,2,3
60,3,61,1,1
61,3,62,2,1
62,3,72,3,0
63,3,73,3,0
64,3,63,1,2
65,3,64,1,2
66,3,65,1,2
67,3,77,3,0
68,3,69,2,1
69,3,60,2,3
70,3,71,1,1
71,3,72,2,1
72,3,82,3,0
73,3,83,3,0
74,3,73,1,2
75,3,74,1,2
76,3,75,1,2
77,3,87,3,0
78,3,79,2,1
79,3,70,2,3
80,3,81,1,1
81,3,82,2,1
82,3,92,3,0
83,3,93,3,0
84,3,83,1,2
85,3,84,1,2
86,3,85,1,2
87,3,97,3,0
88,3,87,1,2
89,3,80,2,3
90,3,91,1,1
91,3,92,2,1
92,3,2,3,3
93,3,3,3,3
94,3,93,1,2
95,3,94,1,2
96,3,95,1,2
97,3,7,3,3
98,3,97,1,2
99,3,90,2,3
100,3,33,0,4
101,3,13,0,4
102,3,24,0,4
103,3,29,0,4
104,3,-1,-1,-1
105,3,-1,-1,-1
106,3,51,0,4
107,3,24,0,4
108,3,-1,-1,-1
109,3,73,0,4
110,3,50,0,4
111,3,4,0,4
112,3,56,0,4
113,3,50,0,4
114,3,3,0,4
115,3,-1,-1,-1
116,3,-1,-1,-1
117,3,-1,-1,-1
118,3,29,0,4
119,3,-1,-1,-1
0,4,1,0,0
1,4,2,1,0
2,4,3,1,0
3,4,4,1,0
5,4,4,0,1
6,4,5,0,1
7,4,6,0,1
8,4,7,0,1
9,4,8,0,1
10,4,11,1,1
11,4,12,2,1
12,4,2,0,2
13,4,3,0,2
14,4,4,0,2
15,4,14,1,2
16,4,6,0,2
17,4,7,0,2
18,4,17,1,2
19,4,18,1,2
20,4,21,1,1
21,4,22,2,1
22,4,12,0,3
23,4,13,0,3
24,4,14,0,3
25,4,24,1,2
26,4,16,0,3
27,4,17,0,3
28,4,27,1,2
29,4,28,1,2
30,4,31,1,1
31,4,32,2,1
32,4,22,0,3
33,4,23,0,3
34,4,24,0,3
35,4,34,1,2
36,4,26,0,3
37,4,27,0,3
38,4,37,1,2
39,4,38,1,2
40,4,41,1,1
41,4,42,2,1
42,4,32,0,3
43,4,33,0,3
44,4,34,0,3
45,4,44,1,2
46,4,36,0,3
47,4,37,0,3
48,4,47,1,2
49,4,48,1,2
50,4,51,1,1
51,4,52,2,1
52,4,62,3,0
53,4,63,3,0
54,4,64,3,0
55,4,54,1,2
56,4,66,3,0
57,4,67,3,0
58,4,57,1,2
59,4,50,2,3
60,4,61,1,1
61,4,62,2,1
62,4,72,3,0
63,4,73,3,0
64,4,74,3,0
65,4,64,1,2
66,4,76,3,0
67,4,77,3,0
68,4,67,1,2
69,4,68,1,2
70,4,71,1,1
71,4,72,2,1
72,4,82,3,0
73,4,83,3,0
74,4,84,3,0
75,4,74,1,2
76,4,86,3,0
77,4,87,3,0
78,4,77,1,2
79,4,78,1,2
80,4,81,1,1
81,4,82,2,1
82,4,92,3,0
83,4,93,3,0
84,4,94,3,0
85,4,84,1,2
86,4,96,3,0
87,4,97,3,0
88,4,87,1,2
89,4,88,1,2
90,4,91,1,1
91,4,92,2,1
92,4,2,3,3
93,4,3,3,3
94,4,4,3,3
95,4,94,1,2
96,4,6,3,3
97,4,7,3,3
98,4,97,1,2
99,4,98,1,2
100,4,33,0,4
101,4,13,0,4
102,4,24,0,4
103,4,29,0,4
104,4,-1,-1,-1
105,4,-1,-1,-1
106,4,51,0,4
107,4,24,0,4
108,4,-1,-1,-1
109,4,73,0,4
110,4,50,0,4
111,4,4,0,4
112,4,56,0,4
113,4,50,0,4
114,4,3,0,4
115,4,-1,-1,-1
116,4,-1,-1,-1
117,4,-1,-1,-1
118,4,66,0,4
119,4,-1,-1,-1
0,5,9,2,1
1,5,2,1,0
2,5,3,1,0
3,5,4,1,0
4,5,5,1,0
6,5,5,0,1
7,5,6,0,1
8,5,7,0,1
9,5,8,0,1
10,5,19,3,2
11,5,12,2,1
12,5,2,0,2
13,5,3,0,2
14,5,4,0,2
15,5,5,0,2
16,5,6,0,2
17,5,7,0,2
18,5,17,1,2
19,5,18,1,2
20,5,29,3,2
21,5,22,2,1
22,5,12,0,3
23,5,13,0,3
24,5,14,0,3
25,5,15,0,3
26,5,16,0,3
27,5,17,0,3
28,5,27,1,2
29,5,28,1,2
30,5,39,3,2
31,5,32,2,1
32,5,22,0,3
33,5,23,0,3
34,5,24,0,3
35,5,25,0,3
36,5,26,0,3
37,5,27,0,3
38,5,37,1,2
39,5,38,1,2
40,5,49,3,2
41,5,42,2,1
42,5,32,0,3
43,5,33,0,3
44,5,34,0,3
45,5,35,0,3
46,5,36,0,3
47,5,37,0,3
48,5,47,1,2
49,5,48,1,2
50,5,51,1,1
51,5,52,2,1
52,5,62,3,0
53,5,63,3,0
54,5,64,3,0
55,5,65,3,0
56,5,66,3,0
57,5,67,3,0
58,5,57,1,2
59,5,58,1,2
60,5,69,3,2
61,5,62,2,1
62,5,72,3,0
63,5,73,3,0
64,5,74,3,0
65,5,75,3,0
66,5,76,3,0
67,5,77,3,0
68,5,67,1,2
69,5,68,1,2
70,5,79,3,2
71,5,72,2,1
72,5,82,3,0
73,5,83,3,0
74,5,84,3,0
75,5,85,3,0
76,5,86,3,0
77,5,87,3,0
78,5,77,1,2
79,5,78,1,2
80,5,89,3,2
81,5,82,2,1
82,5,92,3,0
83,5,93,3,0
84,5,94,3,0
85,5,95,3,0
86,5,96,3,0
87,5,97,3,0
88,5,87,1,2
89,5,88,1,2
90,5,99,3,2
91,5,92,2,1
92,5,2,3,3
93,5,3,3,3
94,5,4,3,3
95,5,5,3,3
96,5,6,3,3
97,5,7,3,3
98,5,97,1,2
99,5,98,1,2
100,5,33,0,4
101,5,13,0,4
102,5,24,0,4
103,5,29,0,4
104,5,-1,-1,-1
105,5,-1,-1,-1
106,5,51,0,4
107,5,24,0,4
108,5,-1,-1,-1
109,5,73,0,4
110,5,50,0,4
111,5,4,0,4
112,5,56,0,4
113,5,50,0,4
114,5,3,0,4
115,5,-1,-1,-1
116,5,-1,-1,-1
117,5,-1,-1,-1
118,5,66,0,4
119,5,-1,-1,-1
0,6,9,2,1
1,6,0,0,0
2,6,3,1,0
3,6,4,1,0
4,6,5,1,0
5,6,6,1,0
7,6,6,0,1
8,6,7,0,1
9,6,8,0,1
10,6,19,3,2
11,6,10,1,1
12,6,2,0,2
13,6,3,0,2
14,6,15,2,1
15,6,16,2,1
16,6,6,0,2
17,6,7,0,2
18,6,17,1,2
19,6,18,1,2
20,6,29,3,2
21,6,20,1,1
22,6,12,0,3
23,6,13,0,3
24,6,25,2,1
25,6,26,2,1
26,6,16,0,3
27,6,17,0,3
28,6,27,1,2
29,6,28,1,2
30,6,39,3,2
31,6,30,1,1
32,6,22,0,3
33,6,23,0,3
34,6,35,2,1
35,6,36,2,1
36,6,26,0,3
37,6,27,0,3
38,6,37,1,2
39,6,38,1,2
40,6,49,3,2
41,6,40,1,1
42,6,32,0,3
43,6,33,0,3
44,6,45,2,1
45,6,46,2,1
46,6,36,0,3
47,6,37,0,3
48,6,47,1,2
49,6,48,1,2
50,6,59,3,2
51,6,52,2,1
52,6,62,3,0
53,6,63,3,0
54,6,55,2,1
55,6,56,2,1
56,6,66,3,0
57,6,67,3,0
58,6,57,1,2
59,6,58,1,2
60,6,69,3,2
61,6,60,1,1
62,6,72,3,0
63,6,73,3,0
64,6,65,2,1
65,6,66,2,1
66,6,76,3,0
67,6,77,3,0
68,6,67,1,2
69,6,68,1,2
70,6,79,3,2
71,6,70,1,1
72,6,82,3,0
73,6,83,3,0
74,6,75,2,1
75,6,76,2,1
76,6,86,3,0
77,6,87,3,0
78,6,77,1,2
79,6,78,1,2
80,6,89,3,2
81,6,80,1,1
82,6,92,3,0
83,6,93,3,0
84,6,85,2,1
85,6,86,2,1
86,6,96,3,0
87,6,97,3,0
88,6,87,1,2
89,6,88,1,2
90,6,99,3,2
91,6,90,1,1
92,6,2,3,3
93,6,3,3,3
94,6,95,2,1
95,6,96,2,1
96,6,6,3,3
97,6,7,3,3
98,6,97,1,2
99,6,98,1,2
100,6,33,0,4
101,6,13,0,4
102,6,24,0,4
103,6,29,0,4
104,6,-1,-1,-1
105,6,-1,-1,-1
106,6,51,0,4
107,6,24,0,4
108,6,-1,-1,-1
109,6,73,0,4
110,6,50,0,4
111,6,4,0,4
112,6,56,0,4
113,6,50,0,4
114,6,3,0,4
115,6,-1,-1,-1
116,6,-1,-1,-1
117,6,-1,-1,-1
118,6,66,0,4
119,6,-1,-1,-1
0,7,9,2,1
1,7,0,0,0
2,7,1,0,1
3,7,4,1,0
4,7,5,1,0
5,7,6,1,0
6,7,7,1,0
8,7,7,0,1
9,7,8,0,1
10,7,19,3,2
11,7,10,1,1
12,7,2,0,2
13,7,14,2,1
14,7,15,2,1
15,7,16,2,1
16,7,17,2,1
17,7,7,0,2
18,7,17,1,2
19,7,18,1,2
20,7,29,3,2
21,7,20,1,1
22,7,12,0,3
23,7,24,2,1
24,7,25,2,1
25,7,26,2,1
26,7,27,2,1
27,7,17,0,3
28,7,27,1,2
29,7,28,1,2
30,7,39,3,2
31,7,30,1,1
32,7,22,0,3
33,7,34,2,1
34,7,35,2,1
35,7,36,2,1
36,7,37,2,1
37,7,27,0,3
38,7,37,1,2
39,7,38,1,2
40,7,49,3,2
41,7,40,1,1
42,7,32,0,3
43,7,44,2,1
44,7,45,2,1
45,7,46,2,1
46,7,47,2,1
47,7,37,0,3
48,7,47,1,2
49,7,48,1,2
50,7,59,3,2
51,7,50,1,1
52,7,62,3,0
53,7,54,2,1
54,7,55,2,1
55,7,56,2,1
56,7,57,2,1
57,7,67,3,0
58,7,57,1,2
59,7,58,1,2
60,7,69,3,2
61,7,60,1,1
62,7,72,3,0
63,7,64,2,1
64,7,65,2,1
65,7,66,2,1
66,7,67,2,1
67,7,77,3,0
68,7,67,1,2
69,7,68,1,2
70,7,79,3,2
71,7,70,1,1
72,7,82,3,0
73,7,74,2,1
74,7,75,2,1
75,7,76,2,1
76,7,77,2,1
77,7,87,3,0
78,7,77,1,2
79,7,78,1,2
80,7,89,3,2
81,7,80,1,1
82,7,92,3,0
83,7,84,2,1
84,7,85,2,1
85,7,86,2,1
86,7,87,2,1
87,7,97,3,0
88,7,87,1,2
89,7,88,1,2
90,7,99,3,2
91,7,90,1,1
92,7,2,3,3
93,7,94,2,1
94,7,95,2,1
95,7,96,2,1
96,7,97,2,1
97,7,7,3,3
98,7,97,1,2
99,7,98,1,2
100,7,33,0,4
101,7,13,0,4
102,7,24,0,4
103,7,29,0,4
104,7,-1,-1,-1
105,7,-1,-1,-1
106,7,51,0,4
107,7,24,0,4
108,7,-1,-1,-1
109,7,73,0,4
110,7,50,0,4
111,7,4,0,4
112,7,56,0,4
113,7,50,0,4
114,7,3,0,4
115,7,-1,-1,-1
116,7,-1,-1,-1
117,7,-1,-1,-1
118,7,29,0,4
119,7,-1,-1,-1
0,8,9,2,1
1,8,0,0,0
2,8,1,0,1
3,8,4,1,0
4,8,5,1,0
5,8,6,1,0
6,8,7,1,0
7,8,8,1,0
9,8,8,0,1
10,8,19,3,2
11,8,10,1,1
12,8,2,0,2
13,8,14,2,1
14,8,15,2,1
15,8,16,2,1
16,8,17,2,1
17,8,7,0,2
18,8,8,0,2
19,8,18,1,2
20,8,29,3,2
21,8,20,1,1
22,8,12,0,3
23,8,24,2,1
24,8,25,2,1
25,8,26,2,1
26,8,27,2,1
27,8,17,0,3
28,8,18,0,3
29,8,28,1,2
30,8,39,3,2
31,8,30,1,1
32,8,22,0,3
33,8,34,2,1
34,8,35,2,1
35,8,36,2,1
36,8,37,2,1
37,8,27,0,3
38,8,28,0,3
39,8,38,1,2
40,8,49,3,2
41,8,40,1,1
42,8,32,0,3
43,8,42,1,2
44,8,45,2,1
45,8,46,2,1
46,8,47,2,1
47,8,37,0,3
48,8,38,0,3
49,8,48,1,2
50,8,59,3,2
51,8,50,1,1
52,8,62,3,0
53,8,52,1,2
54,8,55,2,1
55,8,56,2,1
56,8,57,2,1
57,8,67,3,0
58,8,68,3,0
59,8,58,1,2
60,8,69,3,2
61,8,60,1,1
62,8,72,3,0
63,8,62,1,2
64,8,65,2,1
65,8,66,2,1
66,8,67,2,1
67,8,77,3,0
68,8,78,3,0
69,8,68,1,2
70,8,79,3,2
71,8,70,1,1
72,8,82,3,0
73,8,72,1,2
74,8,75,2,1
75,8,76,2,1
76,8,77,2,1
77,8,87,3,0
78,8,88,3,0
79,8,78,1,2
80,8,89,3,2
81,8,80,1,1
82,8,92,3,0
83,8,84,2,1
84,8,85,2,1
85,8,86,2,1
86,8,87,2,1
87,8,97,3,0
88,8,98,3,0
89,8,88,1,2
90,8,99,3,2
91,8,90,1,1
92,8,2,3,3
93,8,94,2,1
94,8,95,2,1
95,8,96,2,1
96,8,97,2,1
97,8,7,3,3
98,8,8,3,3
99,8,98,1,2
100,8,61,0,4
101,8,41,0,4
102,8,24,0,4
103,8,29,0,4
104,8,-1,-1,-1
105,8,-1,-1,-1
106,8,51,0,4
107,8,24,0,4
108,8,-1,-1,-1
109,8,73,0,4
110,8,50,0,4
111,8,4,0,4
112,8,56,0,4
113,8,50,0,4
114,8,3,0,4
115,8,-1,-1,-1
116,8,-1,-1,-1
117,8,-1,-1,-1
118,8,29,0,4
119,8,-1,-1,-1
0,9,9,2,1
1,9,0,0,0
2,9,1,0,1
3,9,2,0,1
4,9,5,1,0
5,9,6,1,0
6,9,7,1,0
7,9,8,1,0
8,9,9,1,0
10,9,19,3,2
11,9,1,0,2
12,9,2,0,2
13,9,12,1,2
14,9,15,2,1
15,9,16,2,1
16,9,17,2,1
17,9,7,0,2
18,9,8,0,2
19,9,9,0,2
20,9,29,3,2
21,9,11,0,3
22,9,12,0,3
23,9,22,1,2
24,9,25,2,1
25,9,26,2,1
26,9,27,2,1
27,9,17,0,3
28,9,18,0,3
29,9,19,0,3
30,9,39,3,2
31,9,21,0,3
32,9,22,0,3
33,9,32,1,2
34,9,35,2,1
35,9,36,2,1
36,9,37,2,1
37,9,27,0,3
38,9,28,0,3
39,9,29,0,3
40,9,49,3,2
41,9,31,0,3
42,9,32,0,3
43,9,42,1,2
44,9,45,2,1
45,9,46,2,1
46,9,47,2,1
47,9,37,0,3
48,9,38,0,3
49,9,39,0,3
50,9,59,3,2
51,9,61,3,0
52,9,62,3,0
53,9,52,1,2
54,9,55,2,1
55,9,56,2,1
56,9,57,2,1
57,9,67,3,0
58,9,68,3,0
59,9,69,3,0
60,9,69,3,2
61,9,71,3,0
62,9,72,3,0
63,9,62,1,2
64,9,65,2,1
65,9,66,2,1
66,9,67,2,1
67,9,77,3,0
68,9,78,3,0
69,9,79,3,0
70,9,79,3,2
71,9,81,3,0
72,9,82,3,0
73,9,72,1,2
74,9,75,2,1
75,9,76,2,1
76,9,77,2,1
77,9,87,3,0
78,9,88,3,0
79,9,89,3,0
80,9,89,3,2
81,9,91,3,0
82,9,92,3,0
83,9,82,1,2
84,9,85,2,1
85,9,86,2,1
86,9,87,2,1
87,9,97,3,0
88,9,98,3,0
89,9,99,3,0
90,9,99,3,2
91,9,1,3,3
92,9,2,3,3
93,9,92,1,2
94,9,95,2,1
95,9,96,2,1
96,9,97,2,1
97,9,7,3,3
98,9,8,3,3
99,9,9,3,3
100,9,61,0,4
101,9,13,0,4
102,9,24,0,4
103,9,29,0,4
104,9,-1,-1,-1
105,9,-1,-1,-1
106,9,51,0,4
107,9,61,0,4
108,9,-1,-1,-1
109,9,73,0,4
110,9,50,0,4
111,9,4,0,4
112,9,56,0,4
113,9,50,0,4
114,9,3,0,4
115,9,-1,-1,-1
116,9,-1,-1,-1
117,9,-1,-1,-1
118,9,29,0,4
119,9,-1,-1,-1
0,10,10,1,0
1,10,11,2,0
2,10,12,2,0
3,10,2,0,1
4,10,3,0,1
5,10,6,1,0
6,10,7,1,0
7,10,17,2,0
8,10,18,2,0
9,10,19,2,0
11,10,10,1,1
12,10,11,1,2
13,10,12,1,2
14,10,13,1,2
15,10,16,2,1
16,10,17,2,1
17,10,18,2,1
18,10,19,2,1
19,10,10,2,3
20,10,10,0,2
21,10,11,0,3
22,10,12,0,3
23,10,22,1,2
24,10,23,1,2
25,10,26,2,1
26,10,27,2,1
27,10,17,0,3
28,10,18,0,3
29,10,19,0,3
30,10,20,0,2
31,10,21,0,3
32,10,22,0,3
33,10,32,1,2
34,10,33,1,2
35,10,36,2,1
36,10,37,2,1
37,10,27,0,3
38,10,28,0,3
39,10,29,0,3
40,10,30,0,2
41,10,31,0,3
42,10,32,0,3
43,10,42,1,2
44,10,43,1,2
45,10,46,2,1
46,10,47,2,1
47,10,37,0,3
48,10,38,0,3
49,10,39,0,3
50,10,40,0,2
51,10,41,0,3
52,10,42,0,3
53,10,52,1,2
54,10,53,1,2
55,10,56,2,1
56,10,57,2,1
57,10,47,0,3
58,10,48,0,3
59,10,49,0,3
60,10,50,0,2
61,10,51,0,3
62,10,52,0,3
63,10,62,1,2
64,10,63,1,2
65,10,64,1,2
66,10,67,2,1
67,10,57,0,3
68,10,58,0,3
69,10,59,0,3
70,10,80,2,0
71,10,81,3,0
72,10,82,3,0
73,10,72,1,2
74,10,73,1,2
75,10,76,2,1
76,10,77,2,1
77,10,87,3,0
78,10,88,3,0
79,10,89,3,0
80,10,90,2,0
81,10,91,3,0
82,10,92,3,0
83,10,82,1,2
84,10,83,1,2
85,10,86,2,1
86,10,87,2,1
87,10,97,3,0
88,10,98,3,0
89,10,99,3,0
90,10,0,2,3
91,10,1,3,3
92,10,2,3,3
93,10,92,1,2
94,10,93,1,2
95,10,96,2,1
96,10,97,2,1
97,10,7,3,3
98,10,8,3,3
99,10,9,3,3
100,10,33,0,4
101,10,13,0,4
102,10,24,0,4
103,10,29,0,4
104,10,-1,-1,-1
105,10,-1,-1,-1
106,10,51,0,4
107,10,24,0,4
108,10,-1,-1,-1
109,10,73,0,4
110,10,50,0,4
111,10,41,0,4
112,10,56,0,4
113,10,50,0,4
114,10,3,0,4
115,10,-1,-1,-1
116,10,-1,-1,-1
117,10,-1,-1,-1
118,10,29,0,4
119,10,-1,-1,-1
0,11,1,0,0
1,11,11,2,0
2,11,12,2,0
3,11,2,0,1
4,11,3,0,1
5,11,4,0,1
6,11,7,1,0
7,11,17,2,0
8,11,18,2,0
9,11,0,1,2
10,11,11,1,1
12,11,11,1,2
13,11,12,1,2
14,11,13,1,2
15,11,14,1,2
16,11,17,2,1
17,11,18,2,1
18,11,19,2,1
19,11,10,2,3
20,11,21,1,1
21,11,11,0,3
22,11,12,0,3
23,11,22,1,2
24,11,23,1,2
25,11,24,1,2
26,11,27,2,1
27,11,17,0,3
28,11,18,0,3
29,11,20,2,3
30,11,31,1,1
31,11,21,0,3
32,11,22,0,3
33,11,32,1,2
34,11,33,1,2
35,11,34,1,2
36,11,37,2,1
37,11,27,0,3
38,11,28,0,3
39,11,30,2,3
40,11,41,1,1
41,11,31,0,3
42,11,32,0,3
43,11,42,1,2
44,11,43,1,2
45,11,44,1,2
46,11,47,2,1
47,11,37,0,3
48,11,38,0,3
49,11,40,2,3
50,11,51,1,1
51,11,41,0,3
52,11,42,0,3
53,11,52,1,2
54,11,53,1,2
55,11,54,1,2
56,11,55,1,2
57,11,47,0,3
58,11,48,0,3
59,11,50,2,3
60,11,61,1,1
61,11,51,0,3
62,11,52,0,3
63,11,62,1,2
64,11,63,1,2
65,11,64,1,2
66,11,65,1,2
67,11,57,0,3
68,11,58,0,3
69,11,60,2,3
70,11,71,1,1
71,11,81,3,0
72,11,82,3,0
73,11,72,1,2
74,11,73,1,2
75,11,74,1,2
76,11,75,1,2
77,11,87,3,0
78,11,88,3,0
79,11,70,2,3
80,11,81,1,1
81,11,91,3,0
82,11,92,3,0
83,11,82,1,2
84,11,83,1,2
85,11,84,1,2
86,11,87,2,1
87,11,97,3,0
88,11,98,3,0
89,11,80,2,3
90,11,91,1,1
91,11,1,3,3
92,11,2,3,3
93,11,92,1,2
94,11,93,1,2
95,11,94,1,2
96,11,97,2,1
97,11,7,3,3
98,11,8,3,3
99,11,90,2,3
100,11,33,0,4
101,11,13,0,4
102,11,24,0,4
103,11,29,0,4
104,11,-1,-1,-1
105,11,-1,-1,-1
106,11,51,0,4
107,11,24,0,4
108,11,-1,-1,-1
109,11,73,0,4
110,11,50,0,4
111,11,41,0,4
112,11,56,0,4
113,11,50,0,4
114,11,3,0,4
115,11,-1,-1,-1
116,11,-1,-1,-1
117,11,-1,-1,-1
118,11,29,0,4
119,11,-1,-1,-1
0,12,1,0,0
1,12,2,1,0
2,12,12,2,0
3,12,2,0,1
4,12,3,0,1
5,12,4,0,1
6,12,5,0,1
7,12,8,1,0
8,12,9,1,0
9,12,0,1,2
10,12,11,1,1
11,12,12,2,1
13,12,12,1,2
14,12,13,1,2
15,12,14,1,2
16,12,15,1,2
17,12,16,1,2
18,12,19,2,1
19,12,10,2,3
20,12,21,1,1
21,12,22,2,1
22,12,12,0,3
23,12,22,1,2
24,12,23,1,2
25,12,24,1,2
26,12,25,1,2
27,12,28,2,1
28,12,29,2,1
29,12,20,2,3
30,12,31,1,1
31,12,32,2,1
32,12,22,0,3
33,12,32,1,2
34,12,33,1,2
35,12,34,1,2
36,12,35,1,2
37,12,27,0,3
38,12,39,2,1
39,12,30,2,3
40,12,41,1,1
41,12,42,2,1
42,12,32,0,3
43,12,42,1,2
44,12,43,1,2
45,12,44,1,2
46,12,45,1,2
47,12,48,2,1
48,12,49,2,1
49,12,40,2,3
50,12,51,1,1
51,12,52,2,1
52,12,42,0,3
53,12,52,1,2
54,12,53,1,2
55,12,54,1,2
56,12,55,1,2
57,12,47,0,3
58,12,59,2,1
59,12,50,2,3
60,12,61,1,1
61,12,62,2,1
62,12,52,0,3
63,12,62,1,2
64,12,63,1,2
65,12,64,1,2
66,12,65,1,2
67,12,68,2,1
68,12,69,2,1
69,12,60,2,3
70,12,71,1,1
71,12,72,2,1
72,12,82,3,0
73,12,72,1,2
74,12,73,1,2
75,12,74,1,2
76,12,75,1,2
77,12,76,1,2
78,12,79,2,1
79,12,70,2,3
80,12,81,1,1
81,12,82,2,1
82,12,92,3,0
83,12,82,1,2
84,12,83,1,2
85,12,84,1,2
86,12,85,1,2
87,12,88,2,1
88,12,89,2,1
89,12,80,2,3
90,12,91,1,1
91,12,92,2,1
92,12,2,3,3
93,12,92,1,2
94,12,93,1,2
95,12,94,1,2
96,12,95,1,2
97,12,96,1,2
98,12,99,2,1
99,12,90,2,3
100,12,33,0,4
101,12,13,0,4
102,12,24,0,4
103,12,29,0,4
104,12,-1,-1,-1
105,12,-1,-1,-1
106,12,51,0,4
107,12,24,0,4
108,12,-1,-1,-1
109,12,73,0,4
110,12,50,0,4
111,12,41,0,4
112,12,56,0,4
113,12,50,0,4
114,12,3,0,4
115,12,-1,-1,-1
116,12,-1,-1,-1
117,12,-1,-1,-1
118,12,29,0,4
119,12,-1,-1,-1
0,13,1,0,0
1,13,2,1,0
2,13,12,2,0
3,13,13,2,0
4,13,3,0,1
5,13,4,0,1
6,13,5,0,1
7,13,17,2,0
8,13,7,0,1
9,13,0,1,2
10,13,11,1,1
11,13,12,2,1
12,13,13,2,1
14,13,13,1,2
15,13,14,1,2
16,13,15,1,2
17,13,16,1,2
18,13,17,1,2
19,13,10,2,3
20,13,21,1,1
21,13,22,2,1
22,13,12,0,3
23,13,13,0,3
24,13,23,1,2
25,13,24,1,2
26,13,25,1,2
27,13,17,0,3
28,13,27,1,2
29,13,20,2,3
30,13,31,1,1
31,13,32,2,1
32,13,22,0,3
33,13,23,0,3
34,13,33,1,2
35,13,34,1,2
36,13,35,1,2
37,13,27,0,3
38,13,37,1,2
39,13,30,2,3
40,13,41,1,1
41,13,42,2,1
42,13,32,0,3
43,13,33,0,3
44,13,43,1,2
45,13,44,1,2
46,13,45,1,2
47,13,37,0,3
48,13,49,2,1
49,13,40,2,3
50,13,51,1,1
51,13,52,2,1
52,13,42,0,3
53,13,43,0,3
54,13,53,1,2
55,13,54,1,2
56,13,55,1,2
57,13,47,0,3
58,13,57,1,2
59,13,50,2,3
60,13,61,1,1
61,13,62,2,1
62,13,52,0,3
63,13,53,0,3
64,13,63,1,2
65,13,64,1,2
66,13,65,1,2
67,13,57,0,3
68,13,69,2,1
69,13,60,2,3
70,13,71,1,1
71,13,72,2,1
72,13,82,3,0
73,13,83,3,0
74,13,73,1,2
75,13,74,1,2
76,13,75,1,2
77,13,87,3,0
78,13,77,1,2
79,13,70,2,3
80,13,81,1,1
81,13,82,2,1
82,13,92,3,0
83,13,93,3,0
84,13,83,1,2
85,13,84,1,2
86,13,85,1,2
87,13,97,3,0
88,13,87,1,2
89,13,80,2,3
90,13,91,1,1
91,13,92,2,1
92,13,2,3,3
93,13,3,3,3
94,13,93,1,2
95,13,94,1,2
96,13,95,1,2
97,13,7,3,3
98,13,97,1,2
99,13,90,2,3
100,13,33,0,4
101,13,13,0,4
102,13,24,0,4
103,13,29,0,4
104,13,-1,-1,-1
105,13,-1,-1,-1
106,13,51,0,4
107,13,24,0,4
108,13,-1,-1,-1
109,13,73,0,4
110,13,50,0,4
111,13,4,0,4
112,13,56,0,4
113,13,50,0,4
114,13,3,0,4
115,13,-1,-1,-1
116,13,-1,-1,-1
117,13,-1,-1,-1
118,13,29,0,4
119,13,-1,-1,-1
0,14,1,0,0
1,14,2,1,0
2,14,12,2,0
3,14,13,2,0
4,14,14,2,0
5,14,4,0,1
6,14,16,2,0
7,14,17,2,0
8,14,7,0,1
9,14,8,0,1
10,14,11,1,1
11,14,12,2,1
12,14,13,2,1
13,14,14,2,1
15,14,14,1,2
16,14,15,1,2
17,14,16,1,2
18,14,17,1,2
19,14,18,1,2
20,14,21,1,1
21,14,22,2,1
22,14,12,0,3
23,14,13,0,3
24,14,14,0,3
25,14,24,1,2
26,14,16,0,3
27,14,17,0,3
28,14,27,1,2
29,14,28,1,2
30,14,31,1,1
31,14,32,2,1
32,14,22,0,3
33,14,23,0,3
34,14,24,0,3
35,14,34,1,2
36,14,26,0,3
37,14,27,0,3
38,14,37,1,2
39,14,38,1,2
40,14,41,1,1
41,14,42,2,1
42,14,32,0,3
43,14,33,0,3
44,14,34,0,3
45,14,44,1,2
46,14,36,0,3
47,14,37,0,3
48,14,47,1,2
49,14,48,1,2
50,14,51,1,1
51,14,52,2,1
52,14,42,0,3
53,14,43,0,3
54,14,44,0,3
55,14,54,1,2
56,14,46,0,3
57,14,47,0,3
58,14,57,1,2
59,14,58,1,2
60,14,61,1,1
61,14,62,2,1
62,14,52,0,3
63,14,53,0,3
64,14,54,0,3
65,14,64,1,2
66,14,56,0,3
67,14,57,0,3
68,14,67,1,2
69,14,68,1,2
70,14,71,1,1
71,14,72,2,1
72,14,82,3,0
73,14,83,3,0
74,14,84,3,0
75,14,74,1,2
76,14,86,3,0
77,14,87,3,0
78,14,77,1,2
79,14,78,1,2
80,14,81,1,1
81,14,82,2,1
82,14,92,3,0
83,14,93,3,0
84,14,94,3,0
85,14,84,1,2
86,14,96,3,0
87,14,97,3,0
88,14,87,1,2
89,14,88,1,2
90,14,91,1,1
91,14,92,2,1
92,14,2,3,3
93,14,3,3,3
94,14,4,3,3
95,14,94,1,2
96,14,6,3,3
97,14,7,3,3
98,14,97,1,2
99,14,98,1,2
100,14,33,0,4
101,14,13,0,4
102,14,24,0,4
103,14,29,0,4
104,14,-1,-1,-1
105,14,-1,-1,-1
106,14,51,0,4
107,14,24,0,4
108,14,-1,-1,-1
109,14,73,0,4
110,14,50,0,4
111,14,4,0,4
112,14,56,0,4
113,14,50,0,4
114,14,3,0,4
115,14,-1,-1,-1
116,14,-1,-1,-1
117,14,-1,-1,-1
118,14,29,0,4
119,14,-1,-1,-1
0,15,9,2,1
1,15,2,1,0
2,15,12,2,0
3,15,13,2,0
4,15,14,2,0
5,15,15,2,0
6,15,16,2,0
7,15,17,2,0
8,15,7,0,1
9,15,8,0,1
10,15,19,3,2
11,15,12,2,1
12,15,13,2,1
13,15,14,2,1
14,15,15,2,1
16,15,15,1,2
17,15,16,1,2
18,15,17,1,2
19,15,18,1,2
20,15,29,3,2
21,15,22,2,1
22,15,12,0,3
23,15,13,0,3
24,15,14,0,3
25,15,15,0,3
26,15,16,0,3
27,15,17,0,3
28,15,27,1,2
29,15,28,1,2
30,15,39,3,2
31,15,32,2,1
32,15,22,0,3
33,15,23,0,3
34,15,24,0,3
35,15,25,0,3
36,15,26,0,3
37,15,27,0,3
38,15,37,1,2
39,15,38,1,2
40,15,49,3,2
41,15,42,2,1
42,15,32,0,3
43,15,33,0,3
44,15,34,0,3
45,15,35,0,3
46,15,36,0,3
47,15,37,0,3
48,15,47,1,2
49,15,48,1,2
50,15,59,3,2
51,15,52,2,1
52,15,42,0,3
53,15,43,0,3
54,15,44,0,3
55,15,45,0,3
56,15,46,0,3
57,15,47,0,3
58,15,57,1,2
59,15,58,1,2
60,15,69,3,2
61,15,62,2,1
62,15,52,0,3
63,15,53,0,3
64,15,54,0,3
65,15,55,0,3
66,15,56,0,3
67,15,57,0,3
68,15,67,1,2
69,15,68,1,2
70,15,79,3,2
71,15,72,2,1
72,15,82,3,0
73,15,83,3,0
74,15,84,3,0
75,15,85,3,0
76,15,86,3,0
77,15,87,3,0
78,15,77,1,2
79,15,78,1,2
80,15,89,3,2
81,15,82,2,1
82,15,92,3,0
83,15,93,3,0
84,15,94,3,0
85,15,95,3,0
86,15,96,3,0
87,15,97,3,0
88,15,87,1,2
89,15,88,1,2
90,15,99,3,2
91,15,92,2,1
92,15,2,3,3
93,15,3,3,3
94,15,4,3,3
95,15,5,3,3
96,15,6,3,3
97,15,7,3,3
98,15,97,1,2
99,15,98,1,2
100,15,33,0,4
101,15,13,0,4
102,15,24,0,4
103,15,29,0,4
104,15,-1,-1,-1
105,15,-1,-1,-1
106,15,51,0,4
107,15,24,0,4
108,15,-1,-1,-1
109,15,73,0,4
110,15,50,0,4
111,15,4,0,4
112,15,56,0,4
113,15,50,0,4
114,15,3,0,4
115,15,-1,-1,-1
116,15,-1,-1,-1
117,15,-1,-1,-1
118,15,29,0,4
119,15,-1,-1,-1
0,16,9,2,1
1,16,0,0,0
2,16,12,2,0
3,16,13,2,0
4,16,5,1,0
5,16,6,1,0
6,16,16,2,0
7,16,17,2,0
8,16,7,0,1
9,16,8,0,1
10,16,19,3,2
11,16,10,1,1
12,16,13,2,1
13,16,14,2,1
14,16,15,2,1
15,16,16,2,1
17,16,16,1,2
18,16,17,1,2
19,16,18,1,2
20,16,29,3,2
21,16,20,1,1
22,16,12,0,3
23,16,13,0,3
24,16,25,2,1
25,16,26,2,1
26,16,16,0,3
27,16,17,0,3
28,16,27,1,2
29,16,28,1,2
30,16,39,3,2
31,16,30,1,1
32,16,22,0,3
33,16,23,0,3
34,16,35,2,1
35,16,36,2,1
36,16,26,0,3
37,16,27,0,3
38,16,37,1,2
39,16,38,1,2
40,16,49,3,2
41,16,40,1,1
42,16,32,0,3
43,16,33,0,3
44,16,45,2,1
45,16,46,2,1
46,16,36,0,3
47,16,37,0,3
48,16,47,1,2
49,16,48,1,2
50,16,59,3,2
51,16,52,2,1
52,16,42,0,3
53,16,43,0,3
54,16,55,2,1
55,16,56,2,1
56,16,46,0,3
57,16,47,0,3
58,16,57,1,2
59,16,58,1,2
60,16,69,3,2
61,16,62,2,1
62,16,52,0,3
63,16,53,0,3
64,16,65,2,1
65,16,66,2,1
66,16,56,0,3
67,16,57,0,3
68,16,67,1,2
69,16,68,1,2
70,16,79,3,2
71,16,72,2,1
72,16,82,3,0
73,16,83,3,0
74,16,75,2,1
75,16,76,2,1
76,16,86,3,0
77,16,87,3,0
78,16,77,1,2
79,16,78,1,2
80,16,89,3,2
81,16,80,1,1
82,16,92,3,0
83,16,93,3,0
84,16,85,2,1
85,16,86,2,1
86,16,96,3,0
87,16,97,3,0
88,16,87,1,2
89,16,88,1,2
90,16,99,3,2
91,16,90,1,1
92,16,2,3,3
93,16,3,3,3
94,16,95,2,1
95,16,96,2,1
96,16,6,3,3
97,16,7,3,3
98,16,97,1,2
99,16,98,1,2
100,16,33,0,4
101,16,13,0,4
102,16,24,0,4
103,16,29,0,4
104,16,-1,-1,-1
105,16,-1,-1,-1
106,16,51,0,4
107,16,24,0,4
108,16,-1,-1,-1
109,16,73,0,4
110,16,50,0,4
111,16,4,0,4
112,16,56,0,4
113,16,50,0,4
114,16,3,0,4
115,16,-1,-1,-1
116,16,-1,-1,-1
117,16,-1,-1,-1
118,16,29,0,4
119,16,-1,-1,-1
0,17,9,2,1
1,17,0,0,0
2,17,1,0,1
3,17,4,1,0
4,17,5,1,0
5,17,6,1,0
6,17,7,1,0
7,17,17,2,0
8,17,7,0,1
9,17,8,0,1
10,17,19,3,2
11,17,10,1,1
12,17,13,2,1
13,17,14,2,1
14,17,15,2,1
15,17,16,2,1
16,17,17,2,1
18,17,17,1,2
19,17,18,1,2
20,17,29,3,2
21,17,20,1,1
22,17,12,0,3
23,17,24,2,1
24,17,25,2,1
25,17,26,2,1
26,17,27,2,1
27,17,17,0,3
28,17,27,1,2
29,17,28,1,2
30,17,39,3,2
31,17,30,1,1
32,17,22,0,3
33,17,34,2,1
34,17,35,2,1
35,17,36,2,1
36,17,37,2,1
37,17,27,0,3
38,17,37,1,2
39,17,38,1,2
40,17,49,3,2
41,17,40,1,1
42,17,32,0,3
43,17,44,2,1
44,17,45,2,1
45,17,46,2,1
46,17,47,2,1
47,17,37,0,3
48,17,47,1,2
49,17,48,1,2
50,17,59,3,2
51,17,50,1,1
52,17,42,0,3
53,17,54,2,1
54,17,55,2,1
55,17,56,2,1
56,17,57,2,1
57,17,47,0,3
58,17,57,1,2
59,17,58,1,2
60,17,69,3,2
61,17,60,1,1
62,17,52,0,3
63,17,64,2,1
64,17,65,2,1
65,17,66,2,1
66,17,67,2,1
67,17,57,0,3
68,17,67,1,2
69,17,68,1,2
70,17,79,3,2
71,17,70,1,1
72,17,82,3,0
73,17,74,2,1
74,17,75,2,1
75,17,76,2,1
76,17,77,2,1
77,17,87,3,0
78,17,77,1,2
79,17,78,1,2
80,17,89,3,2
81,17,80,1,1
82,17,92,3,0
83,17,84,2,1
84,17,85,2,1
85,17,86,2,1
86,17,87,2,1
87,17,97,3,0
88,17,87,1,2
89,17,88,1,2
90,17,99,3,2
91,17,90,1,1
92,17,2,3,3
93,17,94,2,1
94,17,95,2,1
95,17,96,2,1
96,17,97,2,1
97,17,7,3,3
98,17,97,1,2
99,17,98,1,2
100,17,33,0,4
101,17,13,0,4
102,17,24,0,4
103,17,29,0,4
104,17,-1,-1,-1
105,17,-1,-1,-1
106,17,51,0,4
107,17,24,0,4
108,17,-1,-1,-1
109,17,73,0,4
110,17,50,0,4
111,17,4,0,4
112,17,56,0,4
113,17,50,0,4
114,17,3,0,4
115,17,-1,-1,-1
116,17,-1,-1,-1
117,17,-1,-1,-1
118,17,29,0,4
119,17,-1,-1,-1
0,18,9,2,1
1,18,0,0,0
2,18,12,2,0
3,18,4,1,0
4,18,5,1,0
5,18,6,1,0
6,18,7,1,0
7,18,17,2,0
8,18,18,2,0
9,18,8,0,1
10,18,19,3,2
11,18,10,1,1
12,18,11,1,2
13,18,14,2,1
14,18,15,2,1
15,18,16,2,1
16,18,17,2,1
17,18,18,2,1
19,18,18,1,2
20,18,29,3,2
21,18,20,1,1
22,18,12,0,3
23,18,24,2,1
24,18,25,2,1
25,18,26,2,1
26,18,27,2,1
27,18,17,0,3
28,18,18,0,3
29,18,28,1,2
30,18,39,3,2
31,18,30,1,1
32,18,22,0,3
33,18,34,2,1
34,18,35,2,1
35,18,36,2,1
36,18,37,2,1
37,18,27,0,3
38,18,28,0,3
39,18,38,1,2
40,18,49,3,2
41,18,40,1,1
42,18,32,0,3
43,18,42,1,2
44,18,45,2,1
45,18,46,2,1
46,18,47,2,1
47,18,37,0,3
48,18,38,0,3
49,18,48,1,2
50,18,59,3,2
51,18,50,1,1
52,18,42,0,3
53,18,54,2,1
54,18,55,2,1
55,18,56,2,1
56,18,57,2,1
57,18,47,0,3
58,18,48,0,3
59,18,58,1,2
60,18,69,3,2
61,18,60,1,1
62,18,52,0,3
63,18,62,1,2
64,18,65,2,1
65,18,66,2,1
66,18,67,2,1
67,18,57,0,3
68,18,58,0,3
69,18,68,1,2
70,18,79,3,2
71,18,70,1,1
72,18,82,3,0
73,18,74,2,1
74,18,75,2,1
75,18,76,2,1
76,18,77,2,1
77,18,87,3,0
78,18,88,3,0
79,18,78,1,2
80,18,89,3,2
81,18,80,1,1
82,18,92,3,0
83,18,84,2,1
84,18,85,2,1
85,18,86,2,1
86,18,87,2,1
87,18,97,3,0
88,18,98,3,0
89,18,88,1,2
90,18,99,3,2
91,18,90,1,1
92,18,2,3,3
93,18,94,2,1
94,18,95,2,1
95,18,96,2,1
96,18,97,2,1
97,18,7,3,3
98,18,8,3,3
99,18,98,1,2
100,18,33,0,4
101,18,41,0,4
102,18,24,0,4
103,18,29,0,4
104,18,-1,-1,-1
105,18,-1,-1,-1
106,18,51,0,4
107,18,24,0,4
108,18,-1,-1,-1
109,18,73,0,4
110,18,50,0,4
111,18,41,0,4
112,18,56,0,4
113,18,50,0,4
114,18,3,0,4
115,18,-1,-1,-1
116,18,-1,-1,-1
117,18,-1,-1,-1
118,18,29,0,4
119,18,-1,-1,-1
0,19,9,2,1
1,19,11,2,0
2,19,12,2,0
3,19,2,0,1
4,19,5,1,0
5,19,6,1,0
6,19,7,1,0
7,19,17,2,0
8,19,18,2,0
9,19,19,2,0
10,19,19,3,2
11,19,10,1,1
12,19,11,1,2
13,19,12,1,2
14,19,15,2,1
15,19,16,2,1
16,19,17,2,1
17,19,18,2,1
18,19,19,2,1
20,19,29,3,2
21,19,11,0,3
22,19,12,0,3
23,19,22,1,2
24,19,25,2,1
25,19,26,2,1
26,19,27,2,1
27,19,17,0,3
28,19,18,0,3
29,19,19,0,3
30,19,39,3,2
31,19,21,0,3
32,19,22,0,3
33,19,32,1,2
34,19,35,2,1
35,19,36,2,1
36,19,37,2,1
37,19,27,0,3
38,19,28,0,3
39,19,29,0,3
40,19,49,3,2
41,19,31,0,3
42,19,32,0,3
43,19,42,1,2
44,19,45,2,1
45,19,46,2,1
46,19,47,2,1
47,19,37,0,3
48,19,38,0,3
49,19,39,0,3
50,19,59,3,2
51,19,41,0,3
52,19,42,0,3
53,19,52,1,2
54,19,55,2,1
55,19,56,2,1
56,19,57,2,1
57,19,47,0,3
58,19,48,0,3
59,19,49,0,3
60,19,69,3,2
61,19,51,0,3
62,19,52,0,3
63,19,62,1,2
64,19,63,1,2
65,19,66,2,1
66,19,67,2,1
67,19,57,0,3
68,19,58,0,3
69,19,59,0,3
70,19,79,3,2
71,19,81,3,0
72,19,82,3,0
73,19,72,1,2
74,19,75,2,1
75,19,76,2,1
76,19,77,2,1
77,19,87,3,0
78,19,88,3,0
79,19,89,3,0
80,19,89,3,2
81,19,91,3,0
82,19,92,3,0
83,19,82,1,2
84,19,85,2,1
85,19,86,2,1
86,19,87,2,1
87,19,97,3,0
88,19,98,3,0
89,19,99,3,0
90,19,99,3,2
91,19,1,3,3
92,19,2,3,3
93,19,92,1,2
94,19,95,2,1
95,19,96,2,1
96,19,97,2,1
97,19,7,3,3
98,19,8,3,3
99,19,9,3,3
100,19,33,0,4
101,19,13,0,4
102,19,24,0,4
103,19,29,0,4
104,19,-1,-1,-1
105,19,-1,-1,-1
106,19,51,0,4
107,19,24,0,4
108,19,-1,-1,-1
109,19,73,0,4
110,19,50,0,4
111,19,41,0,4
112,19,56,0,4
113,19,50,0,4
114,19,3,0,4
115,19,-1,-1,-1
116,19,-1,-1,-1
117,19,-1,-1,-1
118,19,29,0,4
119,19,-1,-1,-1
0,30,10,1,0
1,30,11,2,0
2,30,12,2,0
3,30,2,0,1
4,30,3,0,1
5,30,6,1,0
6,30,7,1,0
7,30,17,2,0
8,30,18,2,0
9,30,19,2,0
10,30,20,2,0
11,30,21,3,0
12,30,22,3,0
13,30,12,1,2
14,30,13,1,2
15,30,16,2,1
16,30,17,2,1
17,30,27,3,0
18,30,28,3,0
19,30,29,3,0
20,30,30,2,0
21,30,31,3,0
22,30,32,3,0
23,30,22,1,2
24,30,23,1,2
25,30,26,2,1
26,30,27,2,1
27,30,37,3,0
28,30,38,3,0
29,30,39,3,0
31,30,30,1,1
32,30,31,1,2
33,30,32,1,2
34,30,33,1,2
35,30,36,2,1
36,30,37,2,1
37,30,38,2,1
38,30,39,2,1
39,30,30,2,3
40,30,30,0,2
41,30,31,0,3
42,30,32,0,3
43,30,42,1,2
44,30,43,1,2
45,30,46,2,1
46,30,47,2,1
47,30,37,0,3
48,30,38,0,3
49,30,39,0,3
50,30,40,0,2
51,30,41,0,3
52,30,42,0,3
53,30,52,1,2
54,30,53,1,2
55,30,56,2,1
56,30,57,2,1
57,30,47,0,3
58,30,48,0,3
59,30,49,0,3
60,30,50,0,2
61,30,51,0,3
62,30,52,0,3
63,30,62,1,2
64,30,63,1,2
65,30,66,2,1
66,30,67,2,1
67,30,57,0,3
68,30,58,0,3
69,30,59,0,3
70,30,60,0,2
71,30,61,0,3
72,30,62,0,3
73,30,72,1,2
74,30,73,1,2
75,30,76,2,1
76,30,77,2,1
77,30,67,0,3
78,30,68,0,3
79,30,69,0,3
80,30,70,0,2
81,30,71,0,3
82,30,72,0,3
83,30,82,1,2
84,30,83,1,2
85,30,84,1,2
86,30,87,2,1
87,30,77,0,3
88,30,78,0,3
89,30,79,0,3
90,30,0,2,3
91,30,1,3,3
92,30,2,3,3
93,30,92,1,2
94,30,93,1,2
95,30,96,2,1
96,30,97,2,1
97,30,7,3,3
98,30,8,3,3
99,30,9,3,3
100,30,33,0,4
101,30,41,0,4
102,30,24,0,4
103,30,29,0,4
104,30,-1,-1,-1
105,30,-1,-1,-1
106,30,51,0,4
107,30,61,0,4
108,30,-1,-1,-1
109,30,73,0,4
110,30,50,0,4
111,30,41,0,4
112,30,56,0,4
113,30,50,0,4
114,30,3,0,4
115,30,-1,-1,-1
116,30,-1,-1,-1
117,30,-1,-1,-1
118,30,29,0,4
119,30,-1,-1,-1
0,31,1,0,0
1,31,11,2,0
2,31,12,2,0
3,31,2,0,1
4,31,3,0,1
5,31,4,0,1
6,31,7,1,0
7,31,17,2,0
8,31,18,2,0
9,31,0,1,2
10,31,11,1,1
11,31,21,3,0
12,31,22,3,0
13,31,12,1,2
14,31,13,1,2
15,31,14,1,2
16,31,17,2,1
17,31,27,3,0
18,31,28,3,0
19,31,10,2,3
20,31,21,1,1
21,31,31,3,0
22,31,32,3,0
23,31,22,1,2
24,31,23,1,2
25,31,24,1,2
26,31,27,2,1
27,31,37,3,0
28,31,38,3,0
29,31,20,2,3
30,31,31,1,1
32,31,31,1,2
33,31,32,1,2
34,31,33,1,2
35,31,34,1,2
36,31,37,2,1
37,31,38,2,1
38,31,39,2,1
39,31,30,2,3
40,31,41,1,1
41,31,31,0,3
42,31,32,0,3
43,31,42,1,2
44,31,43,1,2
45,31,44,1,2
46,31,47,2,1
47,31,37,0,3
48,31,38,0,3
49,31,40,2,3
50,31,51,1,1
51,31,41,0,3
52,31,42,0,3
53,31,52,1,2
54,31,53,1,2
55,31,54,1,2
56,31,57,2,1
57,31,47,0,3
58,31,48,0,3
59,31,50,2,3
60,31,61,1,1
61,31,51,0,3
62,31,52,0,3
63,31,62,1,2
64,31,63,1,2
65,31,64,1,2
66,31,67,2,1
67,31,57,0,3
68,31,58,0,3
69,31,60,2,3
70,31,71,1,1
71,31,61,0,3
72,31,62,0,3
73,31,72,1,2
74,31,73,1,2
75,31,74,1,2
76,31,75,1,2
77,31,67,0,3
78,31,68,0,3
79,31,70,2,3
80,31,81,1,1
81,31,71,0,3
82,31,72,0,3
83,31,82,1,2
84,31,83,1,2
85,31,84,1,2
86,31,85,1,2
87,31,77,0,3
88,31,78,0,3
89,31,80,2,3
90,31,91,1,1
91,31,1,3,3
92,31,2,3,3
93,31,92,1,2
94,31,93,1,2
95,31,94,1,2
96,31,95,1,2
97,31,7,3,3
98,31,8,3,3
99,31,90,2,3
100,31,33,0,4
101,31,41,0,4
102,31,24,0,4
103,31,29,0,4
104,31,-1,-1,-1
105,31,-1,-1,-1
106,31,51,0,4
107,31,61,0,4
108,31,-1,-1,-1
109,31,73,0,4
110,31,50,0,4
111,31,41,0,4
112,31,56,0,4
113,31,50,0,4
114,31,3,0,4
115,31,-1,-1,-1
116,31,-1,-1,-1
117,31,-1,-1,-1
118,31,29,0,4
119,31,-1,-1,-1
0,32,1,0,0
1,32,2,1,0
2,32,12,2,0
3,32,2,0,1
4,32,3,0,1
5,32,4,0,1
6,32,5,0,1
7,32,8,1,0
8,32,9,1,0
9,32,0,1,2
10,32,11,1,1
11,32,12,2,1
12,32,22,3,0
13,32,12,1,2
14,32,13,1,2
15,32,14,1,2
16,32,15,1,2
17,32,16,1,2
18,32,19,2,1
19,32,10,2,3
20,32,21,1,1
21,32,22,2,1
22,32,32,3,0
23,32,22,1,2
24,32,23,1,2
25,32,24,1,2
26,32,25,1,2
27,32,28,2,1
28,32,29,2,1
29,32,20,2,3
30,32,31,1,1
31,32,32,2,1
33,32,32,1,2
34,32,33,1,2
35,32,34,1,2
36,32,35,1,2
37,32,36,1,2
38,32,39,2,1
39,32,30,2,3
40,32,41,1,1
41,32,42,2,1
42,32,32,0,3
43,32,42,1,2
44,32,43,1,2
45,32,44,1,2
46,32,45,1,2
47,32,48,2,1
48,32,49,2,1
49,32,40,2,3
50,32,51,1,1
51,32,52,2,1
52,32,42,0,3
53,32,52,1,2
54,32,53,1,2
55,32,54,1,2
56,32,55,1,2
57,32,47,0,3
58,32,59,2,1
59,32,50,2,3
60,32,61,1,1
61,32,62,2,1
62,32,52,0,3
63,32,62,1,2
64,32,63,1,2
65,32,64,1,2
66,32,65,1,2
67,32,68,2,1
68,32,69,2,1
69,32,60,2,3
70,32,71,1,1
71,32,72,2,1
72,32,62,0,3
73,32,72,1,2
74,32,73,1,2
75,32,74,1,2
76,32,75,1,2
77,32,67,0,3
78,32,79,2,1
79,32,70,2,3
80,32,81,1,1
81,32,82,2,1
82,32,72,0,3
83,32,82,1,2
84,32,83,1,2
85,32,84,1,2
86,32,85,1,2
87,32,88,2,1
88,32,89,2,1
89,32,80,2,3
90,32,91,1,1
91,32,92,2,1
92,32,2,3,3
93,32,92,1,2
94,32,93,1,2
95,32,94,1,2
96,32,95,1,2
97,32,96,1,2
98,32,99,2,1
99,32,90,2,3
100,32,33,0,4
101,32,41,0,4
102,32,24,0,4
103,32,29,0,4
104,32,-1,-1,-1
105,32,-1,-1,-1
106,32,51,0,4
107,32,61,0,4
108,32,-1,-1,-1
109,32,73,0,4
110,32,50,0,4
111,32,41,0,4
112,32,56,0,4
113,32,50,0,4
114,32,3,0,4
115,32,-1,-1,-1
116,32,-1,-1,-1
117,32,-1,-1,-1
118,32,29,0,4
119,32,-1,-1,-1
0,33,1,0,0
1,33,2,1,0
2,33,12,2,0
3,33,13,2,0
4,33,3,0,1
5,33,4,0,1
6,33,5,0,1
7,33,17,2,0
8,33,7,0,1
9,33,0,1,2
10,33,11,1,1
11,33,12,2,1
12,33,22,3,0
13,33,23,3,0
14,33,13,1,2
15,33,14,1,2
16,33,15,1,2
17,33,27,3,0
18,33,17,1,2
19,33,10,2,3
20,33,21,1,1
21,33,22,2,1
22,33,32,3,0
23,33,33,3,0
24,33,23,1,2
25,33,24,1,2
26,33,25,1,2
27,33,37,3,0
28,33,27,1,2
29,33,20,2,3
30,33,31,1,1
31,33,32,2,1
32,33,33,2,1
34,33,33,1,2
35,33,34,1,2
36,33,35,1,2
37,33,36,1,2
38,33,37,1,2
39,33,30,2,3
40,33,41,1,1
41,33,42,2,1
42,33,32,0,3
43,33,33,0,3
44,33,43,1,2
45,33,44,1,2
46,33,45,1,2
47,33,37,0,3
48,33,47,1,2
49,33,40,2,3
50,33,51,1,1
51,33,52,2,1
52,33,42,0,3
53,33,43,0,3
54,33,53,1,2
55,33,54,1,2
56,33,55,1,2
57,33,47,0,3
58,33,57,1,2
59,33,50,2,3
60,33,61,1,1
61,33,62,2,1
62,33,52,0,3
63,33,53,0,3
64,33,63,1,2
65,33,64,1,2
66,33,65,1,2
67,33,57,0,3
68,33,69,2,1
69,33,60,2,3
70,33,71,1,1
71,33,72,2,1
72,33,62,0,3
73,33,63,0,3
74,33,73,1,2
75,33,74,1,2
76,33,75,1,2
77,33,67,0,3
78,33,77,1,2
79,33,70,2,3
80,33,81,1,1
81,33,82,2,1
82,33,72,0,3
83,33,73,0,3
84,33,83,1,2
85,33,84,1,2
86,33,85,1,2
87,33,77,0,3
88,33,89,2,1
89,33,80,2,3
90,33,91,1,1
91,33,92,2,1
92,33,2,3,3
93,33,3,3,3
94,33,93,1,2
95,33,94,1,2
96,33,95,1,2
97,33,7,3,3
98,33,97,1,2
99,33,90,2,3
100,33,33,0,4
101,33,13,0,4
102,33,24,0,4
103,33,29,0,4
104,33,-1,-1,-1
105,33,-1,-1,-1
106,33,51,0,4
107,33,24,0,4
108,33,-1,-1,-1
109,33,73,0,4
110,33,50,0,4
111,33,41,0,4
112,33,56,0,4
113,33,50,0,4
114,33,3,0,4
115,33,-1,-1,-1
116,33,-1,-1,-1
117,33,-1,-1,-1
118,33,66,0,4
119,33,-1,-1,-1
0,34,1,0,0
1,34,2,1,0
2,34,12,2,0
3,34,13,2,0
4,34,14,2,0
5,34,4,0,1
6,34,16,2,0
7,34,17,2,0
8,34,7,0,1
9,34,8,0,1
10,34,11,1,1
11,34,12,2,1
12,34,22,3,0
13,34,23,3,0
14,34,24,3,0
15,34,14,1,2
16,34,26,3,0
17,34,27,3,0
18,34,17,1,2
19,34,18,1,2
20,34,21,1,1
21,34,22,2,1
22,34,32,3,0
23,34,33,3,0
24,34,34,3,0
25,34,24,1,2
26,34,36,3,0
27,34,37,3,0
28,34,27,1,2
29,34,28,1,2
30,34,31,1,1
31,34,32,2,1
32,34,33,2,1
33,34,34,2,1
35,34,34,1,2
36,34,35,1,2
37,34,36,1,2
38,34,37,1,2
39,34,38,1,2
40,34,41,1,1
41,34,42,2,1
42,34,32,0,3
43,34,33,0,3
44,34,34,0,3
45,34,44,1,2
46,34,36,0,3
47,34,37,0,3
48,34,47,1,2
49,34,48,1,2
50,34,51,1,1
51,34,52,2,1
52,34,42,0,3
53,34,43,0,3
54,34,44,0,3
55,34,54,1,2
56,34,46,0,3
57,34,47,0,3
58,34,57,1,2
59,34,58,1,2
60,34,61,1,1
61,34,62,2,1
62,34,52,0,3
63,34,53,0,3
64,34,54,0,3
65,34,64,1,2
66,34,56,0,3
67,34,57,0,3
68,34,67,1,2
69,34,68,1,2
70,34,71,1,1
71,34,72,2,1
72,34,62,0,3
73,34,63,0,3
74,34,64,0,3
75,34,74,1,2
76,34,66,0,3
77,34,67,0,3
78,34,77,1,2
79,34,78,1,2
80,34,81,1,1
81,34,82,2,1
82,34,72,0,3
83,34,73,0,3
84,34,74,0,3
85,34,84,1,2
86,34,76,0,3
87,34,77,0,3
88,34,87,1,2
89,34,88,1,2
90,34,91,1,1
91,34,92,2,1
92,34,2,3,3
93,34,3,3,3
94,34,4,3,3
95,34,94,1,2
96,34,6,3,3
97,34,7,3,3
98,34,97,1,2
99,34,98,1,2
100,34,33,0,4
101,34,13,0,4
102,34,24,0,4
103,34,29,0,4
104,34,-1,-1,-1
105,34,-1,-1,-1
106,34,51,0,4
107,34,24,0,4
108,34,-1,-1,-1
109,34,73,0,4
110,34,50,0,4
111,34,41,0,4
112,34,56,0,4
113,34,50,0,4
114,34,3,0,4
115,34,-1,-1,-1
116,34,-1,-1,-1
117,34,-1,-1,-1
118,34,66,0,4
119,34,-1,-1,-1
0,35,9,2,1
1,35,2,1,0
2,35,12,2,0
3,35,13,2,0
4,35,14,2,0
5,35,15,2,0
6,35,16,2,0
7,35,17,2,0
8,35,7,0,1
9,35,8,0,1
10,35,19,3,2
11,35,12,2,1
12,35,22,3,0
13,35,23,3,0
14,35,24,3,0
15,35,25,3,0
16,35,26,3,0
17,35,27,3,0
18,35,17,1,2
19,35,18,1,2
20,35,29,3,2
21,35,22,2,1
22,35,32,3,0
23,35,33,3,0
24,35,34,3,0
25,35,35,3,0
26,35,36,3,0
27,35,37,3,0
28,35,27,1,2
29,35,28,1,2
30,35,39,3,2
31,35,32,2,1
32,35,33,2,1
33,35,34,2,1
34,35,35,2,1
36,35,35,1,2
37,35,36,1,2
38,35,37,1,2
39,35,38,1,2
40,35,49,3,2
41,35,42,2,1
42,35,32,0,3
43,35,33,0,3
44,35,34,0,3
45,35,35,0,3
46,35,36,0,3
47,35,37,0,3
48,35,47,1,2
49,35,48,1,2
50,35,59,3,2
51,35,52,2,1
52,35,42,0,3
53,35,43,0,3
54,35,44,0,3
55,35,45,0,3
56,35,46,0,3
57,35,47,0,3
58,35,57,1,2
59,35,58,1,2
60,35,69,3,2
61,35,62,2,1
62,35,52,0,3
63,35,53,0,3
64,35,54,0,3
65,35,55,0,3
66,35,56,0,3
67,35,57,0,3
68,35,67,1,2
69,35,68,1,2
70,35,79,3,2
71,35,72,2,1
72,35,62,0,3
73,35,63,0,3
74,35,64,0,3
75,35,65,0,3
76,35,66,0,3
77,35,67,0,3
78,35,77,1,2
79,35,78,1,2
80,35,89,3,2
81,35,82,2,1
82,35,72,0,3
83,35,73,0,3
84,35,74,0,3
85,35,75,0,3
86,35,76,0,3
87,35,77,0,3
88,35,87,1,2
89,35,88,1,2
90,35,99,3,2
91,35,92,2,1
92,35,2,3,3
93,35,3,3,3
94,35,4,3,3
95,35,5,3,3
96,35,6,3,3
97,35,7,3,3
98,35,97,1,2
99,35,98,1,2
100,35,33,0,4
101,35,13,0,4
102,35,24,0,4
103,35,29,0,4
104,35,-1,-1,-1
105,35,-1,-1,-1
106,35,51,0,4
107,35,24,0,4
108,35,-1,-1,-1
109,35,73,0,4
110,35,50,0,4
111,35,41,0,4
112,35,56,0,4
113,35,50,0,4
114,35,3,0,4
115,35,-1,-1,-1
116,35,-1,-1,-1
117,35,-1,-1,-1
118,35,66,0,4
119,35,-1,-1,-1
0,36,9,2,1
1,36,0,0,0
2,36,12,2,0
3,36,13,2,0
4,36,5,1,0
5,36,6,1,0
6,36,16,2,0
7,36,17,2,0
8,36,7,0,1
9,36,8,0,1
10,36,19,3,2
11,36,10,1,1
12,36,22,3,0
13,36,23,3,0
14,36,15,2,1
15,36,16,2,1
16,36,26,3,0
17,36,27,3,0
18,36,17,1,2
19,36,18,1,2
20,36,29,3,2
21,36,20,1,1
22,36,32,3,0
23,36,33,3,0
24,36,25,2,1
25,36,26,2,1
26,36,36,3,0
27,36,37,3,0
28,36,27,1,2
29,36,28,1,2
30,36,39,3,2
31,36,30,1,1
32,36,33,2,1
33,36,34,2,1
34,36,35,2,1
35,36,36,2,1
37,36,36,1,2
38,36,37,1,2
39,36,38,1,2
40,36,49,3,2
41,36,40,1,1
42,36,32,0,3
43,36,33,0,3
44,36,45,2,1
45,36,46,2,1
46,36,36,0,3
47,36,37,0,3
48,36,47,1,2
49,36,48,1,2
50,36,59,3,2
51,36,50,1,1
52,36,42,0,3
53,36,43,0,3
54,36,55,2,1
55,36,56,2,1
56,36,46,0,3
57,36,47,0,3
58,36,57,1,2
59,36,58,1,2
60,36,69,3,2
61,36,60,1,1
62,36,52,0,3
63,36,53,0,3
64,36,65,2,1
65,36,66,2,1
66,36,56,0,3
67,36,57,0,3
68,36,67,1,2
69,36,68,1,2
70,36,79,3,2
71,36,72,2,1
72,36,62,0,3
73,36,63,0,3
74,36,75,2,1
75,36,76,2,1
76,36,66,0,3
77,36,67,0,3
78,36,77,1,2
79,36,78,1,2
80,36,89,3,2
81,36,82,2,1
82,36,72,0,3
83,36,73,0,3
84,36,85,2,1
85,36,86,2,1
86,36,76,0,3
87,36,77,0,3
88,36,87,1,2
89,36,88,1,2
90,36,99,3,2
91,36,92,2,1
92,36,2,3,3
93,36,3,3,3
94,36,95,2,1
95,36,96,2,1
96,36,6,3,3
97,36,7,3,3
98,36,97,1,2
99,36,98,1,2
100,36,33,0,4
101,36,13,0,4
102,36,24,0,4
103,36,29,0,4
104,36,-1,-1,-1
105,36,-1,-1,-1
106,36,51,0,4
107,36,24,0,4
108,36,-1,-1,-1
109,36,73,0,4
110,36,50,0,4
111,36,4,0,4
112,36,56,0,4
113,36,50,0,4
114,36,3,0,4
115,36,-1,-1,-1
116,36,-1,-1,-1
117,36,-1,-1,-1
118,36,66,0,4
119,36,-1,-1,-1
0,37,9,2,1
1,37,0,0,0
2,37,12,2,0
3,37,4,1,0
4,37,5,1,0
5,37,6,1,0
6,37,7,1,0
7,37,17,2,0
8,37,7,0,1
9,37,8,0,1
10,37,19,3,2
11,37,10,1,1
12,37,22,3,0
13,37,14,2,1
14,37,15,2,1
15,37,16,2,1
16,37,17,2,1
17,37,27,3,0
18,37,17,1,2
19,37,18,1,2
20,37,29,3,2
21,37,20,1,1
22,37,21,1,2
23,37,24,2,1
24,37,25,2,1
25,37,26,2,1
26,37,27,2,1
27,37,37,3,0
28,37,27,1,2
29,37,28,1,2
30,37,39,3,2
31,37,30,1,1
32,37,33,2,1
33,37,34,2,1
34,37,35,2,1
35,37,36,2,1
36,37,37,2,1
38,37,37,1,2
39,37,38,1,2
40,37,49,3,2
41,37,40,1,1
42,37,32,0,3
43,37,44,2,1
44,37,45,2,1
45,37,46,2,1
46,37,47,2,1
47,37,37,0,3
48,37,47,1,2
49,37,48,1,2
50,37,59,3,2
51,37,50,1,1
52,37,42,0,3
53,37,54,2,1
54,37,55,2,1
55,37,56,2,1
56,37,57,2,1
57,37,47,0,3
58,37,57,1,2
59,37,58,1,2
60,37,69,3,2
61,37,60,1,1
62,37,52,0,3
63,37,64,2,1
64,37,65,2,1
65,37,66,2,1
66,37,67,2,1
67,37,57,0,3
68,37,67,1,2
69,37,68,1,2
70,37,79,3,2
71,37,70,1,1
72,37,62,0,3
73,37,74,2,1
74,37,75,2,1
75,37,76,2,1
76,37,77,2,1
77,37,67,0,3
78,37,77,1,2
79,37,78,1,2
80,37,89,3,2
81,37,80,1,1
82,37,72,0,3
83,37,84,2,1
84,37,85,2,1
85,37,86,2,1
86,37,87,2,1
87,37,77,0,3
88,37,87,1,2
89,37,88,1,2
90,37,99,3,2
91,37,90,1,1
92,37,2,3,3
93,37,94,2,1
94,37,95,2,1
95,37,96,2,1
96,37,97,2,1
97,37,7,3,3
98,37,97,1,2
99,37,98,1,2
100,37,33,0,4
101,37,41,0,4
102,37,24,0,4
103,37,29,0,4
104,37,-1,-1,-1
105,37,-1,-1,-1
106,37,51,0,4
107,37,24,0,4
108,37,-1,-1,-1
109,37,73,0,4
110,37,50,0,4
111,37,41,0,4
112,37,56,0,4
113,37,50,0,4
114,37,3,0,4
115,37,-1,-1,-1
116,37,-1,-1,-1
117,37,-1,-1,-1
118,37,66,0,4
119,37,-1,-1,-1
0,38,9,2,1
1,38,0,0,0
2,38,12,2,0
3,38,4,1,0
4,38,5,1,0
5,38,6,1,0
6,38,7,1,0
7,38,17,2,0
8,38,18,2,0
9,38,8,0,1
10,38,19,3,2
11,38,10,1,1
12,38,22,3,0
13,38,14,2,1
14,38,15,2,1
15,38,16,2,1
16,38,17,2,1
17,38,27,3,0
18,38,28,3,0
19,38,18,1,2
20,38,29,3,2
21,38,20,1,1
22,38,32,3,0
23,38,24,2,1
24,38,25,2,1
25,38,26,2,1
26,38,27,2,1
27,38,37,3,0
28,38,38,3,0
29,38,28,1,2
30,38,39,3,2
31,38,30,1,1
32,38,31,1,2
33,38,34,2,1
34,38,35,2,1
35,38,36,2,1
36,38,37,2,1
37,38,38,2,1
39,38,38,1,2
40,38,49,3,2
41,38,40,1,1
42,38,32,0,3
43,38,44,2,1
44,38,45,2,1
45,38,46,2,1
46,38,47,2,1
47,38,37,0,3
48,38,38,0,3
49,38,48,1,2
50,38,59,3,2
51,38,50,1,1
52,38,42,0,3
53,38,54,2,1
54,38,55,2,1
55,38,56,2,1
56,38,57,2,1
57,38,47,0,3
58,38,48,0,3
59,38,58,1,2
60,38,69,3,2
61,38,60,1,1
62,38,52,0,3
63,38,62,1,2
64,38,65,2,1
65,38,66,2,1
66,38,67,2,1
67,38,57,0,3
68,38,58,0,3
69,38,68,1,2
70,38,79,3,2
71,38,70,1,1
72,38,62,0,3
73,38,74,2,1
74,38,75,2,1
75,38,76,2,1
76,38,77,2,1
77,38,67,0,3
78,38,68,0,3
79,38,78,1,2
80,38,89,3,2
81,38,80,1,1
82,38,72,0,3
83,38,82,1,2
84,38,85,2,1
85,38,86,2,1
86,38,87,2,1
87,38,77,0,3
88,38,78,0,3
89,38,88,1,2
90,38,99,3,2
91,38,90,1,1
92,38,2,3,3
93,38,94,2,1
94,38,95,2,1
95,38,96,2,1
96,38,97,2,1
97,38,7,3,3
98,38,8,3,3
99,38,98,1,2
100,38,61,0,4
101,38,41,0,4
102,38,24,0,4
103,38,29,0,4
104,38,-1,-1,-1
105,38,-1,-1,-1
106,38,51,0,4
107,38,61,0,4
108,38,-1,-1,-1
109,38,73,0,4
110,38,50,0,4
111,38,41,0,4
112,38,56,0,4
113,38,50,0,4
114,38,3,0,4
115,38,-1,-1,-1
116,38,-1,-1,-1
117,38,-1,-1,-1
118,38,29,0,4
119,38,-1,-1,-1
0,39,9,2,1
1,39,11,2,0
2,39,12,2,0
3,39,2,0,1
4,39,5,1,0
5,39,6,1,0
6,39,7,1,0
7,39,17,2,0
8,39,18,2,0
9,39,19,2,0
10,39,19,3,2
11,39,21,3,0
12,39,22,3,0
13,39,12,1,2
14,39,15,2,1
15,39,16,2,1
16,39,17,2,1
17,39,27,3,0
18,39,28,3,0
19,39,29,3,0
20,39,29,3,2
21,39,31,3,0
22,39,32,3,0
23,39,22,1,2
24,39,25,2,1
25,39,26,2,1
26,39,27,2,1
27,39,37,3,0
28,39,38,3,0
29,39,39,3,0
30,39,39,3,2
31,39,30,1,1
32,39,31,1,2
33,39,32,1,2
34,39,35,2,1
35,39,36,2,1
36,39,37,2,1
37,39,38,2,1
38,39,39,2,1
40,39,49,3,2
41,39,31,0,3
42,39,32,0,3
43,39,42,1,2
44,39,45,2,1
45,39,46,2,1
46,39,47,2,1
47,39,37,0,3
48,39,38,0,3
49,39,39,0,3
50,39,59,3,2
51,39,41,0,3
52,39,42,0,3
53,39,52,1,2
54,39,55,2,1
55,39,56,2,1
56,39,57,2,1
57,39,47,0,3
58,39,48,0,3
59,39,49,0,3
60,39,69,3,2
61,39,51,0,3
62,39,52,0,3
63,39,62,1,2
64,39,65,2,1
65,39,66,2,1
66,39,67,2,1
67,39,57,0,3
68,39,58,0,3
69,39,59,0,3
70,39,79,3,2
71,39,61,0,3
72,39,62,0,3
73,39,72,1,2
74,39,75,2,1
75,39,76,2,1
76,39,77,2,1
77,39,67,0,3
78,39,68,0,3
79,39,69,0,3
80,39,89,3,2
81,39,71,0,3
82,39,72,0,3
83,39,82,1,2
84,39,83,1,2
85,39,86,2,1
86,39,87,2,1
87,39,77,0,3
88,39,78,0,3
89,39,79,0,3
90,39,99,3,2
91,39,1,3,3
92,39,2,3,3
93,39,92,1,2
94,39,95,2,1
95,39,96,2,1
96,39,97,2,1
97,39,7,3,3
98,39,8,3,3
99,39,9,3,3
100,39,33,0,4
101,39,41,0,4
102,39,24,0,4
103,39,29,0,4
104,39,-1,-1,-1
105,39,-1,-1,-1
106,39,51,0,4
107,39,61,0,4
108,39,-1,-1,-1
109,39,73,0,4
110,39,50,0,4
111,39,41,0,4
112,39,56,0,4
113,39,50,0,4
114,39,3,0,4
115,39,-1,-1,-1
116,39,-1,-1,-1
117,39,-1,-1,-1
118,39,29,0,4
119,39,-1,-1,-1
0,40,10,1,0
1,40,11,2,0
2,40,12,2,0
3,40,2,0,1
4,40,3,0,1
5,40,6,1,0
6,40,7,1,0
7,40,17,2,0
8,40,18,2,0
9,40,19,2,0
10,40,20,2,0
11,40,21,3,0
12,40,22,3,0
13,40,12,1,2
14,40,13,1,2
15,40,16,2,1
16,40,17,2,1
17,40,27,3,0
18,40,28,3,0
19,40,29,3,0
20,40,30,2,0
21,40,31,3,0
22,40,32,3,0
23,40,22,1,2
24,40,23,1,2
25,40,26,2,1
26,40,27,2,1
27,40,37,3,0
28,40,38,3,0
29,40,39,3,0
30,40,40,2,0
31,40,41,3,0
32,40,42,3,0
33,40,32,1,2
34,40,33,1,2
35,40,36,2,1
36,40,37,2,1
37,40,47,3,0
38,40,48,3,0
39,40,49,3,0
41,40,40,1,1
42,40,41,1,2
43,40,42,1,2
44,40,43,1,2
45,40,46,2,1
46,40,47,2,1
47,40,48,2,1
48,40,49,2,1
49,40,40,2,3
50,40,40,0,2
51,40,41,0,3
52,40,42,0,3
53,40,52,1,2
54,40,53,1,2
55,40,56,2,1
56,40,57,2,1
57,40,47,0,3
58,40,48,0,3
59,40,49,0,3
60,40,50,0,2
61,40,51,0,3
62,40,52,0,3
63,40,62,1,2
64,40,63,1,2
65,40,66,2,1
66,40,67,2,1
67,40,57,0,3
68,40,58,0,3
69,40,59,0,3
70,40,60,0,2
71,40,61,0,3
72,40,62,0,3
73,40,72,1,2
74,40,73,1,2
75,40,76,2,1
76,40,77,2,1
77,40,67,0,3
78,40,68,0,3
79,40,69,0,3
80,40,70,0,2
81,40,71,0,3
82,40,72,0,3
83,40,82,1,2
84,40,83,1,2
85,40,86,2,1
86,40,87,2,1
87,40,77,0,3
88,40,78,0,3
89,40,79,0,3
90,40,0,2,3
91,40,1,3,3
92,40,2,3,3
93,40,92,1,2
94,40,93,1,2
95,40,96,2,1
96,40,97,2,1
97,40,7,3,3
98,40,8,3,3
99,40,9,3,3
100,40,61,0,4
101,40,41,0,4
102,40,24,0,4
103,40,29,0,4
104,40,-1,-1,-1
105,40,-1,-1,-1
106,40,51,0,4
107,40,61,0,4
108,40,-1,-1,-1
109,40,73,0,4
110,40,50,0,4
111,40,41,0,4
112,40,56,0,4
113,40,50,0,4
114,40,3,0,4
115,40,-1,-1,-1
116,40,-1,-1,-1
117,40,-1,-1,-1
118,40,29,0,4
119,40,-1,-1,-1
0,41,1,0,0
1,41,11,2,0
2,41,12,2,0
3,41,2,0,1
4,41,3,0,1
5,41,4,0,1
6,41,7,1,0
7,41,17,2,0
8,41,18,2,0
9,41,0,1,2
10,41,11,1,1
11,41,21,3,0
12,41,22,3,0
13,41,12,1,2
14,41,13,1,2
15,41,14,1,2
16,41,17,2,1
17,41,27,3,0
18,41,28,3,0
19,41,10,2,3
20,41,21,1,1
21,41,31,3,0
22,41,32,3,0
23,41,22,1,2
24,41,23,1,2
25,41,24,1,2
26,41,27,2,1
27,41,37,3,0
28,41,38,3,0
29,41,20,2,3
30,41,31,1,1
31,41,41,3,0
32,41,42,3,0
33,41,32,1,2
34,41,33,1,2
35,41,34,1,2
36,41,37,2,1
37,41,47,3,0
38,41,48,3,0
39,41,30,2,3
40,41,41,1,1
42,41,41,1,2
43,41,42,1,2
44,41,43,1,2
45,41,44,1,2
46,41,47,2,1
47,41,48,2,1
48,41,49,2,1
49,41,40,2,3
50,41,51,1,1
51,41,41,0,3
52,41,42,0,3
53,41,52,1,2
54,41,53,1,2
55,41,54,1,2
56,41,57,2,1
57,41,47,0,3
58,41,48,0,3
59,41,50,2,3
60,41,61,1,1
61,41,51,0,3
62,41,52,0,3
63,41,62,1,2
64,41,63,1,2
65,41,64,1,2
66,41,67,2,1
67,41,57,0,3
68,41,58,0,3
69,41,60,2,3
70,41,71,1,1
71,41,61,0,3
72,41,62,0,3
73,41,72,1,2
74,41,73,1,2
75,41,74,1,2
76,41,77,2,1
77,41,67,0,3
78,41,68,0,3
79,41,70,2,3
80,41,81,1,1
81,41,71,0,3
82,41,72,0,3
83,41,82,1,2
84,41,83,1,2
85,41,84,1,2
86,41,87,2,1
87,41,77,0,3
88,41,78,0,3
89,41,80,2,3
90,41,91,1,1
91,41,1,3,3
92,41,2,3,3
93,41,92,1,2
94,41,93,1,2
95,41,94,1,2
96,41,95,1,2
97,41,7,3,3
98,41,8,3,3
99,41,90,2,3
100,41,61,0,4
101,41,41,0,4
102,41,24,0,4
103,41,29,0,4
104,41,-1,-1,-1
105,41,-1,-1,-1
106,41,51,0,4
107,41,61,0,4
108,41,-1,-1,-1
109,41,73,0,4
110,41,50,0,4
111,41,41,0,4
112,41,56,0,4
113,41,50,0,4
114,41,3,0,4
115,41,-1,-1,-1
116,41,-1,-1,-1
117,41,-1,-1,-1
118,41,29,0,4
119,41,-1,-1,-1
0,42,1,0,0
1,42,2,1,0
2,42,12,2,0
3,42,2,0,1
4,42,3,0,1
5,42,4,0,1
6,42,5,0,1
7,42,8,1,0
8,42,9,1,0
9,42,0,1,2
10,42,11,1,1
11,42,12,2,1
12,42,22,3,0
13,42,12,1,2
14,42,13,1,2
15,42,14,1,2
16,42,15,1,2
17,42,16,1,2
18,42,19,2,1
19,42,10,2,3
20,42,21,1,1
21,42,22,2,1
22,42,32,3,0
23,42,22,1,2
24,42,23,1,2
25,42,24,1,2
26,42,25,1,2
27,42,28,2,1
28,42,29,2,1
29,42,20,2,3
30,42,31,1,1
31,42,32,2,1
32,42,42,3,0
33,42,32,1,2
34,42,33,1,2
35,42,34,1,2
36,42,35,1,2
37,42,36,1,2
38,42,39,2,1
39,42,30,2,3
40,42,41,1,1
41,42,42,2,1
43,42,42,1,2
44,42,43,1,2
45,42,44,1,2
46,42,45,1,2
47,42,48,2,1
48,42,49,2,1
49,42,40,2,3
50,42,51,1,1
51,42,52,2,1
52,42,42,0,3
53,42,52,1,2
54,42,53,1,2
55,42,54,1,2
56,42,55,1,2
57,42,47,0,3
58,42,59,2,1
59,42,50,2,3
60,42,61,1,1
61,42,62,2,1
62,42,52,0,3
63,42,62,1,2
64,42,63,1,2
65,42,64,1,2
66,42,65,1,2
67,42,68,2,1
68,42,69,2,1
69,42,60,2,3
70,42,71,1,1
71,42,72,2,1
72,42,62,0,3
73,42,72,1,2
74,42,73,1,2
75,42,74,1,2
76,42,75,1,2
77,42,67,0,3
78,42,79,2,1
79,42,70,2,3
80,42,81,1,1
81,42,82,2,1
82,42,72,0,3
83,42,82,1,2
84,42,83,1,2
85,42,84,1,2
86,42,85,1,2
87,42,88,2,1
88,42,89,2,1
89,42,80,2,3
90,42,91,1,1
91,42,92,2,1
92,42,2,3,3
93,42,92,1,2
94,42,93,1,2
95,42,94,1,2
96,42,95,1,2
97,42,96,1,2
98,42,99,2,1
99,42,90,2,3
100,42,33,0,4
101,42,41,0,4
102,42,24,0,4
103,42,29,0,4
104,42,-1,-1,-1
105,42,-1,-1,-1
106,42,51,0,4
107,42,61,0,4
108,42,-1,-1,-1
109,42,73,0,4
110,42,50,0,4
111,42,41,0,4
112,42,56,0,4
113,42,50,0,4
114,42,3,0,4
115,42,-1,-1,-1
116,42,-1,-1,-1
117,42,-1,-1,-1
118,42,29,0,4
119,42,-1,-1,-1
0,43,1,0,0
1,43,2,1,0
2,43,12,2,0
3,43,13,2,0
4,43,3,0,1
5,43,4,0,1
6,43,5,0,1
7,43,17,2,0
8,43,9,1,0
9,43,0,1,2
10,43,11,1,1
11,43,12,2,1
12,43,22,3,0
13,43,23,3,0
14,43,13,1,2
15,43,14,1,2
16,43,15,1,2
17,43,27,3,0
18,43,19,2,1
19,43,10,2,3
20,43,21,1,1
21,43,22,2,1
22,43,32,3,0
23,43,33,3,0
24,43,23,1,2
25,43,24,1,2
26,43,25,1,2
27,43,37,3,0
28,43,27,1,2
29,43,20,2,3
30,43,31,1,1
31,43,32,2,1
32,43,42,3,0
33,43,43,3,0
34,43,33,1,2
35,43,34,1,2
36,43,35,1,2
37,43,47,3,0
38,43,37,1,2
39,43,30,2,3
40,43,41,1,1
41,43,42,2,1
42,43,43,2,1
44,43,43,1,2
45,43,44,1,2
46,43,45,1,2
47,43,46,1,2
48,43,47,1,2
49,43,40,2,3
50,43,51,1,1
51,43,52,2,1
52,43,42,0,3
53,43,43,0,3
54,43,53,1,2
55,43,54,1,2
56,43,55,1,2
57,43,47,0,3
58,43,57,1,2
59,43,50,2,3
60,43,61,1,1
61,43,62,2,1
62,43,52,0,3
63,43,53,0,3
64,43,63,1,2
65,43,64,1,2
66,43,65,1,2
67,43,57,0,3
68,43,67,1,2
69,43,60,2,3
70,43,71,1,1
71,43,72,2,1
72,43,62,0,3
73,43,63,0,3
74,43,73,1,2
75,43,74,1,2
76,43,75,1,2
77,43,67,0,3
78,43,77,1,2
79,43,70,2,3
80,43,81,1,1
81,43,82,2,1
82,43,72,0,3
83,43,73,0,3
84,43,83,1,2
85,43,84,1,2
86,43,85,1,2
87,43,77,0,3
88,43,89,2,1
89,43,80,2,3
90,43,91,1,1
91,43,92,2,1
92,43,2,3,3
93,43,3,3,3
94,43,93,1,2
95,43,94,1,2
96,43,95,1,2
97,43,7,3,3
98,43,99,2,1
99,43,90,2,3
100,43,33,0,4
101,43,41,0,4
102,43,24,0,4
103,43,29,0,4
104,43,-1,-1,-1
105,43,-1,-1,-1
106,43,51,0,4
107,43,24,0,4
108,43,-1,-1,-1
109,43,73,0,4
110,43,50,0,4
111,43,41,0,4
112,43,56,0,4
113,43,50,0,4
114,43,3,0,4
115,43,-1,-1,-1
116,43,-1,-1,-1
117,43,-1,-1,-1
118,43,66,0,4
119,43,-1,-1,-1
0,44,1,0,0
1,44,2,1,0
2,44,12,2,0
3,44,13,2,0
4,44,14,2,0
5,44,4,0,1
6,44,16,2,0
7,44,17,2,0
8,44,7,0,1
9,44,8,0,1
10,44,11,1,1
11,44,12,2,1
12,44,22,3,0
13,44,23,3,0
14,44,24,3,0
15,44,14,1,2
16,44,26,3,0
17,44,27,3,0
18,44,17,1,2
19,44,18,1,2
20,44,21,1,1
21,44,22,2,1
22,44,32,3,0
23,44,33,3,0
24,44,34,3,0
25,44,24,1,2
26,44,36,3,0
27,44,37,3,0
28,44,27,1,2
29,44,28,1,2
30,44,31,1,1
31,44,32,2,1
32,44,42,3,0
33,44,43,3,0
34,44,44,3,0
35,44,34,1,2
36,44,46,3,0
37,44,47,3,0
38,44,37,1,2
39,44,38,1,2
40,44,41,1,1
41,44,42,2,1
42,44,43,2,1
43,44,44,2,1
45,44,44,1,2
46,44,45,1,2
47,44,46,1,2
48,44,47,1,2
49,44,48,1,2
50,44,51,1,1
51,44,52,2,1
52,44,42,0,3
53,44,43,0,3
54,44,44,0,3
55,44,54,1,2
56,44,46,0,3
57,44,47,0,3
58,44,57,1,2
59,44,58,1,2
60,44,61,1,1
61,44,62,2,1
62,44,52,0,3
63,44,53,0,3
64,44,54,0,3
65,44,64,1,2
66,44,56,0,3
67,44,57,0,3
68,44,67,1,2
69,44,68,1,2
70,44,71,1,1
71,44,72,2,1
72,44,62,0,3
73,44,63,0,3
74,44,64,0,3
75,44,74,1,2
76,44,66,0,3
77,44,67,0,3
78,44,77,1,2
79,44,78,1,2
80,44,81,1,1
81,44,82,2,1
82,44,72,0,3
83,44,73,0,3
84,44,74,0,3
85,44,84,1,2
86,44,76,0,3
87,44,77,0,3
88,44,87,1,2
89,44,88,1,2
90,44,91,1,1
91,44,92,2,1
92,44,2,3,3
93,44,3,3,3
94,44,4,3,3
95,44,94,1,2
96,44,6,3,3
97,44,7,3,3
98,44,97,1,2
99,44,90,2,3
100,44,33,0,4
101,44,41,0,4
102,44,24,0,4
103,44,29,0,4
104,44,-1,-1,-1
105,44,-1,-1,-1
106,44,51,0,4
107,44,24,0,4
108,44,-1,-1,-1
109,44,73,0,4
110,44,50,0,4
111,44,41,0,4
112,44,56,0,4
113,44,50,0,4
114,44,3,0,4
115,44,-1,-1,-1
116,44,-1,-1,-1
117,44,-1,-1,-1
118,44,66,0,4
119,44,-1,-1,-1
0,45,9,2,1
1,45,2,1,0
2,45,12,2,0
3,45,13,2,0
4,45,14,2,0
5,45,15,2,0
6,45,16,2,0
7,45,17,2,0
8,45,7,0,1
9,45,8,0,1
10,45,19,3,2
11,45,12,2,1
12,45,22,3,0
13,45,23,3,0
14,45,24,3,0
15,45,25,3,0
16,45,26,3,0
17,45,27,3,0
18,45,17,1,2
19,45,18,1,2
20,45,29,3,2
21,45,22,2,1
22,45,32,3,0
23,45,33,3,0
24,45,34,3,0
25,45,35,3,0
26,45,36,3,0
27,45,37,3,0
28,45,27,1,2
29,45,28,1,2
30,45,39,3,2
31,45,32,2,1
32,45,42,3,0
33,45,43,3,0
34,45,44,3,0
35,45,45,3,0
36,45,46,3,0
37,45,47,3,0
38,45,37,1,2
39,45,38,1,2
40,45,49,3,2
41,45,42,2,1
42,45,43,2,1
43,45,44,2,1
44,45,45,2,1
46,45,45,1,2
47,45,46,1,2
48,45,47,1,2
49,45,48,1,2
50,45,59,3,2
51,45,52,2,1
52,45,42,0,3
53,45,43,0,3
54,45,44,0,3
55,45,45,0,3
56,45,46,0,3
57,45,47,0,3
58,45,57,1,2
59,45,58,1,2
60,45,69,3,2
61,45,62,2,1
62,45,52,0,3
63,45,53,0,3
64,45,54,0,3
65,45,55,0,3
66,45,56,0,3
67,45,57,0,3
68,45,67,1,2
69,45,68,1,2
70,45,79,3,2
71,45,72,2,1
72,45,62,0,3
73,45,63,0,3
74,45,64,0,3
75,45,65,0,3
76,45,66,0,3
77,45,67,0,3
78,45,77,1,2
79,45,78,1,2
80,45,89,3,2
81,45,82,2,1
82,45,72,0,3
83,45,73,0,3
84,45,74,0,3
85,45,75,0,3
86,45,76,0,3
87,45,77,0,3
88,45,87,1,2
89,45,88,1,2
90,45,91,1,1
91,45,92,2,1
92,45,2,3,3
93,45,3,3,3
94,45,4,3,3
95,45,5,3,3
96,45,6,3,3
97,45,7,3,3
98,45,97,1,2
99,45,98,1,2
100,45,33,0,4
101,45,41,0,4
102,45,24,0,4
103,45,29,0,4
104,45,-1,-1,-1
105,45,-1,-1,-1
106,45,51,0,4
107,45,24,0,4
108,45,-1,-1,-1
109,45,73,0,4
110,45,50,0,4
111,45,41,0,4
112,45,56,0,4
113,45,50,0,4
114,45,3,0,4
115,45,-1,-1,-1
116,45,-1,-1,-1
117,45,-1,-1,-1
118,45,66,0,4
119,45,-1,-1,-1
0,46,9,2,1
1,46,0,0,0
2,46,12,2,0
3,46,13,2,0
4,46,5,1,0
5,46,6,1,0
6,46,16,2,0
7,46,17,2,0
8,46,7,0,1
9,46,8,0,1
10,46,19,3,2
11,46,10,1,1
12,46,22,3,0
13,46,23,3,0
14,46,15,2,1
15,46,16,2,1
16,46,26,3,0
17,46,27,3,0
18,46,17,1,2
19,46,18,1,2
20,46,29,3,2
21,46,20,1,1
22,46,32,3,0
23,46,33,3,0
24,46,25,2,1
25,46,26,2,1
26,46,36,3,0
27,46,37,3,0
28,46,27,1,2
29,46,28,1,2
30,46,39,3,2
31,46,30,1,1
32,46,42,3,0
33,46,43,3,0
34,46,35,2,1
35,46,36,2,1
36,46,46,3,0
37,46,47,3,0
38,46,37,1,2
39,46,38,1,2
40,46,49,3,2
41,46,40,1,1
42,46,43,2,1
43,46,44,2,1
44,46,45,2,1
45,46,46,2,1
47,46,46,1,2
48,46,47,1,2
49,46,48,1,2
50,46,59,3,2
51,46,50,1,1
52,46,42,0,3
53,46,43,0,3
54,46,55,2,1
55,46,56,2,1
56,46,46,0,3
57,46,47,0,3
58,46,57,1,2
59,46,58,1,2
60,46,69,3,2
61,46,60,1,1
62,46,52,0,3
63,46,53,0,3
64,46,65,2,1
65,46,66,2,1
66,46,56,0,3
67,46,57,0,3
68,46,67,1,2
69,46,68,1,2
70,46,79,3,2
71,46,70,1,1
72,46,62,0,3
73,46,63,0,3
74,46,75,2,1
75,46,76,2,1
76,46,66,0,3
77,46,67,0,3
78,46,77,1,2
79,46,78,1,2
80,46,89,3,2
81,46,80,1,1
82,46,72,0,3
83,46,73,0,3
84,46,85,2,1
85,46,86,2,1
86,46,76,0,3
87,46,77,0,3
88,46,87,1,2
89,46,88,1,2
90,46,99,3,2
91,46,92,2,1
92,46,2,3,3
93,46,3,3,3
94,46,95,2,1
95,46,96,2,1
96,46,6,3,3
97,46,7,3,3
98,46,97,1,2
99,46,98,1,2
100,46,33,0,4
101,46,41,0,4
102,46,24,0,4
103,46,29,0,4
104,46,-1,-1,-1
105,46,-1,-1,-1
106,46,51,0,4
107,46,24,0,4
108,46,-1,-1,-1
109,46,73,0,4
110,46,50,0,4
111,46,41,0,4
112,46,56,0,4
113,46,50,0,4
114,46,3,0,4
115,46,-1,-1,-1
116,46,-1,-1,-1
117,46,-1,-1,-1
118,46,66,0,4
119,46,-1,-1,-1
0,47,9,2,1
1,47,0,0,0
2,47,12,2,0
3,47,4,1,0
4,47,5,1,0
5,47,6,1,0
6,47,7,1,0
7,47,17,2,0
8,47,7,0,1
9,47,8,0,1
10,47,19,3,2
11,47,10,1,1
12,47,22,3,0
13,47,14,2,1
14,47,15,2,1
15,47,16,2,1
16,47,17,2,1
17,47,27,3,0
18,47,17,1,2
19,47,18,1,2
20,47,29,3,2
21,47,20,1,1
22,47,32,3,0
23,47,24,2,1
24,47,25,2,1
25,47,26,2,1
26,47,27,2,1
27,47,37,3,0
28,47,27,1,2
29,47,28,1,2
30,47,39,3,2
31,47,30,1,1
32,47,42,3,0
33,47,34,2,1
34,47,35,2,1
35,47,36,2,1
36,47,37,2,1
37,47,47,3,0
38,47,37,1,2
39,47,38,1,2
40,47,49,3,2
41,47,40,1,1
42,47,41,1,2
43,47,44,2,1
44,47,45,2,1
45,47,46,2,1
46,47,47,2,1
48,47,47,1,2
49,47,48,1,2
50,47,59,3,2
51,47,50,1,1
52,47,42,0,3
53,47,54,2,1
54,47,55,2,1
55,47,56,2,1
56,47,57,2,1
57,47,47,0,3
58,47,57,1,2
59,47,58,1,2
60,47,69,3,2
61,47,60,1,1
62,47,52,0,3
63,47,64,2,1
64,47,65,2,1
65,47,66,2,1
66,47,67,2,1
67,47,57,0,3
68,47,67,1,2
69,47,68,1,2
70,47,79,3,2
71,47,70,1,1
72,47,62,0,3
73,47,74,2,1
74,47,75,2,1
75,47,76,2,1
76,47,77,2,1
77,47,67,0,3
78,47,77,1,2
79,47,78,1,2
80,47,89,3,2
81,47,80,1,1
82,47,72,0,3
83,47,84,2,1
84,47,85,2,1
85,47,86,2,1
86,47,87,2,1
87,47,77,0,3
88,47,87,1,2
89,47,88,1,2
90,47,99,3,2
91,47,90,1,1
92,47,2,3,3
93,47,94,2,1
94,47,95,2,1
95,47,96,2,1
96,47,97,2,1
97,47,7,3,3
98,47,97,1,2
99,47,98,1,2
100,47,33,0,4
101,47,41,0,4
102,47,24,0,4
103,47,29,0,4
104,47,-1,-1,-1
105,47,-1,-1,-1
106,47,51,0,4
107,47,24,0,4
108,47,-1,-1,-1
109,47,73,0,4
110,47,50,0,4
111,47,41,0,4
112,47,56,0,4
113,47,50,0,4
114,47,3,0,4
115,47,-1,-1,-1
116,47,-1,-1,-1
117,47,-1,-1,-1
118,47,66,0,4
119,47,-1,-1,-1
0,48,9,2,1
1,48,0,0,0
2,48,12,2,0
3,48,2,0,1
4,48,5,1,0
5,48,6,1,0
6,48,7,1,0
7,48,17,2,0
8,48,18,2,0
9,48,8,0,1
10,48,19,3,2
11,48,10,1,1
12,48,22,3,0
13,48,12,1,2
14,48,15,2,1
15,48,16,2,1
16,48,17,2,1
17,48,27,3,0
18,48,28,3,0
19,48,18,1,2
20,48,29,3,2
21,48,20,1,1
22,48,32,3,0
23,48,24,2,1
24,48,25,2,1
25,48,26,2,1
26,48,27,2,1
27,48,37,3,0
28,48,38,3,0
29,48,28,1,2
30,48,39,3,2
31,48,30,1,1
32,48,42,3,0
33,48,34,2,1
34,48,35,2,1
35,48,36,2,1
36,48,37,2,1
37,48,47,3,0
38,48,48,3,0
39,48,38,1,2
40,48,49,3,2
41,48,40,1,1
42,48,41,1,2
43,48,44,2,1
44,48,45,2,1
45,48,46,2,1
46,48,47,2,1
47,48,48,2,1
49,48,48,1,2
50,48,59,3,2
51,48,50,1,1
52,48,42,0,3
53,48,54,2,1
54,48,55,2,1
55,48,56,2,1
56,48,57,2,1
57,48,47,0,3
58,48,48,0,3
59,48,58,1,2
60,48,69,3,2
61,48,60,1,1
62,48,52,0,3
63,48,64,2,1
64,48,65,2,1
65,48,66,2,1
66,48,67,2,1
67,48,57,0,3
68,48,58,0,3
69,48,68,1,2
70,48,79,3,2
71,48,70,1,1
72,48,62,0,3
73,48,74,2,1
74,48,75,2,1
75,48,76,2,1
76,48,77,2,1
77,48,67,0,3
78,48,68,0,3
79,48,78,1,2
80,48,89,3,2
81,48,80,1,1
82,48,72,0,3
83,48,82,1,2
84,48,85,2,1
85,48,86,2,1
86,48,87,2,1
87,48,77,0,3
88,48,78,0,3
89,48,88,1,2
90,48,99,3,2
91,48,90,1,1
92,48,2,3,3
93,48,92,1,2
94,48,95,2,1
95,48,96,2,1
96,48,97,2,1
97,48,7,3,3
98,48,8,3,3
99,48,98,1,2
100,48,61,0,4
101,48,41,0,4
102,48,24,0,4
103,48,29,0,4
104,48,-1,-1,-1
105,48,-1,-1,-1
106,48,51,0,4
107,48,61,0,4
108,48,-1,-1,-1
109,48,73,0,4
110,48,50,0,4
111,48,41,0,4
112,48,56,0,4
113,48,50,0,4
114,48,3,0,4
115,48,-1,-1,-1
116,48,-1,-1,-1
117,48,-1,-1,-1
118,48,29,0,4
119,48,-1,-1,-1
0,49,9,2,1
1,49,11,2,0
2,49,12,2,0
3,49,2,0,1
4,49,5,1,0
5,49,6,1,0
6,49,7,1,0
7,49,17,2,0
8,49,18,2,0
9,49,19,2,0
10,49,19,3,2
11,49,21,3,0
12,49,22,3,0
13,49,12,1,2
14,49,15,2,1
15,49,16,2,1
16,49,17,2,1
17,49,27,3,0
18,49,28,3,0
19,49,29,3,0
20,49,29,3,2
21,49,31,3,0
22,49,32,3,0
23,49,22,1,2
24,49,25,2,1
25,49,26,2,1
26,49,27,2,1
27,49,37,3,0
28,49,38,3,0
29,49,39,3,0
30,49,39,3,2
31,49,41,3,0
32,49,42,3,0
33,49,32,1,2
34,49,35,2,1
35,49,36,2,1
36,49,37,2,1
37,49,47,3,0
38,49,48,3,0
39,49,49,3,0
40,49,49,3,2
41,49,40,1,1
42,49,41,1,2
43,49,42,1,2
44,49,45,2,1
45,49,46,2,1
46,49,47,2,1
47,49,48,2,1
48,49,49,2,1
50,49,59,3,2
51,49,41,0,3
52,49,42,0,3
53,49,52,1,2
54,49,55,2,1
55,49,56,2,1
56,49,57,2,1
57,49,47,0,3
58,49,48,0,3
59,49,49,0,3
60,49,69,3,2
61,49,51,0,3
62,49,52,0,3
63,49,62,1,2
64,49,65,2,1
65,49,66,2,1
66,49,67,2,1
67,49,57,0,3
68,49,58,0,3
69,49,59,0,3
70,49,79,3,2
71,49,61,0,3
72,49,62,0,3
73,49,72,1,2
74,49,75,2,1
75,49,76,2,1
76,49,77,2,1
77,49,67,0,3
78,49,68,0,3
79,49,69,0,3
80,49,89,3,2
81,49,71,0,3
82,49,72,0,3
83,49,82,1,2
84,49,85,2,1
85,49,86,2,1
86,49,87,2,1
87,49,77,0,3
88,49,78,0,3
89,49,79,0,3
90,49,99,3,2
91,49,1,3,3
92,49,2,3,3
93,49,92,1,2
94,49,95,2,1
95,49,96,2,1
96,49,97,2,1
97,49,7,3,3
98,49,8,3,3
99,49,9,3,3
100,49,61,0,4
101,49,41,0,4
102,49,24,0,4
103,49,29,0,4
104,49,-1,-1,-1
105,49,-1,-1,-1
106,49,51,0,4
107,49,61,0,4
108,49,-1,-1,-1
109,49,73,0,4
110,49,50,0,4
111,49,41,0,4
112,49,56,0,4
113,49,50,0,4
114,49,3,0,4
115,49,-1,-1,-1
116,49,-1,-1,-1
117,49,-1,-1,-1
118,49,29,0,4
119,49,-1,-1,-1
0,60,90,3,2
1,60,91,3,3
2,60,92,3,3
3,60,2,0,1
4,60,3,0,1
5,60,6,1,0
6,60,7,1,0
7,60,97,3,3
8,60,98,3,3
9,60,99,3,3
10,60,20,2,0
11,60,21,3,0
12,60,22,3,0
13,60,12,1,2
14,60,13,1,2
15,60,16,2,1
16,60,17,2,1
17,60,27,3,0
18,60,28,3,0
19,60,29,3,0
20,60,30,2,0
21,60,31,3,0
22,60,32,3,0
23,60,22,1,2
24,60,23,1,2
25,60,26,2,1
26,60,27,2,1
27,60,37,3,0
28,60,38,3,0
29,60,39,3,0
30,60,40,2,0
31,60,41,3,0
32,60,42,3,0
33,60,32,1,2
34,60,33,1,2
35,60,36,2,1
36,60,37,2,1
37,60,47,3,0
38,60,48,3,0
39,60,49,3,0
40,60,50,2,0
41,60,51,3,0
42,60,52,3,0
43,60,42,1,2
44,60,43,1,2
45,60,46,2,1
46,60,47,2,1
47,60,57,3,0
48,60,58,3,0
49,60,59,3,0
50,60,60,2,0
51,60,61,3,0
52,60,62,3,0
53,60,52,1,2
54,60,53,1,2
55,60,56,2,1
56,60,57,2,1
57,60,67,3,0
58,60,68,3,0
59,60,69,3,0
61,60,60,1,1
62,60,61,1,2
63,60,62,1,2
64,60,63,1,2
65,60,66,2,1
66,60,67,2,1
67,60,68,2,1
68,60,69,2,1
69,60,60,2,3
70,60,60,0,2
71,60,61,0,3
72,60,62,0,3
73,60,72,1,2
74,60,73,1,2
75,60,76,2,1
76,60,77,2,1
77,60,67,0,3
78,60,68,0,3
79,60,69,0,3
80,60,70,0,2
81,60,71,0,3
82,60,72,0,3
83,60,82,1,2
84,60,83,1,2
85,60,86,2,1
86,60,87,2,1
87,60,77,0,3
88,60,78,0,3
89,60,79,0,3
90,60,80,0,2
91,60,81,0,3
92,60,82,0,3
93,60,92,1,2
94,60,93,1,2
95,60,96,2,1
96,60,97,2,1
97,60,87,0,3
98,60,88,0,3
99,60,89,0,3
100,60,61,0,4
101,60,41,0,4
102,60,24,0,4
103,60,29,0,4
104,60,-1,-1,-1
105,60,-1,-1,-1
106,60,51,0,4
107,60,61,0,4
108,60,-1,-1,-1
109,60,73,0,4
110,60,50,0,4
111,60,41,0,4
112,60,56,0,4
113,60,50,0,4
114,60,3,0,4
115,60,-1,-1,-1
116,60,-1,-1,-1
117,60,-1,-1,-1
118,60,66,0,4
119,60,-1,-1,-1
0,61,1,0,0
1,61,91,3,3
2,61,92,3,3
3,61,2,0,1
4,61,3,0,1
5,61,4,0,1
6,61,7,1,0
7,61,97,3,3
8,61,98,3,3
9,61,0,1,2
10,61,11,1,1
11,61,21,3,0
12,61,22,3,0
13,61,12,1,2
14,61,13,1,2
15,61,14,1,2
16,61,15,1,2
17,61,27,3,0
18,61,28,3,0
19,61,10,2,3
20,61,21,1,1
21,61,31,3,0
22,61,32,3,0
23,61,22,1,2
24,61,23,1,2
25,61,24,1,2
26,61,27,2,1
27,61,37,3,0
28,61,38,3,0
29,61,20,2,3
30,61,31,1,1
31,61,41,3,0
32,61,42,3,0
33,61,32,1,2
34,61,33,1,2
35,61,34,1,2
36,61,37,2,1
37,61,47,3,0
38,61,48,3,0
39,61,30,2,3
40,61,41,1,1
41,61,51,3,0
42,61,52,3,0
43,61,42,1,2
44,61,43,1,2
45,61,44,1,2
46,61,47,2,1
47,61,57,3,0
48,61,58,3,0
49,61,40,2,3
50,61,51,1,1
51,61,61,3,0
52,61,62,3,0
53,61,52,1,2
54,61,53,1,2
55,61,54,1,2
56,61,57,2,1
57,61,67,3,0
58,61,68,3,0
59,61,50,2,3
60,61,61,1,1
62,61,61,1,2
63,61,62,1,2
64,61,63,1,2
65,61,64,1,2
66,61,67,2,1
67,61,68,2,1
68,61,69,2,1
69,61,60,2,3
70,61,71,1,1
71,61,61,0,3
72,61,62,0,3
73,61,72,1,2
74,61,73,1,2
75,61,74,1,2
76,61,77,2,1
77,61,67,0,3
78,61,68,0,3
79,61,70,2,3
80,61,81,1,1
81,61,71,0,3
82,61,72,0,3
83,61,82,1,2
84,61,83,1,2
85,61,84,1,2
86,61,87,2,1
87,61,77,0,3
88,61,78,0,3
89,61,80,2,3
90,61,91,1,1
91,61,81,0,3
92,61,82,0,3
93,61,92,1,2
94,61,93,1,2
95,61,94,1,2
96,61,97,2,1
97,61,87,0,3
98,61,88,0,3
99,61,90,2,3
100,61,61,0,4
101,61,41,0,4
102,61,24,0,4
103,61,29,0,4
104,61,-1,-1,-1
105,61,-1,-1,-1
106,61,51,0,4
107,61,61,0,4
108,61,-1,-1,-1
109,61,73,0,4
110,61,50,0,4
111,61,41,0,4
112,61,56,0,4
113,61,50,0,4
114,61,3,0,4
115,61,-1,-1,-1
116,61,-1,-1,-1
117,61,-1,-1,-1
118,61,66,0,4
119,61,-1,-1,-1
0,62,1,0,0
1,62,2,1,0
2,62,92,3,3
3,62,2,0,1
4,62,3,0,1
5,62,4,0,1
6,62,5,0,1
7,62,8,1,0
8,62,9,1,0
9,62,0,1,2
10,62,11,1,1
11,62,12,2,1
12,62,22,3,0
13,62,12,1,2
14,62,13,1,2
15,62,14,1,2
16,62,15,1,2
17,62,16,1,2
18,62,19,2,1
19,62,10,2,3
20,62,21,1,1
21,62,22,2,1
22,62,32,3,0
23,62,22,1,2
24,62,23,1,2
25,62,24,1,2
26,62,25,1,2
27,62,28,2,1
28,62,29,2,1
29,62,20,2,3
30,62,31,1,1
31,62,32,2,1
32,62,42,3,0
33,62,32,1,2
34,62,33,1,2
35,62,34,1,2
36,62,35,1,2
37,62,36,1,2
38,62,39,2,1
39,62,30,2,3
40,62,41,1,1
41,62,42,2,1
42,62,52,3,0
43,62,42,1,2
44,62,43,1,2
45,62,44,1,2
46,62,45,1,2
47,62,48,2,1
48,62,49,2,1
49,62,40,2,3
50,62,51,1,1
51,62,52,2,1
52,62,62,3,0
53,62,52,1,2
54,62,53,1,2
55,62,54,1,2
56,62,55,1,2
57,62,56,1,2
58,62,59,2,1
59,62,50,2,3
60,62,61,1,1
61,62,62,2,1
63,62,62,1,2
64,62,63,1,2
65,62,64,1,2
66,62,65,1,2
67,62,68,2,1
68,62,69,2,1
69,62,60,2,3
70,62,71,1,1
71,62,72,2,1
72,62,62,0,3
73,62,72,1,2
74,62,73,1,2
75,62,74,1,2
76,62,75,1,2
77,62,67,0,3
78,62,79,2,1
79,62,70,2,3
80,62,81,1,1
81,62,82,2,1
82,62,72,0,3
83,62,82,1,2
84,62,83,1,2
85,62,84,1,2
86,62,85,1,2
87,62,88,2,1
88,62,89,2,1
89,62,80,2,3
90,62,91,1,1
91,62,92,2,1
92,62,82,0,3
93,62,92,1,2
94,62,93,1,2
95,62,94,1,2
96,62,95,1,2
97,62,87,0,3
98,62,99,2,1
99,62,90,2,3
100,62,61,0,4
101,62,41,0,4
102,62,24,0,4
103,62,29,0,4
104,62,-1,-1,-1
105,62,-1,-1,-1
106,62,51,0,4
107,62,61,0,4
108,62,-1,-1,-1
109,62,73,0,4
110,62,50,0,4
111,62,41,0,4
112,62,56,0,4
113,62,50,0,4
114,62,3,0,4
115,62,-1,-1,-1
116,62,-1,-1,-1
117,62,-1,-1,-1
118,62,66,0,4
119,62,-1,-1,-1
0,63,1,0,0
1,63,2,1,0
2,63,92,3,3
3,63,93,3,3
4,63,3,0,1
5,63,4,0,1
6,63,5,0,1
7,63,97,3,3
8,63,9,1,0
9,63,0,1,2
10,63,11,1,1
11,63,12,2,1
12,63,22,3,0
13,63,23,3,0
14,63,13,1,2
15,63,14,1,2
16,63,15,1,2
17,63,27,3,0
18,63,19,2,1
19,63,10,2,3
20,63,21,1,1
21,63,22,2,1
22,63,32,3,0
23,63,33,3,0
24,63,23,1,2
25,63,24,1,2
26,63,25,1,2
27,63,37,3,0
28,63,29,2,1
29,63,20,2,3
30,63,31,1,1
31,63,32,2,1
32,63,42,3,0
33,63,43,3,0
34,63,33,1,2
35,63,34,1,2
36,63,35,1,2
37,63,47,3,0
38,63,39,2,1
39,63,30,2,3
40,63,41,1,1
41,63,42,2,1
42,63,52,3,0
43,63,53,3,0
44,63,43,1,2
45,63,44,1,2
46,63,45,1,2
47,63,57,3,0
48,63,47,1,2
49,63,40,2,3
50,63,51,1,1
51,63,52,2,1
52,63,62,3,0
53,63,63,3,0
54,63,53,1,2
55,63,54,1,2
56,63,55,1,2
57,63,67,3,0
58,63,57,1,2
59,63,50,2,3
60,63,61,1,1
61,63,62,2,1
62,63,63,2,1
64,63,63,1,2
65,63,64,1,2
66,63,65,1,2
67,63,66,1,2
68,63,67,1,2
69,63,60,2,3
70,63,71,1,1
71,63,72,2,1
72,63,62,0,3
73,63,63,0,3
74,63,73,1,2
75,63,74,1,2
76,63,75,1,2
77,63,67,0,3
78,63,77,1,2
79,63,70,2,3
80,63,81,1,1
81,63,82,2,1
82,63,72,0,3
83,63,73,0,3
84,63,83,1,2
85,63,84,1,2
86,63,85,1,2
87,63,77,0,3
88,63,87,1,2
89,63,80,2,3
90,63,91,1,1
91,63,92,2,1
92,63,82,0,3
93,63,83,0,3
94,63,93,1,2
95,63,94,1,2
96,63,95,1,2
97,63,87,0,3
98,63,97,1,2
99,63,90,2,3
100,63,61,0,4
101,63,41,0,4
102,63,24,0,4
103,63,29,0,4
104,63,-1,-1,-1
105,63,-1,-1,-1
106,63,51,0,4
107,63,61,0,4
108,63,-1,-1,-1
109,63,73,0,4
110,63,50,0,4
111,63,41,0,4
112,63,56,0,4
113,63,50,0,4
114,63,3,0,4
115,63,-1,-1,-1
116,63,-1,-1,-1
117,63,-1,-1,-1
118,63,66,0,4
119,63,-1,-1,-1
0,64,1,0,0
1,64,2,1,0
2,64,92,3,3
3,64,93,3,3
4,64,94,3,3
5,64,4,0,1
6,64,96,3,3
7,64,97,3,3
8,64,7,0,1
9,64,8,0,1
10,64,11,1,1
11,64,12,2,1
12,64,22,3,0
13,64,23,3,0
14,64,24,3,0
15,64,14,1,2
16,64,26,3,0
17,64,27,3,0
18,64,17,1,2
19,64,10,2,3
20,64,21,1,1
21,64,22,2,1
22,64,32,3,0
23,64,33,3,0
24,64,34,3,0
25,64,24,1,2
26,64,36,3,0
27,64,37,3,0
28,64,27,1,2
29,64,28,1,2
30,64,31,1,1
31,64,32,2,1
32,64,42,3,0
33,64,43,3,0
34,64,44,3,0
35,64,34,1,2
36,64,46,3,0
37,64,47,3,0
38,64,37,1,2
39,64,38,1,2
40,64,41,1,1
41,64,42,2,1
42,64,52,3,0
43,64,53,3,0
44,64,54,3,0
45,64,44,1,2
46,64,56,3,0
47,64,57,3,0
48,64,47,1,2
49,64,48,1,2
50,64,51,1,1
51,64,52,2,1
52,64,62,3,0
53,64,63,3,0
54,64,64,3,0
55,64,54,1,2
56,64,66,3,0
57,64,67,3,0
58,64,57,1,2
59,64,58,1,2
60,64,61,1,1
61,64,62,2,1
62,64,63,2,1
63,64,64,2,1
65,64,64,1,2
66,64,65,1,2
67,64,66,1,2
68,64,67,1,2
69,64,68,1,2
70,64,71,1,1
71,64,72,2,1
72,64,62,0,3
73,64,63,0,3
74,64,64,0,3
75,64,74,1,2
76,64,66,0,3
77,64,67,0,3
78,64,77,1,2
79,64,78,1,2
80,64,81,1,1
81,64,82,2,1
82,64,72,0,3
83,64,73,0,3
84,64,74,0,3
85,64,84,1,2
86,64,76,0,3
87,64,77,0,3
88,64,87,1,2
89,64,88,1,2
90,64,91,1,1
91,64,92,2,1
92,64,82,0,3
93,64,83,0,3
94,64,84,0,3
95,64,94,1,2
96,64,86,0,3
97,64,87,0,3
98,64,97,1,2
99,64,98,1,2
100,64,61,0,4
101,64,41,0,4
102,64,24,0,4
103,64,29,0,4
104,64,-1,-1,-1
105,64,-1,-1,-1
106,64,51,0,4
107,64,61,0,4
108,64,-1,-1,-1
109,64,73,0,4
110,64,50,0,4
111,64,4,0,4
112,64,56,0,4
113,64,50,0,4
114,64,3,0,4
115,64,-1,-1,-1
116,64,-1,-1,-1
117,64,-1,-1,-1
118,64,66,0,4
119,64,-1,-1,-1
0,65,9,2,1
1,65,2,1,0
2,65,92,3,3
3,65,93,3,3
4,65,94,3,3
5,65,95,3,3
6,65,96,3,3
7,65,97,3,3
8,65,7,0,1
9,65,8,0,1
10,65,11,1,1
11,65,12,2,1
12,65,22,3,0
13,65,23,3,0
14,65,24,3,0
15,65,25,3,0
16,65,26,3,0
17,65,27,3,0
18,65,17,1,2
19,65,18,1,2
20,65,29,3,2
21,65,22,2,1
22,65,32,3,0
23,65,33,3,0
24,65,34,3,0
25,65,35,3,0
26,65,36,3,0
27,65,37,3,0
28,65,27,1,2
29,65,28,1,2
30,65,39,3,2
31,65,32,2,1
32,65,42,3,0
33,65,43,3,0
34,65,44,3,0
35,65,45,3,0
36,65,46,3,0
37,65,47,3,0
38,65,37,1,2
39,65,38,1,2
40,65,49,3,2
41,65,42,2,1
42,65,52,3,0
43,65,53,3,0
44,65,54,3,0
45,65,55,3,0
46,65,56,3,0
47,65,57,3,0
48,65,47,1,2
49,65,48,1,2
50,65,59,3,2
51,65,52,2,1
52,65,62,3,0
53,65,63,3,0
54,65,64,3,0
55,65,65,3,0
56,65,66,3,0
57,65,67,3,0
58,65,57,1,2
59,65,58,1,2
60,65,69,3,2
61,65,62,2,1
62,65,63,2,1
63,65,64,2,1
64,65,65,2,1
66,65,65,1,2
67,65,66,1,2
68,65,67,1,2
69,65,68,1,2
70,65,79,3,2
71,65,72,2,1
72,65,62,0,3
73,65,63,0,3
74,65,64,0,3
75,65,65,0,3
76,65,66,0,3
77,65,67,0,3
78,65,77,1,2
79,65,78,1,2
80,65,89,3,2
81,65,82,2,1
82,65,72,0,3
83,65,73,0,3
84,65,74,0,3
85,65,75,0,3
86,65,76,0,3
87,65,77,0,3
88,65,87,1,2
89,65,88,1,2
90,65,99,3,2
91,65,92,2,1
92,65,82,0,3
93,65,83,0,3
94,65,84,0,3
95,65,85,0,3
96,65,86,0,3
97,65,87,0,3
98,65,97,1,2
99,65,98,1,2
100,65,61,0,4
101,65,41,0,4
102,65,24,0,4
103,65,29,0,4
104,65,-1,-1,-1
105,65,-1,-1,-1
106,65,51,0,4
107,65,61,0,4
108,65,-1,-1,-1
109,65,73,0,4
110,65,50,0,4
111,65,4,0,4
112,65,56,0,4
113,65,50,0,4
114,65,3,0,4
115,65,-1,-1,-1
116,65,-1,-1,-1
117,65,-1,-1,-1
118,65,66,0,4
119,65,-1,-1,-1
0,66,9,2,1
1,66,0,0,0
2,66,92,3,3
3,66,93,3,3
4,66,5,1,0
5,66,6,1,0
6,66,96,3,3
7,66,97,3,3
8,66,7,0,1
9,66,8,0,1
10,66,19,3,2
11,66,12,2,1
12,66,22,3,0
13,66,23,3,0
14,66,15,2,1
15,66,16,2,1
16,66,26,3,0
17,66,27,3,0
18,66,17,1,2
19,66,18,1,2
20,66,29,3,2
21,66,20,1,1
22,66,32,3,0
23,66,33,3,0
24,66,25,2,1
25,66,26,2,1
26,66,36,3,0
27,66,37,3,0
28,66,27,1,2
29,66,28,1,2
30,66,39,3,2
31,66,30,1,1
32,66,42,3,0
33,66,43,3,0
34,66,35,2,1
35,66,36,2,1
36,66,46,3,0
37,66,47,3,0
38,66,37,1,2
39,66,38,1,2
40,66,49,3,2
41,66,40,1,1
42,66,52,3,0
43,66,53,3,0
44,66,45,2,1
45,66,46,2,1
46,66,56,3,0
47,66,57,3,0
48,66,47,1,2
49,66,48,1,2
50,66,59,3,2
51,66,50,1,1
52,66,62,3,0
53,66,63,3,0
54,66,55,2,1
55,66,56,2,1
56,66,66,3,0
57,66,67,3,0
58,66,57,1,2
59,66,58,1,2
60,66,69,3,2
61,66,60,1,1
62,66,63,2,1
63,66,64,2,1
64,66,65,2,1
65,66,66,2,1
67,66,66,1,2
68,66,67,1,2
69,66,68,1,2
70,66,79,3,2
71,66,70,1,1
72,66,62,0,3
73,66,63,0,3
74,66,75,2,1
75,66,76,2,1
76,66,66,0,3
77,66,67,0,3
78,66,77,1,2
79,66,78,1,2
80,66,89,3,2
81,66,80,1,1
82,66,72,0,3
83,66,73,0,3
84,66,85,2,1
85,66,86,2,1
86,66,76,0,3
87,66,77,0,3
88,66,87,1,2
89,66,88,1,2
90,66,99,3,2
91,66,90,1,1
92,66,82,0,3
93,66,83,0,3
94,66,95,2,1
95,66,96,2,1
96,66,86,0,3
97,66,87,0,3
98,66,97,1,2
99,66,98,1,2
100,66,61,0,4
101,66,41,0,4
102,66,24,0,4
103,66,29,0,4
104,66,-1,-1,-1
105,66,-1,-1,-1
106,66,51,0,4
107,66,61,0,4
108,66,-1,-1,-1
109,66,73,0,4
110,66,50,0,4
111,66,4,0,4
112,66,56,0,4
113,66,50,0,4
114,66,3,0,4
115,66,-1,-1,-1
116,66,-1,-1,-1
117,66,-1,-1,-1
118,66,66,0,4
119,66,-1,-1,-1
0,67,9,2,1
1,67,0,0,0
2,67,92,3,3
3,67,4,1,0
4,67,5,1,0
5,67,6,1,0
6,67,7,1,0
7,67,97,3,3
8,67,7,0,1
9,67,8,0,1
10,67,19,3,2
11,67,10,1,1
12,67,22,3,0
13,67,14,2,1
14,67,15,2,1
15,67,16,2,1
16,67,17,2,1
17,67,27,3,0
18,67,17,1,2
19,67,18,1,2
20,67,29,3,2
21,67,20,1,1
22,67,32,3,0
23,67,24,2,1
24,67,25,2,1
25,67,26,2,1
26,67,27,2,1
27,67,37,3,0
28,67,27,1,2
29,67,28,1,2
30,67,39,3,2
31,67,30,1,1
32,67,42,3,0
33,67,34,2,1
34,67,35,2,1
35,67,36,2,1
36,67,37,2,1
37,67,47,3,0
38,67,37,1,2
39,67,38,1,2
40,67,49,3,2
41,67,40,1,1
42,67,52,3,0
43,67,44,2,1
44,67,45,2,1
45,67,46,2,1
46,67,47,2,1
47,67,57,3,0
48,67,47,1,2
49,67,48,1,2
50,67,59,3,2
51,67,50,1,1
52,67,62,3,0
53,67,54,2,1
54,67,55,2,1
55,67,56,2,1
56,67,57,2,1
57,67,67,3,0
58,67,57,1,2
59,67,58,1,2
60,67,69,3,2
61,67,60,1,1
62,67,61,1,2
63,67,64,2,1
64,67,65,2,1
65,67,66,2,1
66,67,67,2,1
68,67,67,1,2
69,67,68,1,2
70,67,79,3,2
71,67,70,1,1
72,67,62,0,3
73,67,74,2,1
74,67,75,2,1
75,67,76,2,1
76,67,77,2,1
77,67,67,0,3
78,67,77,1,2
79,67,78,1,2
80,67,89,3,2
81,67,80,1,1
82,67,72,0,3
83,67,84,2,1
84,67,85,2,1
85,67,86,2,1
86,67,87,2,1
87,67,77,0,3
88,67,87,1,2
89,67,88,1,2
90,67,99,3,2
91,67,90,1,1
92,67,82,0,3
93,67,94,2,1
94,67,95,2,1
95,67,96,2,1
96,67,97,2,1
97,67,87,0,3
98,67,97,1,2
99,67,98,1,2
100,67,61,0,4
101,67,41,0,4
102,67,24,0,4
103,67,29,0,4
104,67,-1,-1,-1
105,67,-1,-1,-1
106,67,51,0,4
107,67,61,0,4
108,67,-1,-1,-1
109,67,73,0,4
110,67,50,0,4
111,67,41,0,4
112,67,56,0,4
113,67,50,0,4
114,67,3,0,4
115,67,-1,-1,-1
116,67,-1,-1,-1
117,67,-1,-1,-1
118,67,66,0,4
119,67,-1,-1,-1
0,68,9,2,1
1,68,0,0,0
2,68,92,3,3
3,68,2,0,1
4,68,5,1,0
5,68,6,1,0
6,68,7,1,0
7,68,97,3,3
8,68,98,3,3
9,68,8,0,1
10,68,19,3,2
11,68,10,1,1
12,68,22,3,0
13,68,12,1,2
14,68,15,2,1
15,68,16,2,1
16,68,17,2,1
17,68,27,3,0
18,68,28,3,0
19,68,18,1,2
20,68,29,3,2
21,68,20,1,1
22,68,32,3,0
23,68,22,1,2
24,68,25,2,1
25,68,26,2,1
26,68,27,2,1
27,68,37,3,0
28,68,38,3,0
29,68,28,1,2
30,68,39,3,2
31,68,30,1,1
32,68,42,3,0
33,68,32,1,2
34,68,35,2,1
35,68,36,2,1
36,68,37,2,1
37,68,47,3,0
38,68,48,3,0
39,68,38,1,2
40,68,49,3,2
41,68,40,1,1
42,68,52,3,0
43,68,44,2,1
44,68,45,2,1
45,68,46,2,1
46,68,47,2,1
47,68,57,3,0
48,68,58,3,0
49,68,48,1,2
50,68,59,3,2
51,68,50,1,1
52,68,62,3,0
53,68,54,2,1
54,68,55,2,1
55,68,56,2,1
56,68,57,2,1
57,68,67,3,0
58,68,68,3,0
59,68,58,1,2
60,68,69,3,2
61,68,60,1,1
62,68,61,1,2
63,68,64,2,1
64,68,65,2,1
65,68,66,2,1
66,68,67,2,1
67,68,68,2,1
69,68,68,1,2
70,68,79,3,2
71,68,70,1,1
72,68,62,0,3
73,68,74,2,1
74,68,75,2,1
75,68,76,2,1
76,68,77,2,1
77,68,67,0,3
78,68,68,0,3
79,68,78,1,2
80,68,89,3,2
81,68,80,1,1
82,68,72,0,3
83,68,84,2,1
84,68,85,2,1
85,68,86,2,1
86,68,87,2,1
87,68,77,0,3
88,68,78,0,3
89,68,88,1,2
90,68,99,3,2
91,68,90,1,1
92,68,82,0,3
93,68,94,2,1
94,68,95,2,1
95,68,96,2,1
96,68,97,2,1
97,68,87,0,3
98,68,88,0,3
99,68,98,1,2
100,68,61,0,4
101,68,41,0,4
102,68,24,0,4
103,68,29,0,4
104,68,-1,-1,-1
105,68,-1,-1,-1
106,68,51,0,4
107,68,61,0,4
108,68,-1,-1,-1
109,68,73,0,4
110,68,50,0,4
111,68,41,0,4
112,68,56,0,4
113,68,50,0,4
114,68,3,0,4
115,68,-1,-1,-1
116,68,-1,-1,-1
117,68,-1,-1,-1
118,68,66,0,4
119,68,-1,-1,-1
0,69,9,2,1
1,69,91,3,3
2,69,92,3,3
3,69,2,0,1
4,69,5,1,0
5,69,6,1,0
6,69,7,1,0
7,69,97,3,3
8,69,98,3,3
9,69,99,3,3
10,69,19,3,2
11,69,21,3,0
12,69,22,3,0
13,69,12,1,2
14,69,15,2,1
15,69,16,2,1
16,69,17,2,1
17,69,27,3,0
18,69,28,3,0
19,69,29,3,0
20,69,29,3,2
21,69,31,3,0
22,69,32,3,0
23,69,22,1,2
24,69,25,2,1
25,69,26,2,1
26,69,27,2,1
27,69,37,3,0
28,69,38,3,0
29,69,39,3,0
30,69,39,3,2
31,69,41,3,0
32,69,42,3,0
33,69,32,1,2
34,69,35,2,1
35,69,36,2,1
36,69,37,2,1
37,69,47,3,0
38,69,48,3,0
39,69,49,3,0
40,69,49,3,2
41,69,51,3,0
42,69,52,3,0
43,69,42,1,2
44,69,45,2,1
45,69,46,2,1
46,69,47,2,1
47,69,57,3,0
48,69,58,3,0
49,69,59,3,0
50,69,59,3,2
51,69,61,3,0
52,69,62,3,0
53,69,52,1,2
54,69,55,2,1
55,69,56,2,1
56,69,57,2,1
57,69,67,3,0
58,69,68,3,0
59,69,69,3,0
60,69,69,3,2
61,69,60,1,1
62,69,61,1,2
63,69,62,1,2
64,69,65,2,1
65,69,66,2,1
66,69,67,2,1
67,69,68,2,1
68,69,69,2,1
70,69,79,3,2
71,69,61,0,3
72,69,62,0,3
73,69,72,1,2
74,69,75,2,1
75,69,76,2,1
76,69,77,2,1
77,69,67,0,3
78,69,68,0,3
79,69,69,0,3
80,69,89,3,2
81,69,71,0,3
82,69,72,0,3
83,69,82,1,2
84,69,85,2,1
85,69,86,2,1
86,69,87,2,1
87,69,77,0,3
88,69,78,0,3
89,69,79,0,3
90,69,99,3,2
91,69,81,0,3
92,69,82,0,3
93,69,92,1,2
94,69,95,2,1
95,69,96,2,1
96,69,97,2,1
97,69,87,0,3
98,69,88,0,3
99,69,89,0,3
100,69,61,0,4
101,69,41,0,4
102,69,24,0,4
103,69,29,0,4
104,69,-1,-1,-1
105,69,-1,-1,-1
106,69,51,0,4
107,69,61,0,4
108,69,-1,-1,-1
109,69,73,0,4
110,69,50,0,4
111,69,41,0,4
112,69,56,0,4
113,69,50,0,4
114,69,3,0,4
115,69,-1,-1,-1
116,69,-1,-1,-1
117,69,-1,-1,-1
118,69,66,0,4
119,69,-1,-1,-1
0,70,90,3,2
1,70,91,3,3
2,70,92,3,3
3,70,2,0,1
4,70,3,0,1
5,70,6,1,0
6,70,7,1,0
7,70,97,3,3
8,70,98,3,3
9,70,99,3,3
10,70,0,0,1
11,70,1,0,2
12,70,2,0,2
13,70,12,1,2
14,70,13,1,2
15,70,16,2,1
16,70,17,2,1
17,70,7,0,2
18,70,8,0,2
19,70,9,0,2
20,70,10,0,2
21,70,11,0,3
22,70,12,0,3
23,70,22,1,2
24,70,23,1,2
25,70,24,1,2
26,70,27,2,1
27,70,17,0,3
28,70,18,0,3
29,70,19,0,3
30,70,40,2,0
31,70,41,3,0
32,70,42,3,0
33,70,32,1,2
34,70,33,1,2
35,70,36,2,1
36,70,37,2,1
37,70,47,3,0
38,70,48,3,0
39,70,49,3,0
40,70,50,2,0
41,70,51,3,0
42,70,52,3,0
43,70,42,1,2
44,70,43,1,2
45,70,46,2,1
46,70,47,2,1
47,70,57,3,0
48,70,58,3,0
49,70,59,3,0
50,70,60,2,0
51,70,61,3,0
52,70,62,3,0
53,70,52,1,2
54,70,53,1,2
55,70,56,2,1
56,70,57,2,1
57,70,67,3,0
58,70,68,3,0
59,70,69,3,0
60,70,70,2,0
61,70,71,3,0
62,70,72,3,0
63,70,62,1,2
64,70,63,1,2
65,70,66,2,1
66,70,67,2,1
67,70,77,3,0
68,70,78,3,0
69,70,79,3,0
71,70,70,1,1
72,70,71,1,2
73,70,72,1,2
74,70,73,1,2
75,70,76,2,1
76,70,77,2,1
77,70,78,2,1
78,70,79,2,1
79,70,70,2,3
80,70,70,0,2
81,70,71,0,3
82,70,72,0,3
83,70,82,1,2
84,70,83,1,2
85,70,86,2,1
86,70,87,2,1
87,70,77,0,3
88,70,78,0,3
89,70,79,0,3
90,70,80,0,2
91,70,81,0,3
92,70,82,0,3
93,70,92,1,2
94,70,93,1,2
95,70,96,2,1
96,70,97,2,1
97,70,87,0,3
98,70,88,0,3
99,70,89,0,3
100,70,61,0,4
101,70,41,0,4
102,70,24,0,4
103,70,29,0,4
104,70,-1,-1,-1
105,70,-1,-1,-1
106,70,51,0,4
107,70,61,0,4
108,70,-1,-1,-1
109,70,73,0,4
110,70,50,0,4
111,70,41,0,4
112,70,56,0,4
113,70,50,0,4
114,70,3,0,4
115,70,-1,-1,-1
116,70,-1,-1,-1
117,70,-1,-1,-1
118,70,66,0,4
119,70,-1,-1,-1
0,71,1,0,0
1,71,91,3,3
2,71,92,3,3
3,71,2,0,1
4,71,3,0,1
5,71,4,0,1
6,71,7,1,0
7,71,97,3,3
8,71,98,3,3
9,71,0,1,2
10,71,11,1,1
11,71,1,0,2
12,71,2,0,2
13,71,12,1,2
14,71,13,1,2
15,71,14,1,2
16,71,15,1,2
17,71,7,0,2
18,71,8,0,2
19,71,10,2,3
20,71,21,1,1
21,71,11,0,3
22,71,12,0,3
23,71,22,1,2
24,71,23,1,2
25,71,24,1,2
26,71,25,1,2
27,71,17,0,3
28,71,18,0,3
29,71,20,2,3
30,71,31,1,1
31,71,41,3,0
32,71,42,3,0
33,71,32,1,2
34,71,33,1,2
35,71,34,1,2
36,71,35,1,2
37,71,47,3,0
38,71,48,3,0
39,71,30,2,3
40,71,41,1,1
41,71,51,3,0
42,71,52,3,0
43,71,42,1,2
44,71,43,1,2
45,71,44,1,2
46,71,47,2,1
47,71,57,3,0
48,71,58,3,0
49,71,40,2,3
50,71,51,1,1
51,71,61,3,0
52,71,62,3,0
53,71,52,1,2
54,71,53,1,2
55,71,54,1,2
56,71,57,2,1
57,71,67,3,0
58,71,68,3,0
59,71,50,2,3
60,71,61,1,1
61,71,71,3,0
62,71,72,3,0
63,71,62,1,2
64,71,63,1,2
65,71,64,1,2
66,71,67,2,1
67,71,77,3,0
68,71,78,3,0
69,71,60,2,3
70,71,71,1,1
72,71,71,1,2
73,71,72,1,2
74,71,73,1,2
75,71,74,1,2
76,71,77,2,1
77,71,78,2,1
78,71,79,2,1
79,71,70,2,3
80,71,81,1,1
81,71,71,0,3
82,71,72,0,3
83,71,82,1,2
84,71,83,1,2
85,71,84,1,2
86,71,87,2,1
87,71,77,0,3
88,71,78,0,3
89,71,80,2,3
90,71,91,1,1
91,71,81,0,3
92,71,82,0,3
93,71,92,1,2
94,71,93,1,2
95,71,94,1,2
96,71,97,2,1
97,71,87,0,3
98,71,88,0,3
99,71,90,2,3
100,71,61,0,4
101,71,41,0,4
102,71,24,0,4
103,71,29,0,4
104,71,-1,-1,-1
105,71,-1,-1,-1
106,71,51,0,4
107,71,61,0,4
108,71,-1,-1,-1
109,71,73,0,4
110,71,50,0,4
111,71,41,0,4
112,71,56,0,4
113,71,50,0,4
114,71,3,0,4
115,71,-1,-1,-1
116,71,-1,-1,-1
117,71,-1,-1,-1
118,71,29,0,4
119,71,-1,-1,-1
0,72,1,0,0
1,72,2,1,0
2,72,92,3,3
3,72,2,0,1
4,72,3,0,1
5,72,4,0,1
6,72,5,0,1
7,72,8,1,0
8,72,9,1,0
9,72,0,1,2
10,72,11,1,1
11,72,12,2,1
12,72,2,0,2
13,72,12,1,2
14,72,13,1,2
15,72,14,1,2
16,72,15,1,2
17,72,7,0,2
18,72,19,2,1
19,72,10,2,3
20,72,21,1,1
21,72,22,2,1
22,72,12,0,3
23,72,22,1,2
24,72,23,1,2
25,72,24,1,2
26,72,25,1,2
27,72,28,2,1
28,72,29,2,1
29,72,20,2,3
30,72,31,1,1
31,72,32,2,1
32,72,42,3,0
33,72,32,1,2
34,72,33,1,2
35,72,34,1,2
36,72,35,1,2
37,72,36,1,2
38,72,39,2,1
39,72,30,2,3
40,72,41,1,1
41,72,42,2,1
42,72,52,3,0
43,72,42,1,2
44,72,43,1,2
45,72,44,1,2
46,72,45,1,2
47,72,48,2,1
48,72,49,2,1
49,72,40,2,3
50,72,51,1,1
51,72,52,2,1
52,72,62,3,0
53,72,52,1,2
54,72,53,1,2
55,72,54,1,2
56,72,55,1,2
57,72,56,1,2
58,72,59,2,1
59,72,50,2,3
60,72,61,1,1
61,72,62,2,1
62,72,72,3,0
63,72,62,1,2
64,72,63,1,2
65,72,64,1,2
66,72,65,1,2
67,72,68,2,1
68,72,69,2,1
69,72,60,2,3
70,72,71,1,1
71,72,72,2,1
73,72,72,1,2
74,72,73,1,2
75,72,74,1,2
76,72,75,1,2
77,72,76,1,2
78,72,79,2,1
79,72,70,2,3
80,72,81,1,1
81,72,82,2,1
82,72,72,0,3
83,72,82,1,2
84,72,83,1,2
85,72,84,1,2
86,72,85,1,2
87,72,88,2,1
88,72,89,2,1
89,72,80,2,3
90,72,91,1,1
91,72,92,2,1
92,72,82,0,3
93,72,92,1,2
94,72,93,1,2
95,72,94,1,2
96,72,95,1,2
97,72,87,0,3
98,72,99,2,1
99,72,90,2,3
100,72,61,0,4
101,72,41,0,4
102,72,24,0,4
103,72,29,0,4
104,72,-1,-1,-1
105,72,-1,-1,-1
106,72,51,0,4
107,72,61,0,4
108,72,-1,-1,-1
109,72,73,0,4
110,72,50,0,4
111,72,41,0,4
112,72,56,0,4
113,72,50,0,4
114,72,3,0,4
115,72,-1,-1,-1
116,72,-1,-1,-1
117,72,-1,-1,-1
118,72,66,0,4
119,72,-1,-1,-1
0,73,1,0,0
1,73,2,1,0
2,73,92,3,3
3,73,93,3,3
4,73,3,0,1
5,73,4,0,1
6,73,5,0,1
7,73,97,3,3
8,73,9,1,0
9,73,0,1,2
10,73,11,1,1
11,73,12,2,1
12,73,2,0,2
13,73,3,0,2
14,73,13,1,2
15,73,14,1,2
16,73,15,1,2
17,73,7,0,2
18,73,17,1,2
19,73,10,2,3
20,73,21,1,1
21,73,22,2,1
22,73,12,0,3
23,73,13,0,3
24,73,23,1,2
25,73,24,1,2
26,73,25,1,2
27,73,17,0,3
28,73,29,2,1
29,73,20,2,3
30,73,31,1,1
31,73,32,2,1
32,73,42,3,0
33,73,43,3,0
34,73,33,1,2
35,73,34,1,2
36,73,35,1,2
37,73,47,3,0
38,73,37,1,2
39,73,30,2,3
40,73,41,1,1
41,73,42,2,1
42,73,52,3,0
43,73,53,3,0
44,73,43,1,2
45,73,44,1,2
46,73,45,1,2
47,73,57,3,0
48,73,47,1,2
49,73,40,2,3
50,73,51,1,1
51,73,52,2,1
52,73,62,3,0
53,73,63,3,0
54,73,53,1,2
55,73,54,1,2
56,73,55,1,2
57,73,67,3,0
58,73,57,1,2
59,73,50,2,3
60,73,61,1,1
61,73,62,2,1
62,73,72,3,0
63,73,73,3,0
64,73,63,1,2
65,73,64,1,2
66,73,65,1,2
67,73,77,3,0
68,73,67,1,2
69,73,60,2,3
70,73,71,1,1
71,73,72,2,1
72,73,73,2,1
74,73,73,1,2
75,73,74,1,2
76,73,75,1,2
77,73,76,1,2
78,73,77,1,2
79,73,70,2,3
80,73,81,1,1
81,73,82,2,1
82,73,72,0,3
83,73,73,0,3
84,73,83,1,2
85,73,84,1,2
86,73,85,1,2
87,73,77,0,3
88,73,87,1,2
89,73,80,2,3
90,73,91,1,1
91,73,92,2,1
92,73,82,0,3
93,73,83,0,3
94,73,93,1,2
95,73,94,1,2
96,73,95,1,2
97,73,87,0,3
98,73,97,1,2
99,73,90,2,3
100,73,61,0,4
101,73,13,0,4
102,73,24,0,4
103,73,29,0,4
104,73,-1,-1,-1
105,73,-1,-1,-1
106,73,51,0,4
107,73,61,0,4
108,73,-1,-1,-1
109,73,73,0,4
110,73,50,0,4
111,73,4,0,4
112,73,56,0,4
113,73,50,0,4
114,73,3,0,4
115,73,-1,-1,-1
116,73,-1,-1,-1
117,73,-1,-1,-1
118,73,66,0,4
119,73,-1,-1,-1
0,74,1,0,0
1,74,2,1,0
2,74,92,3,3
3,74,93,3,3
4,74,94,3,3
5,74,4,0,1
6,74,96,3,3
7,74,97,3,3
8,74,7,0,1
9,74,8,0,1
10,74,11,1,1
11,74,12,2,1
12,74,2,0,2
13,74,3,0,2
14,74,4,0,2
15,74,14,1,2
16,74,6,0,2
17,74,7,0,2
18,74,17,1,2
19,74,18,1,2
20,74,21,1,1
21,74,22,2,1
22,74,12,0,3
23,74,13,0,3
24,74,14,0,3
25,74,24,1,2
26,74,16,0,3
27,74,17,0,3
28,74,27,1,2
29,74,28,1,2
30,74,31,1,1
31,74,32,2,1
32,74,42,3,0
33,74,43,3,0
34,74,44,3,0
35,74,34,1,2
36,74,46,3,0
37,74,47,3,0
38,74,37,1,2
39,74,38,1,2
40,74,41,1,1
41,74,42,2,1
42,74,52,3,0
43,74,53,3,0
44,74,54,3,0
45,74,44,1,2
46,74,56,3,0
47,74,57,3,0
48,74,47,1,2
49,74,48,1,2
50,74,51,1,1
51,74,52,2,1
52,74,62,3,0
53,74,63,3,0
54,74,64,3,0
55,74,54,1,2
56,74,66,3,0
57,74,67,3,0
58,74,57,1,2
59,74,58,1,2
60,74,61,1,1
61,74,62,2,1
62,74,72,3,0
63,74,73,3,0
64,74,74,3,0
65,74,64,1,2
66,74,76,3,0
67,74,77,3,0
68,74,67,1,2
69,74,68,1,2
70,74,71,1,1
71,74,72,2,1
72,74,73,2,1
73,74,74,2,1
75,74,74,1,2
76,74,75,1,2
77,74,76,1,2
78,74,77,1,2
79,74,78,1,2
80,74,81,1,1
81,74,82,2,1
82,74,72,0,3
83,74,73,0,3
84,74,74,0,3
85,74,84,1,2
86,74,76,0,3
87,74,77,0,3
88,74,87,1,2
89,74,88,1,2
90,74,91,1,1
91,74,92,2,1
92,74,82,0,3
93,74,83,0,3
94,74,84,0,3
95,74,94,1,2
96,74,86,0,3
97,74,87,0,3
98,74,97,1,2
99,74,98,1,2
100,74,61,0,4
101,74,13,0,4
102,74,24,0,4
103,74,29,0,4
104,74,-1,-1,-1
105,74,-1,-1,-1
106,74,51,0,4
107,74,61,0,4
108,74,-1,-1,-1
109,74,73,0,4
110,74,50,0,4
111,74,4,0,4
112,74,56,0,4
113,74,50,0,4
114,74,3,0,4
115,74,-1,-1,-1
116,74,-1,-1,-1
117,74,-1,-1,-1
118,74,66,0,4
119,74,-1,-1,-1
0,75,9,2,1
1,75,2,1,0
2,75,92,3,3
3,75,93,3,3
4,75,94,3,3
5,75,95,3,3
6,75,96,3,3
7,75,97,3,3
8,75,7,0,1
9,75,8,0,1
10,75,19,3,2
11,75,12,2,1
12,75,2,0,2
13,75,3,0,2
14,75,4,0,2
15,75,5,0,2
16,75,6,0,2
17,75,7,0,2
18,75,17,1,2
19,75,18,1,2
20,75,29,3,2
21,75,22,2,1
22,75,12,0,3
23,75,13,0,3
24,75,14,0,3
25,75,15,0,3
26,75,16,0,3
27,75,17,0,3
28,75,27,1,2
29,75,28,1,2
30,75,39,3,2
31,75,32,2,1
32,75,42,3,0
33,75,43,3,0
34,75,44,3,0
35,75,45,3,0
36,75,46,3,0
37,75,47,3,0
38,75,37,1,2
39,75,38,1,2
40,75,49,3,2
41,75,42,2,1
42,75,52,3,0
43,75,53,3,0
44,75,54,3,0
45,75,55,3,0
46,75,56,3,0
47,75,57,3,0
48,75,47,1,2
49,75,48,1,2
50,75,59,3,2
51,75,52,2,1
52,75,62,3,0
53,75,63,3,0
54,75,64,3,0
55,75,65,3,0
56,75,66,3,0
57,75,67,3,0
58,75,57,1,2
59,75,58,1,2
60,75,69,3,2
61,75,62,2,1
62,75,72,3,0
63,75,73,3,0
64,75,74,3,0
65,75,75,3,0
66,75,76,3,0
67,75,77,3,0
68,75,67,1,2
69,75,68,1,2
70,75,79,3,2
71,75,72,2,1
72,75,73,2,1
73,75,74,2,1
74,75,75,2,1
76,75,75,1,2
77,75,76,1,2
78,75,77,1,2
79,75,78,1,2
80,75,89,3,2
81,75,82,2,1
82,75,72,0,3
83,75,73,0,3
84,75,74,0,3
85,75,75,0,3
86,75,76,0,3
87,75,77,0,3
88,75,87,1,2
89,75,88,1,2
90,75,99,3,2
91,75,92,2,1
92,75,82,0,3
93,75,83,0,3
94,75,84,0,3
95,75,85,0,3
96,75,86,0,3
97,75,87,0,3
98,75,97,1,2
99,75,98,1,2
100,75,61,0,4
101,75,13,0,4
102,75,24,0,4
103,75,29,0,4
104,75,-1,-1,-1
105,75,-1,-1,-1
106,75,51,0,4
107,75,61,0,4
108,75,-1,-1,-1
109,75,73,0,4
110,75,50,0,4
111,75,4,0,4
112,75,56,0,4
113,75,50,0,4
114,75,3,0,4
115,75,-1,-1,-1
116,75,-1,-1,-1
117,75,-1,-1,-1
118,75,66,0,4
119,75,-1,-1,-1
0,76,9,2,1
1,76,0,0,0
2,76,92,3,3
3,76,93,3,3
4,76,5,1,0
5,76,6,1,0
6,76,96,3,3
7,76,97,3,3
8,76,7,0,1
9,76,8,0,1
10,76,19,3,2
11,76,12,2,1
12,76,2,0,2
13,76,3,0,2
14,76,15,2,1
15,76,16,2,1
16,76,6,0,2
17,76,7,0,2
18,76,17,1,2
19,76,18,1,2
20,76,29,3,2
21,76,22,2,1
22,76,12,0,3
23,76,13,0,3
24,76,25,2,1
25,76,26,2,1
26,76,16,0,3
27,76,17,0,3
28,76,27,1,2
29,76,28,1,2
30,76,39,3,2
31,76,32,2,1
32,76,42,3,0
33,76,43,3,0
34,76,35,2,1
35,76,36,2,1
36,76,46,3,0
37,76,47,3,0
38,76,37,1,2
39,76,38,1,2
40,76,49,3,2
41,76,40,1,1
42,76,52,3,0
43,76,53,3,0
44,76,45,2,1
45,76,46,2,1
46,76,56,3,0
47,76,57,3,0
48,76,47,1,2
49,76,48,1,2
50,76,59,3,2
51,76,50,1,1
52,76,62,3,0
53,76,63,3,0
54,76,55,2,1
55,76,56,2,1
56,76,66,3,0
57,76,67,3,0
58,76,57,1,2
59,76,58,1,2
60,76,69,3,2
61,76,60,1,1
62,76,72,3,0
63,76,73,3,0
64,76,65,2,1
65,76,66,2,1
66,76,76,3,0
67,76,77,3,0
68,76,67,1,2
69,76,68,1,2
70,76,79,3,2
71,76,70,1,1
72,76,73,2,1
73,76,74,2,1
74,76,75,2,1
75,76,76,2,1
77,76,76,1,2
78,76,77,1,2
79,76,78,1,2
80,76,89,3,2
81,76,80,1,1
82,76,72,0,3
83,76,73,0,3
84,76,85,2,1
85,76,86,2,1
86,76,76,0,3
87,76,77,0,3
88,76,87,1,2
89,76,88,1,2
90,76,99,3,2
91,76,90,1,1
92,76,82,0,3
93,76,83,0,3
94,76,95,2,1
95,76,96,2,1
96,76,86,0,3
97,76,87,0,3
98,76,97,1,2
99,76,98,1,2
100,76,61,0,4
101,76,13,0,4
102,76,24,0,4
103,76,29,0,4
104,76,-1,-1,-1
105,76,-1,-1,-1
106,76,51,0,4
107,76,61,0,4
108,76,-1,-1,-1
109,76,73,0,4
110,76,50,0,4
111,76,4,0,4
112,76,56,0,4
113,76,50,0,4
114,76,3,0,4
115,76,-1,-1,-1
116,76,-1,-1,-1
117,76,-1,-1,-1
118,76,66,0,4
119,76,-1,-1,-1
0,77,9,2,1
1,77,0,0,0
2,77,92,3,3
3,77,4,1,0
4,77,5,1,0
5,77,6,1,0
6,77,7,1,0
7,77,97,3,3
8,77,7,0,1
9,77,8,0,1
10,77,19,3,2
11,77,10,1,1
12,77,2,0,2
13,77,14,2,1
14,77,15,2,1
15,77,16,2,1
16,77,17,2,1
17,77,7,0,2
18,77,17,1,2
19,77,18,1,2
20,77,29,3,2
21,77,20,1,1
22,77,12,0,3
23,77,24,2,1
24,77,25,2,1
25,77,26,2,1
26,77,27,2,1
27,77,17,0,3
28,77,27,1,2
29,77,28,1,2
30,77,39,3,2
31,77,30,1,1
32,77,42,3,0
33,77,34,2,1
34,77,35,2,1
35,77,36,2,1
36,77,37,2,1
37,77,47,3,0
38,77,37,1,2
39,77,38,1,2
40,77,49,3,2
41,77,40,1,1
42,77,52,3,0
43,77,44,2,1
44,77,45,2,1
45,77,46,2,1
46,77,47,2,1
47,77,57,3,0
48,77,47,1,2
49,77,48,1,2
50,77,59,3,2
51,77,50,1,1
52,77,62,3,0
53,77,54,2,1
54,77,55,2,1
55,77,56,2,1
56,77,57,2,1
57,77,67,3,0
58,77,57,1,2
59,77,58,1,2
60,77,69,3,2
61,77,60,1,1
62,77,61,1,2
63,77,64,2,1
64,77,65,2,1
65,77,66,2,1
66,77,67,2,1
67,77,77,3,0
68,77,67,1,2
69,77,68,1,2
70,77,79,3,2
71,77,70,1,1
72,77,73,2,1
73,77,74,2,1
74,77,75,2,1
75,77,76,2,1
76,77,77,2,1
78,77,77,1,2
79,77,78,1,2
80,77,89,3,2
81,77,80,1,1
82,77,72,0,3
83,77,84,2,1
84,77,85,2,1
85,77,86,2,1
86,77,87,2,1
87,77,77,0,3
88,77,87,1,2
89,77,88,1,2
90,77,99,3,2
91,77,90,1,1
92,77,82,0,3
93,77,94,2,1
94,77,95,2,1
95,77,96,2,1
96,77,97,2,1
97,77,87,0,3
98,77,97,1,2
99,77,98,1,2
100,77,61,0,4
101,77,41,0,4
102,77,24,0,4
103,77,29,0,4
104,77,-1,-1,-1
105,77,-1,-1,-1
106,77,51,0,4
107,77,61,0,4
108,77,-1,-1,-1
109,77,73,0,4
110,77,50,0,4
111,77,4,0,4
112,77,56,0,4
113,77,50,0,4
114,77,3,0,4
115,77,-1,-1,-1
116,77,-1,-1,-1
117,77,-1,-1,-1
118,77,66,0,4
119,77,-1,-1,-1
0,78,9,2,1
1,78,0,0,0
2,78,92,3,3
3,78,2,0,1
4,78,5,1,0
5,78,6,1,0
6,78,7,1,0
7,78,97,3,3
8,78,98,3,3
9,78,8,0,1
10,78,19,3,2
11,78,10,1,1
12,78,2,0,2
13,78,14,2,1
14,78,15,2,1
15,78,16,2,1
16,78,17,2,1
17,78,7,0,2
18,78,8,0,2
19,78,18,1,2
20,78,29,3,2
21,78,20,1,1
22,78,12,0,3
23,78,22,1,2
24,78,25,2,1
25,78,26,2,1
26,78,27,2,1
27,78,17,0,3
28,78,18,0,3
29,78,28,1,2
30,78,39,3,2
31,78,30,1,1
32,78,42,3,0
33,78,34,2,1
34,78,35,2,1
35,78,36,2,1
36,78,37,2,1
37,78,47,3,0
38,78,48,3,0
39,78,38,1,2
40,78,49,3,2
41,78,40,1,1
42,78,52,3,0
43,78,44,2,1
44,78,45,2,1
45,78,46,2,1
46,78,47,2,1
47,78,57,3,0
48,78,58,3,0
49,78,48,1,2
50,78,59,3,2
51,78,50,1,1
52,78,62,3,0
53,78,54,2,1
54,78,55,2,1
55,78,56,2,1
56,78,57,2,1
57,78,67,3,0
58,78,68,3,0
59,78,58,1,2
60,78,69,3,2
61,78,60,1,1
62,78,72,3,0
63,78,64,2,1
64,78,65,2,1
65,78,66,2,1
66,78,67,2,1
67,78,77,3,0
68,78,78,3,0
69,78,68,1,2
70,78,79,3,2
71,78,70,1,1
72,78,71,1,2
73,78,74,2,1
74,78,75,2,1
75,78,76,2,1
76,78,77,2,1
77,78,78,2,1
79,78,78,1,2
80,78,89,3,2
81,78,80,1,1
82,78,72,0,3
83,78,84,2,1
84,78,85,2,1
85,78,86,2,1
86,78,87,2,1
87,78,77,0,3
88,78,78,0,3
89,78,88,1,2
90,78,99,3,2
91,78,90,1,1
92,78,82,0,3
93,78,94,2,1
94,78,95,2,1
95,78,96,2,1
96,78,97,2,1
97,78,87,0,3
98,78,88,0,3
99,78,98,1,2
100,78,61,0,4
101,78,41,0,4
102,78,24,0,4
103,78,29,0,4
104,78,-1,-1,-1
105,78,-1,-1,-1
106,78,51,0,4
107,78,61,0,4
108,78,-1,-1,-1
109,78,73,0,4
110,78,50,0,4
111,78,4,0,4
112,78,56,0,4
113,78,50,0,4
114,78,3,0,4
115,78,-1,-1,-1
116,78,-1,-1,-1
117,78,-1,-1,-1
118,78,66,0,4
119,78,-1,-1,-1
0,79,9,2,1
1,79,91,3,3
2,79,92,3,3
3,79,2,0,1
4,79,5,1,0
5,79,6,1,0
6,79,7,1,0
7,79,97,3,3
8,79,98,3,3
9,79,99,3,3
10,79,19,3,2
11,79,1,0,2
12,79,2,0,2
13,79,12,1,2
14,79,15,2,1
15,79,16,2,1
16,79,17,2,1
17,79,7,0,2
18,79,8,0,2
19,79,9,0,2
20,79,29,3,2
21,79,11,0,3
22,79,12,0,3
23,79,22,1,2
24,79,23,1,2
25,79,26,2,1
26,79,27,2,1
27,79,17,0,3
28,79,18,0,3
29,79,19,0,3
30,79,39,3,2
31,79,41,3,0
32,79,42,3,0
33,79,32,1,2
34,79,35,2,1
35,79,36,2,1
36,79,37,2,1
37,79,47,3,0
38,79,48,3,0
39,79,49,3,0
40,79,49,3,2
41,79,51,3,0
42,79,52,3,0
43,79,42,1,2
44,79,45,2,1
45,79,46,2,1
46,79,47,2,1
47,79,57,3,0
48,79,58,3,0
49,79,59,3,0
50,79,59,3,2
51,79,61,3,0
52,79,62,3,0
53,79,52,1,2
54,79,55,2,1
55,79,56,2,1
56,79,57,2,1
57,79,67,3,0
58,79,68,3,0
59,79,69,3,0
60,79,69,3,2
61,79,71,3,0
62,79,72,3,0
63,79,62,1,2
64,79,65,2,1
65,79,66,2,1
66,79,67,2,1
67,79,77,3,0
68,79,78,3,0
69,79,79,3,0
70,79,79,3,2
71,79,70,1,1
72,79,71,1,2
73,79,72,1,2
74,79,75,2,1
75,79,76,2,1
76,79,77,2,1
77,79,78,2,1
78,79,79,2,1
80,79,89,3,2
81,79,71,0,3
82,79,72,0,3
83,79,82,1,2
84,79,85,2,1
85,79,86,2,1
86,79,87,2,1
87,79,77,0,3
88,79,78,0,3
89,79,79,0,3
90,79,99,3,2
91,79,81,0,3
92,79,82,0,3
93,79,92,1,2
94,79,95,2,1
95,79,96,2,1
96,79,97,2,1
97,79,87,0,3
98,79,88,0,3
99,79,89,0,3
100,79,61,0,4
101,79,41,0,4
102,79,24,0,4
103,79,29,0,4
104,79,-1,-1,-1
105,79,-1,-1,-1
106,79,51,0,4
107,79,61,0,4
108,79,-1,-1,-1
109,79,73,0,4
110,79,50,0,4
111,79,41,0,4
112,79,56,0,4
113,79,50,0,4
114,79,3,0,4
115,79,-1,-1,-1
116,79,-1,-1,-1
117,79,-1,-1,-1
118,79,66,0,4
119,79,-1,-1,-1
0,90,90,3,2
1,90,91,3,3
2,90,92,3,3
3,90,2,0,1
4,90,3,0,1
5,90,6,1,0
6,90,7,1,0
7,90,97,3,3
8,90,98,3,3
9,90,99,3,3
10,90,0,0,1
11,90,1,0,2
12,90,2,0,2
13,90,12,1,2
14,90,13,1,2
15,90,16,2,1
16,90,17,2,1
17,90,7,0,2
18,90,8,0,2
19,90,9,0,2
20,90,10,0,2
21,90,11,0,3
22,90,12,0,3
23,90,22,1,2
24,90,23,1,2
25,90,26,2,1
26,90,27,2,1
27,90,17,0,3
28,90,18,0,3
29,90,19,0,3
30,90,20,0,2
31,90,21,0,3
32,90,22,0,3
33,90,32,1,2
34,90,33,1,2
35,90,36,2,1
36,90,37,2,1
37,90,27,0,3
38,90,28,0,3
39,90,29,0,3
40,90,30,0,2
41,90,31,0,3
42,90,32,0,3
43,90,42,1,2
44,90,43,1,2
45,90,44,1,2
46,90,47,2,1
47,90,37,0,3
48,90,38,0,3
49,90,39,0,3
50,90,60,2,0
51,90,61,3,0
52,90,62,3,0
53,90,52,1,2
54,90,53,1,2
55,90,56,2,1
56,90,57,2,1
57,90,67,3,0
58,90,68,3,0
59,90,69,3,0
60,90,70,2,0
61,90,71,3,0
62,90,72,3,0
63,90,62,1,2
64,90,63,1,2
65,90,66,2,1
66,90,67,2,1
67,90,77,3,0
68,90,78,3,0
69,90,79,3,0
70,90,80,2,0
71,90,81,3,0
72,90,82,3,0
73,90,72,1,2
74,90,73,1,2
75,90,76,2,1
76,90,77,2,1
77,90,87,3,0
78,90,88,3,0
79,90,89,3,0
80,90,90,2,0
81,90,91,3,0
82,90,92,3,0
83,90,82,1,2
84,90,83,1,2
85,90,86,2,1
86,90,87,2,1
87,90,97,3,0
88,90,98,3,0
89,90,99,3,0
91,90,90,1,1
92,90,91,1,2
93,90,92,1,2
94,90,93,1,2
95,90,96,2,1
96,90,97,2,1
97,90,98,2,1
98,90,99,2,1
99,90,90,2,3
100,90,61,0,4
101,90,13,0,4
102,90,24,0,4
103,90,29,0,4
104,90,-1,-1,-1
105,90,-1,-1,-1
106,90,51,0,4
107,90,61,0,4
108,90,-1,-1,-1
109,90,73,0,4
110,90,50,0,4
111,90,4,0,4
112,90,56,0,4
113,90,50,0,4
114,90,3,0,4
115,90,-1,-1,-1
116,90,-1,-1,-1
117,90,-1,-1,-1
118,90,29,0,4
119,90,-1,-1,-1
0,91,1,0,0
1,91,91,3,3
2,91,92,3,3
3,91,2,0,1
4,91,3,0,1
5,91,4,0,1
6,91,7,1,0
7,91,97,3,3
8,91,98,3,3
9,91,0,1,2
10,91,11,1,1
11,91,1,0,2
12,91,2,0,2
13,91,12,1,2
14,91,13,1,2
15,91,14,1,2
16,91,17,2,1
17,91,7,0,2
18,91,8,0,2
19,91,10,2,3
20,91,21,1,1
21,91,11,0,3
22,91,12,0,3
23,91,22,1,2
24,91,23,1,2
25,91,24,1,2
26,91,27,2,1
27,91,17,0,3
28,91,18,0,3
29,91,20,2,3
30,91,31,1,1
31,91,21,0,3
32,91,22,0,3
33,91,32,1,2
34,91,33,1,2
35,91,34,1,2
36,91,35,1,2
37,91,27,0,3
38,91,28,0,3
39,91,30,2,3
40,91,41,1,1
41,91,31,0,3
42,91,32,0,3
43,91,42,1,2
44,91,43,1,2
45,91,44,1,2
46,91,45,1,2
47,91,37,0,3
48,91,38,0,3
49,91,40,2,3
50,91,51,1,1
51,91,61,3,0
52,91,62,3,0
53,91,52,1,2
54,91,53,1,2
55,91,54,1,2
56,91,55,1,2
57,91,67,3,0
58,91,68,3,0
59,91,50,2,3
60,91,61,1,1
61,91,71,3,0
62,91,72,3,0
63,91,62,1,2
64,91,63,1,2
65,91,64,1,2
66,91,67,2,1
67,91,77,3,0
68,91,78,3,0
69,91,60,2,3
70,91,71,1,1
71,91,81,3,0
72,91,82,3,0
73,91,72,1,2
74,91,73,1,2
75,91,74,1,2
76,91,77,2,1
77,91,87,3,0
78,91,88,3,0
79,91,70,2,3
80,91,81,1,1
81,91,91,3,0
82,91,92,3,0
83,91,82,1,2
84,91,83,1,2
85,91,84,1,2
86,91,87,2,1
87,91,97,3,0
88,91,98,3,0
89,91,80,2,3
90,91,91,1,1
92,91,91,1,2
93,91,92,1,2
94,91,93,1,2
95,91,94,1,2
96,91,97,2,1
97,91,98,2,1
98,91,99,2,1
99,91,90,2,3
100,91,61,0,4
101,91,13,0,4
102,91,24,0,4
103,91,29,0,4
104,91,-1,-1,-1
105,91,-1,-1,-1
106,91,51,0,4
107,91,61,0,4
108,91,-1,-1,-1
109,91,73,0,4
110,91,50,0,4
111,91,4,0,4
112,91,56,0,4
113,91,50,0,4
114,91,3,0,4
115,91,-1,-1,-1
116,91,-1,-1,-1
117,91,-1,-1,-1
118,91,29,0,4
119,91,-1,-1,-1
0,92,1,0,0
1,92,2,1,0
2,92,92,3,3
3,92,2,0,1
4,92,3,0,1
5,92,4,0,1
6,92,5,0,1
7,92,8,1,0
8,92,9,1,0
9,92,0,1,2
10,92,11,1,1
11,92,12,2,1
12,92,2,0,2
13,92,12,1,2
14,92,13,1,2
15,92,14,1,2
16,92,15,1,2
17,92,7,0,2
18,92,19,2,1
19,92,10,2,3
20,92,21,1,1
21,92,22,2,1
22,92,12,0,3
23,92,22,1,2
24,92,23,1,2
25,92,24,1,2
26,92,25,1,2
27,92,28,2,1
28,92,29,2,1
29,92,20,2,3
30,92,31,1,1
31,92,32,2,1
32,92,22,0,3
33,92,32,1,2
34,92,33,1,2
35,92,34,1,2
36,92,35,1,2
37,92,27,0,3
38,92,39,2,1
39,92,30,2,3
40,92,41,1,1
41,92,42,2,1
42,92,32,0,3
43,92,42,1,2
44,92,43,1,2
45,92,44,1,2
46,92,45,1,2
47,92,48,2,1
48,92,49,2,1
49,92,40,2,3
50,92,51,1,1
51,92,52,2,1
52,92,62,3,0
53,92,52,1,2
54,92,53,1,2
55,92,54,1,2
56,92,55,1,2
57,92,56,1,2
58,92,59,2,1
59,92,50,2,3
60,92,61,1,1
61,92,62,2,1
62,92,72,3,0
63,92,62,1,2
64,92,63,1,2
65,92,64,1,2
66,92,65,1,2
67,92,68,2,1
68,92,69,2,1
69,92,60,2,3
70,92,71,1,1
71,92,72,2,1
72,92,82,3,0
73,92,72,1,2
74,92,73,1,2
75,92,74,1,2
76,92,75,1,2
77,92,76,1,2
78,92,79,2,1
79,92,70,2,3
80,92,81,1,1
81,92,82,2,1
82,92,92,3,0
83,92,82,1,2
84,92,83,1,2
85,92,84,1,2
86,92,85,1,2
87,92,88,2,1
88,92,89,2,1
89,92,80,2,3
90,92,91,1,1
91,92,92,2,1
93,92,92,1,2
94,92,93,1,2
95,92,94,1,2
96,92,95,1,2
97,92,96,1,2
98,92,99,2,1
99,92,90,2,3
100,92,61,0,4
101,92,13,0,4
102,92,24,0,4
103,92,29,0,4
104,92,-1,-1,-1
105,92,-1,-1,-1
106,92,51,0,4
107,92,61,0,4
108,92,-1,-1,-1
109,92,73,0,4
110,92,50,0,4
111,92,4,0,4
112,92,56,0,4
113,92,50,0,4
114,92,3,0,4
115,92,-1,-1,-1
116,92,-1,-1,-1
117,92,-1,-1,-1
118,92,29,0,4
119,92,-1,-1,-1
0,93,1,0,0
1,93,2,1,0
2,93,92,3,3
3,93,93,3,3
4,93,3,0,1
5,93,4,0,1
6,93,5,0,1
7,93,97,3,3
8,93,7,0,1
9,93,0,1,2
10,93,11,1,1
11,93,12,2,1
12,93,2,0,2
13,93,3,0,2
14,93,13,1,2
15,93,14,1,2
16,93,15,1,2
17,93,7,0,2
18,93,17,1,2
19,93,10,2,3
20,93,21,1,1
21,93,22,2,1
22,93,12,0,3
23,93,13,0,3
24,93,23,1,2
25,93,24,1,2
26,93,25,1,2
27,93,17,0,3
28,93,29,2,1
29,93,20,2,3
30,93,31,1,1
31,93,32,2,1
32,93,22,0,3
33,93,23,0,3
34,93,33,1,2
35,93,34,1,2
36,93,35,1,2
37,93,27,0,3
38,93,37,1,2
39,93,30,2,3
40,93,41,1,1
41,93,42,2,1
42,93,32,0,3
43,93,33,0,3
44,93,43,1,2
45,93,44,1,2
46,93,45,1,2
47,93,37,0,3
48,93,49,2,1
49,93,40,2,3
50,93,51,1,1
51,93,52,2,1
52,93,62,3,0
53,93,63,3,0
54,93,53,1,2
55,93,54,1,2
56,93,55,1,2
57,93,67,3,0
58,93,57,1,2
59,93,50,2,3
60,93,61,1,1
61,93,62,2,1
62,93,72,3,0
63,93,73,3,0
64,93,63,1,2
65,93,64,1,2
66,93,65,1,2
67,93,77,3,0
68,93,67,1,2
69,93,60,2,3
70,93,71,1,1
71,93,72,2,1
72,93,82,3,0
73,93,83,3,0
74,93,73,1,2
75,93,74,1,2
76,93,75,1,2
77,93,87,3,0
78,93,77,1,2
79,93,70,2,3
80,93,81,1,1
81,93,82,2,1
82,93,92,3,0
83,93,93,3,0
84,93,83,1,2
85,93,84,1,2
86,93,85,1,2
87,93,97,3,0
88,93,87,1,2
89,93,80,2,3
90,93,91,1,1
91,93,92,2,1
92,93,93,2,1
94,93,93,1,2
95,93,94,1,2
96,93,95,1,2
97,93,96,1,2
98,93,97,1,2
99,93,90,2,3
100,93,33,0,4
101,93,13,0,4
102,93,24,0,4
103,93,29,0,4
104,93,-1,-1,-1
105,93,-1,-1,-1
106,93,51,0,4
107,93,24,0,4
108,93,-1,-1,-1
109,93,73,0,4
110,93,50,0,4
111,93,4,0,4
112,93,56,0,4
113,93,50,0,4
114,93,3,0,4
115,93,-1,-1,-1
116,93,-1,-1,-1
117,93,-1,-1,-1
118,93,29,0,4
119,93,-1,-1,-1
0,94,1,0,0
1,94,2,1,0
2,94,92,3,3
3,94,93,3,3
4,94,94,3,3
5,94,4,0,1
6,94,96,3,3
7,94,97,3,3
8,94,7,0,1
9,94,8,0,1
10,94,11,1,1
11,94,12,2,1
12,94,2,0,2
13,94,3,0,2
14,94,4,0,2
15,94,14,1,2
16,94,6,0,2
17,94,7,0,2
18,94,17,1,2
19,94,18,1,2
20,94,21,1,1
21,94,22,2,1
22,94,12,0,3
23,94,13,0,3
24,94,14,0,3
25,94,24,1,2
26,94,16,0,3
27,94,17,0,3
28,94,27,1,2
29,94,28,1,2
30,94,31,1,1
31,94,32,2,1
32,94,22,0,3
33,94,23,0,3
34,94,24,0,3
35,94,34,1,2
36,94,26,0,3
37,94,27,0,3
38,94,37,1,2
39,94,38,1,2
40,94,41,1,1
41,94,42,2,1
42,94,32,0,3
43,94,33,0,3
44,94,34,0,3
45,94,44,1,2
46,94,36,0,3
47,94,37,0,3
48,94,47,1,2
49,94,48,1,2
50,94,51,1,1
51,94,52,2,1
52,94,62,3,0
53,94,63,3,0
54,94,64,3,0
55,94,54,1,2
56,94,66,3,0
57,94,67,3,0
58,94,57,1,2
59,94,58,1,2
60,94,61,1,1
61,94,62,2,1
62,94,72,3,0
63,94,73,3,0
64,94,74,3,0
65,94,64,1,2
66,94,76,3,0
67,94,77,3,0
68,94,67,1,2
69,94,68,1,2
70,94,71,1,1
71,94,72,2,1
72,94,82,3,0
73,94,83,3,0
74,94,84,3,0
75,94,74,1,2
76,94,86,3,0
77,94,87,3,0
78,94,77,1,2
79,94,78,1,2
80,94,81,1,1
81,94,82,2,1
82,94,92,3,0
83,94,93,3,0
84,94,94,3,0
85,94,84,1,2
86,94,96,3,0
87,94,97,3,0
88,94,87,1,2
89,94,88,1,2
90,94,91,1,1
91,94,92,2,1
92,94,93,2,1
93,94,94,2,1
95,94,94,1,2
96,94,95,1,2
97,94,96,1,2
98,94,97,1,2
99,94,98,1,2
100,94,33,0,4
101,94,13,0,4
102,94,24,0,4
103,94,29,0,4
104,94,-1,-1,-1
105,94,-1,-1,-1
106,94,51,0,4
107,94,24,0,4
108,94,-1,-1,-1
109,94,73,0,4
110,94,50,0,4
111,94,4,0,4
112,94,56,0,4
113,94,50,0,4
114,94,3,0,4
115,94,-1,-1,-1
116,94,-1,-1,-1
117,94,-1,-1,-1
118,94,66,0,4
119,94,-1,-1,-1
0,95,9,2,1
1,95,2,1,0
2,95,92,3,3
3,95,93,3,3
4,95,94,3,3
5,95,95,3,3
6,95,96,3,3
7,95,97,3,3
8,95,7,0,1
9,95,8,0,1
10,95,19,3,2
11,95,12,2,1
12,95,2,0,2
13,95,3,0,2
14,95,4,0,2
15,95,5,0,2
16,95,6,0,2
17,95,7,0,2
18,95,17,1,2
19,95,18,1,2
20,95,29,3,2
21,95,22,2,1
22,95,12,0,3
23,95,13,0,3
24,95,14,0,3
25,95,15,0,3
26,95,16,0,3
27,95,17,0,3
28,95,27,1,2
29,95,28,1,2
30,95,39,3,2
31,95,32,2,1
32,95,22,0,3
33,95,23,0,3
34,95,24,0,3
35,95,25,0,3
36,95,26,0,3
37,95,27,0,3
38,95,37,1,2
39,95,38,1,2
40,95,49,3,2
41,95,42,2,1
42,95,32,0,3
43,95,33,0,3
44,95,34,0,3
45,95,35,0,3
46,95,36,0,3
47,95,37,0,3
48,95,47,1,2
49,95,48,1,2
50,95,59,3,2
51,95,52,2,1
52,95,62,3,0
53,95,63,3,0
54,95,64,3,0
55,95,65,3,0
56,95,66,3,0
57,95,67,3,0
58,95,57,1,2
59,95,58,1,2
60,95,69,3,2
61,95,62,2,1
62,95,72,3,0
63,95,73,3,0
64,95,74,3,0
65,95,75,3,0
66,95,76,3,0
67,95,77,3,0
68,95,67,1,2
69,95,68,1,2
70,95,79,3,2
71,95,72,2,1
72,95,82,3,0
73,95,83,3,0
74,95,84,3,0
75,95,85,3,0
76,95,86,3,0
77,95,87,3,0
78,95,77,1,2
79,95,78,1,2
80,95,89,3,2
81,95,82,2,1
82,95,92,3,0
83,95,93,3,0
84,95,94,3,0
85,95,95,3,0
86,95,96,3,0
87,95,97,3,0
88,95,87,1,2
89,95,88,1,2
90,95,99,3,2
91,95,92,2,1
92,95,93,2,1
93,95,94,2,1
94,95,95,2,1
96,95,95,1,2
97,95,96,1,2
98,95,97,1,2
99,95,98,1,2
100,95,33,0,4
101,95,13,0,4
102,95,24,0,4
103,95,29,0,4
104,95,-1,-1,-1
105,95,-1,-1,-1
106,95,51,0,4
107,95,24,0,4
108,95,-1,-1,-1
109,95,73,0,4
110,95,50,0,4
111,95,4,0,4
112,95,56,0,4
113,95,50,0,4
114,95,3,0,4
115,95,-1,-1,-1
116,95,-1,-1,-1
117,95,-1,-1,-1
118,95,66,0,4
119,95,-1,-1,-1
0,96,9,2,1
1,96,0,0,0
2,96,92,3,3
3,96,93,3,3
4,96,5,1,0
5,96,6,1,0
6,96,96,3,3
7,96,97,3,3
8,96,7,0,1
9,96,8,0,1
10,96,19,3,2
11,96,10,1,1
12,96,2,0,2
13,96,3,0,2
14,96,15,2,1
15,96,16,2,1
16,96,6,0,2
17,96,7,0,2
18,96,17,1,2
19,96,18,1,2
20,96,29,3,2
21,96,20,1,1
22,96,12,0,3
23,96,13,0,3
24,96,25,2,1
25,96,26,2,1
26,96,16,0,3
27,96,17,0,3
28,96,27,1,2
29,96,28,1,2
30,96,39,3,2
31,96,32,2,1
32,96,22,0,3
33,96,23,0,3
34,96,35,2,1
35,96,36,2,1
36,96,26,0,3
37,96,27,0,3
38,96,37,1,2
39,96,38,1,2
40,96,49,3,2
41,96,42,2,1
42,96,32,0,3
43,96,33,0,3
44,96,45,2,1
45,96,46,2,1
46,96,36,0,3
47,96,37,0,3
48,96,47,1,2
49,96,48,1,2
50,96,59,3,2
51,96,52,2,1
52,96,62,3,0
53,96,63,3,0
54,96,55,2,1
55,96,56,2,1
56,96,66,3,0
57,96,67,3,0
58,96,57,1,2
59,96,58,1,2
60,96,69,3,2
61,96,60,1,1
62,96,72,3,0
63,96,73,3,0
64,96,65,2,1
65,96,66,2,1
66,96,76,3,0
67,96,77,3,0
68,96,67,1,2
69,96,68,1,2
70,96,79,3,2
71,96,70,1,1
72,96,82,3,0
73,96,83,3,0
74,96,75,2,1
75,96,76,2,1
76,96,86,3,0
77,96,87,3,0
78,96,77,1,2
79,96,78,1,2
80,96,89,3,2
81,96,80,1,1
82,96,92,3,0
83,96,93,3,0
84,96,85,2,1
85,96,86,2,1
86,96,96,3,0
87,96,97,3,0
88,96,87,1,2
89,96,88,1,2
90,96,99,3,2
91,96,90,1,1
92,96,93,2,1
93,96,94,2,1
94,96,95,2,1
95,96,96,2,1
97,96,96,1,2
98,96,97,1,2
99,96,98,1,2
100,96,33,0,4
101,96,13,0,4
102,96,24,0,4
103,96,29,0,4
104,96,-1,-1,-1
105,96,-1,-1,-1
106,96,51,0,4
107,96,24,0,4
108,96,-1,-1,-1
109,96,73,0,4
110,96,50,0,4
111,96,4,0,4
112,96,56,0,4
113,96,50,0,4
114,96,3,0,4
115,96,-1,-1,-1
116,96,-1,-1,-1
117,96,-1,-1,-1
118,96,66,0,4
119,96,-1,-1,-1
0,97,9,2,1
1,97,0,0,0
2,97,92,3,3
3,97,4,1,0
4,97,5,1,0
5,97,6,1,0
6,97,7,1,0
7,97,97,3,3
8,97,7,0,1
9,97,8,0,1
10,97,19,3,2
11,97,10,1,1
12,97,2,0,2
13,97,14,2,1
14,97,15,2,1
15,97,16,2,1
16,97,17,2,1
17,97,7,0,2
18,97,17,1,2
19,97,18,1,2
20,97,29,3,2
21,97,20,1,1
22,97,12,0,3
23,97,24,2,1
24,97,25,2,1
25,97,26,2,1
26,97,27,2,1
27,97,17,0,3
28,97,27,1,2
29,97,28,1,2
30,97,39,3,2
31,97,30,1,1
32,97,22,0,3
33,97,34,2,1
34,97,35,2,1
35,97,36,2,1
36,97,37,2,1
37,97,27,0,3
38,97,37,1,2
39,97,38,1,2
40,97,49,3,2
41,97,40,1,1
42,97,32,0,3
43,97,44,2,1
44,97,45,2,1
45,97,46,2,1
46,97,47,2,1
47,97,37,0,3
48,97,47,1,2
49,97,48,1,2
50,97,59,3,2
51,97,50,1,1
52,97,62,3,0
53,97,54,2,1
54,97,55,2,1
55,97,56,2,1
56,97,57,2,1
57,97,67,3,0
58,97,57,1,2
59,97,58,1,2
60,97,69,3,2
61,97,60,1,1
62,97,72,3,0
63,97,64,2,1
64,97,65,2,1
65,97,66,2,1
66,97,67,2,1
67,97,77,3,0
68,97,67,1,2
69,97,68,1,2
70,97,79,3,2
71,97,70,1,1
72,97,82,3,0
73,97,74,2,1
74,97,75,2,1
75,97,76,2,1
76,97,77,2,1
77,97,87,3,0
78,97,77,1,2
79,97,78,1,2
80,97,89,3,2
81,97,80,1,1
82,97,81,1,2
83,97,84,2,1
84,97,85,2,1
85,97,86,2,1
86,97,87,2,1
87,97,97,3,0
88,97,87,1,2
89,97,88,1,2
90,97,99,3,2
91,97,90,1,1
92,97,93,2,1
93,97,94,2,1
94,97,95,2,1
95,97,96,2,1
96,97,97,2,1
98,97,97,1,2
99,97,98,1,2
100,97,61,0,4
101,97,13,0,4
102,97,24,0,4
103,97,29,0,4
104,97,-1,-1,-1
105,97,-1,-1,-1
106,97,51,0,4
107,97,24,0,4
108,97,-1,-1,-1
109,97,73,0,4
110,97,50,0,4
111,97,4,0,4
112,97,56,0,4
113,97,50,0,4
114,97,3,0,4
115,97,-1,-1,-1
116,97,-1,-1,-1
117,97,-1,-1,-1
118,97,66,0,4
119,97,-1,-1,-1
0,98,9,2,1
1,98,0,0,0
2,98,92,3,3
3,98,4,1,0
4,98,5,1,0
5,98,6,1,0
6,98,7,1,0
7,98,97,3,3
8,98,98,3,3
9,98,8,0,1
10,98,19,3,2
11,98,10,1,1
12,98,2,0,2
13,98,14,2,1
14,98,15,2,1
15,98,16,2,1
16,98,17,2,1
17,98,7,0,2
18,98,8,0,2
19,98,18,1,2
20,98,29,3,2
21,98,20,1,1
22,98,12,0,3
23,98,22,1,2
24,98,25,2,1
25,98,26,2,1
26,98,27,2,1
27,98,17,0,3
28,98,18,0,3
29,98,28,1,2
30,98,39,3,2
31,98,30,1,1
32,98,22,0,3
33,98,34,2,1
34,98,35,2,1
35,98,36,2,1
36,98,37,2,1
37,98,27,0,3
38,98,28,0,3
39,98,38,1,2
40,98,49,3,2
41,98,40,1,1
42,98,32,0,3
43,98,42,1,2
44,98,45,2,1
45,98,46,2,1
46,98,47,2,1
47,98,37,0,3
48,98,38,0,3
49,98,48,1,2
50,98,59,3,2
51,98,50,1,1
52,98,62,3,0
53,98,54,2,1
54,98,55,2,1
55,98,56,2,1
56,98,57,2,1
57,98,67,3,0
58,98,68,3,0
59,98,58,1,2
60,98,69,3,2
61,98,60,1,1
62,98,72,3,0
63,98,64,2,1
64,98,65,2,1
65,98,66,2,1
66,98,67,2,1
67,98,77,3,0
68,98,78,3,0
69,98,68,1,2
70,98,79,3,2
71,98,70,1,1
72,98,82,3,0
73,98,74,2,1
74,98,75,2,1
75,98,76,2,1
76,98,77,2,1
77,98,87,3,0
78,98,88,3,0
79,98,78,1,2
80,98,89,3,2
81,98,80,1,1
82,98,92,3,0
83,98,84,2,1
84,98,85,2,1
85,98,86,2,1
86,98,87,2,1
87,98,97,3,0
88,98,98,3,0
89,98,88,1,2
90,98,99,3,2
91,98,90,1,1
92,98,91,1,2
93,98,94,2,1
94,98,95,2,1
95,98,96,2,1
96,98,97,2,1
97,98,98,2,1
99,98,98,1,2
100,98,61,0,4
101,98,13,0,4
102,98,24,0,4
103,98,29,0,4
104,98,-1,-1,-1
105,98,-1,-1,-1
106,98,51,0,4
107,98,24,0,4
108,98,-1,-1,-1
109,98,73,0,4
110,98,50,0,4
111,98,4,0,4
112,98,56,0,4
113,98,50,0,4
114,98,3,0,4
115,98,-1,-1,-1
116,98,-1,-1,-1
117,98,-1,-1,-1
118,98,29,0,4
119,98,-1,-1,-1
0,99,9,2,1
1,99,91,3,3
2,99,92,3,3
3,99,2,0,1
4,99,5,1,0
5,99,6,1,0
6,99,7,1,0
7,99,97,3,3
8,99,98,3,3
9,99,99,3,3
10,99,19,3,2
11,99,1,0,2
12,99,2,0,2
13,99,12,1,2
14,99,15,2,1
15,99,16,2,1
16,99,17,2,1
17,99,7,0,2
18,99,8,0,2
19,99,9,0,2
20,99,29,3,2
21,99,11,0,3
22,99,12,0,3
23,99,22,1,2
24,99,25,2,1
25,99,26,2,1
26,99,27,2,1
27,99,17,0,3
28,99,18,0,3
29,99,19,0,3
30,99,39,3,2
31,99,21,0,3
32,99,22,0,3
33,99,32,1,2
34,99,35,2,1
35,99,36,2,1
36,99,37,2,1
37,99,27,0,3
38,99,28,0,3
39,99,29,0,3
40,99,49,3,2
41,99,31,0,3
42,99,32,0,3
43,99,42,1,2
44,99,43,1,2
45,99,46,2,1
46,99,47,2,1
47,99,37,0,3
48,99,38,0,3
49,99,39,0,3
50,99,59,3,2
51,99,61,3,0
52,99,62,3,0
53,99,52,1,2
54,99,55,2,1
55,99,56,2,1
56,99,57,2,1
57,99,67,3,0
58,99,68,3,0
59,99,69,3,0
60,99,69,3,2
61,99,71,3,0
62,99,72,3,0
63,99,62,1,2
64,99,65,2,1
65,99,66,2,1
66,99,67,2,1
67,99,77,3,0
68,99,78,3,0
69,99,79,3,0
70,99,79,3,2
71,99,81,3,0
72,99,82,3,0
73,99,72,1,2
74,99,75,2,1
75,99,76,2,1
76,99,77,2,1
77,99,87,3,0
78,99,88,3,0
79,99,89,3,0
80,99,89,3,2
81,99,91,3,0
82,99,92,3,0
83,99,82,1,2
84,99,85,2,1
85,99,86,2,1
86,99,87,2,1
87,99,97,3,0
88,99,98,3,0
89,99,99,3,0
90,99,99,3,2
91,99,90,1,1
92,99,91,1,2
93,99,92,1,2
94,99,95,2,1
95,99,96,2,1
96,99,97,2,1
97,99,98,2,1
98,99,99,2,1
100,99,61,0,4
101,99,13,0,4
102,99,24,0,4
103,99,29,0,4
104,99,-1,-1,-1
105,99,-1,-1,-1
106,99,51,0,4
107,99,61,0,4
108,99,-1,-1,-1
109,99,73,0,4
110,99,50,0,4
111,99,4,0,4
112,99,56,0,4
113,99,50,0,4
114,99,3,0,4
115,99,-1,-1,-1
116,99,-1,-1,-1
117,99,-1,-1,-1
118,99,29,0,4
119,99,-1,-1,-1
